
===== cycle 2026-08-19 00:00:02 UTC (host local 2026-08-18 17:00:02) =====
DEMO GATE OK -> 1514166963 FTMO-Demo equity 99430.84
  bar-vs-tick gap 3s (diagnostic only; freshness is decided by clock_state after exits and reconciliation)
PREFLIGHT OK -- account, clock, data, state, ledgers all verified
  CLOCK FEED_FRESH: feed advancing, age in band, host within tolerance
profit -0.51%  daily headroom 5.00%  total headroom 9.49%  trading days 2

  DESK CLOCK 2026-08-19 01:00 London (broker)
  MARKET EURUSD      STRONG_TREND,AT_HTF_LEVEL,RISK_OFF
  MARKET US100.cash  TRANSITION,COMPRESSION,AT_HTF_LEVEL,RISK_OFF
  MARKET US500.cash  WEAK_TREND,COMPRESSION,AT_HTF_LEVEL,RISK_OFF
  MARKET XAUUSD      WEAK_TREND,AT_HTF_LEVEL,RISK_OFF
  BOT_A_gold_0630_breakout: no trade -- outside window: 01:00 London, opens 06:30 closes 16:00
  BOT_B_nas100_usopen_breakout: NOT ELIGIBLE -- regime TRANSITION is structurally wrong for this bot
  BOT_C_sp500_london_breakout: no trade -- outside window: 01:00 London, opens 08:00 closes 16:30
  BOT_D_gold_ny_breakout: no trade -- outside window: 01:00 London, opens 14:30 closes 20:00
  BOT_E_eurusd_london_breakout: no trade -- outside window: 01:00 London, opens 08:00 closes 17:00
  BOT_F_nas100_vwap_reversion: NOT ELIGIBLE -- regime TRANSITION is structurally wrong for this bot
  BOT_G_nas100_h4_pullback: NOT ELIGIBLE -- regime TRANSITION is structurally wrong for this bot
  BOT_H_gold_sweep_reclaim: no trade -- outside window: 01:00 London

  CIO: 0 candidate(s); 0 funded, 0.000% total risk

===== cycle 2026-08-19 00:01:01 UTC (host local 2026-08-18 17:01:01) =====
DEMO GATE OK -> 1514166963 FTMO-Demo equity 99430.84
  bar-vs-tick gap 1s (diagnostic only; freshness is decided by clock_state after exits and reconciliation)
PREFLIGHT OK -- account, clock, data, state, ledgers all verified
  CLOCK FEED_FRESH: feed advancing, age in band, host within tolerance
profit -0.51%  daily headroom 5.00%  total headroom 9.49%  trading days 2

  DESK CLOCK 2026-08-19 01:01 London (broker)
  MARKET EURUSD      STRONG_TREND,AT_HTF_LEVEL,RISK_OFF
  MARKET US100.cash  TRANSITION,COMPRESSION,AT_HTF_LEVEL,RISK_OFF
  MARKET US500.cash  WEAK_TREND,COMPRESSION,AT_HTF_LEVEL,RISK_OFF
  MARKET XAUUSD      WEAK_TREND,AT_HTF_LEVEL,RISK_OFF
  BOT_A_gold_0630_breakout: no trade -- outside window: 01:01 London, opens 06:30 closes 16:00
  BOT_B_nas100_usopen_breakout: NOT ELIGIBLE -- regime TRANSITION is structurally wrong for this bot
  BOT_C_sp500_london_breakout: no trade -- outside window: 01:01 London, opens 08:00 closes 16:30
  BOT_D_gold_ny_breakout: no trade -- outside window: 01:01 London, opens 14:30 closes 20:00
  BOT_E_eurusd_london_breakout: no trade -- outside window: 01:01 London, opens 08:00 closes 17:00
  BOT_F_nas100_vwap_reversion: NOT ELIGIBLE -- regime TRANSITION is structurally wrong for this bot
  BOT_G_nas100_h4_pullback: NOT ELIGIBLE -- regime TRANSITION is structurally wrong for this bot
  BOT_H_gold_sweep_reclaim: no trade -- outside window: 01:01 London

  CIO: 0 candidate(s); 0 funded, 0.000% total risk

===== cycle 2026-08-19 00:02:01 UTC (host local 2026-08-18 17:02:01) =====
DEMO GATE OK -> 1514166963 FTMO-Demo equity 99430.84
  bar-vs-tick gap 1s (diagnostic only; freshness is decided by clock_state after exits and reconciliation)
PREFLIGHT OK -- account, clock, data, state, ledgers all verified
  CLOCK FEED_FRESH: feed advancing, age in band, host within tolerance
profit -0.51%  daily headroom 5.00%  total headroom 9.49%  trading days 2

  DESK CLOCK 2026-08-19 01:02 London (broker)
  MARKET EURUSD      STRONG_TREND,AT_HTF_LEVEL,RISK_OFF
  MARKET US100.cash  TRANSITION,COMPRESSION,AT_HTF_LEVEL,RISK_OFF
  MARKET US500.cash  WEAK_TREND,COMPRESSION,AT_HTF_LEVEL,RISK_OFF
  MARKET XAUUSD      WEAK_TREND,AT_HTF_LEVEL,RISK_OFF
  BOT_A_gold_0630_breakout: no trade -- outside window: 01:02 London, opens 06:30 closes 16:00
  BOT_B_nas100_usopen_breakout: NOT ELIGIBLE -- regime TRANSITION is structurally wrong for this bot
  BOT_C_sp500_london_breakout: no trade -- outside window: 01:02 London, opens 08:00 closes 16:30
  BOT_D_gold_ny_breakout: no trade -- outside window: 01:02 London, opens 14:30 closes 20:00
  BOT_E_eurusd_london_breakout: no trade -- outside window: 01:02 London, opens 08:00 closes 17:00
  BOT_F_nas100_vwap_reversion: NOT ELIGIBLE -- regime TRANSITION is structurally wrong for this bot
  BOT_G_nas100_h4_pullback: NOT ELIGIBLE -- regime TRANSITION is structurally wrong for this bot
  BOT_H_gold_sweep_reclaim: no trade -- outside window: 01:02 London

  CIO: 0 candidate(s); 0 funded, 0.000% total risk

===== cycle 2026-08-19 00:03:01 UTC (host local 2026-08-18 17:03:01) =====
DEMO GATE OK -> 1514166963 FTMO-Demo equity 99430.84
  bar-vs-tick gap 2s (diagnostic only; freshness is decided by clock_state after exits and reconciliation)
PREFLIGHT OK -- account, clock, data, state, ledgers all verified
  CLOCK FEED_FRESH: feed advancing, age in band, host within tolerance
profit -0.51%  daily headroom 5.00%  total headroom 9.49%  trading days 2

  DESK CLOCK 2026-08-19 01:03 London (broker)
  MARKET EURUSD      STRONG_TREND,AT_HTF_LEVEL,RISK_OFF
  MARKET US100.cash  TRANSITION,COMPRESSION,AT_HTF_LEVEL,RISK_OFF
  MARKET US500.cash  WEAK_TREND,COMPRESSION,AT_HTF_LEVEL,RISK_OFF
  MARKET XAUUSD      WEAK_TREND,AT_HTF_LEVEL,RISK_OFF
  BOT_A_gold_0630_breakout: no trade -- outside window: 01:03 London, opens 06:30 closes 16:00
  BOT_B_nas100_usopen_breakout: NOT ELIGIBLE -- regime TRANSITION is structurally wrong for this bot
  BOT_C_sp500_london_breakout: no trade -- outside window: 01:03 London, opens 08:00 closes 16:30
  BOT_D_gold_ny_breakout: no trade -- outside window: 01:03 London, opens 14:30 closes 20:00
  BOT_E_eurusd_london_breakout: no trade -- outside window: 01:03 London, opens 08:00 closes 17:00
  BOT_F_nas100_vwap_reversion: NOT ELIGIBLE -- regime TRANSITION is structurally wrong for this bot
  BOT_G_nas100_h4_pullback: NOT ELIGIBLE -- regime TRANSITION is structurally wrong for this bot
  BOT_H_gold_sweep_reclaim: no trade -- outside window: 01:03 London

  CIO: 0 candidate(s); 0 funded, 0.000% total risk

===== cycle 2026-08-19 00:04:01 UTC (host local 2026-08-18 17:04:01) =====
DEMO GATE OK -> 1514166963 FTMO-Demo equity 99430.84
  bar-vs-tick gap 1s (diagnostic only; freshness is decided by clock_state after exits and reconciliation)
PREFLIGHT OK -- account, clock, data, state, ledgers all verified
  CLOCK FEED_FRESH: feed advancing, age in band, host within tolerance
profit -0.51%  daily headroom 5.00%  total headroom 9.49%  trading days 2

  DESK CLOCK 2026-08-19 01:04 London (broker)
  MARKET EURUSD      STRONG_TREND,AT_HTF_LEVEL,RISK_OFF
  MARKET US100.cash  TRANSITION,COMPRESSION,AT_HTF_LEVEL,RISK_OFF
  MARKET US500.cash  WEAK_TREND,COMPRESSION,AT_HTF_LEVEL,RISK_OFF
  MARKET XAUUSD      WEAK_TREND,AT_HTF_LEVEL,RISK_OFF
  BOT_A_gold_0630_breakout: no trade -- outside window: 01:04 London, opens 06:30 closes 16:00
  BOT_B_nas100_usopen_breakout: NOT ELIGIBLE -- regime TRANSITION is structurally wrong for this bot
  BOT_C_sp500_london_breakout: no trade -- outside window: 01:04 London, opens 08:00 closes 16:30
  BOT_D_gold_ny_breakout: no trade -- outside window: 01:04 London, opens 14:30 closes 20:00
  BOT_E_eurusd_london_breakout: no trade -- outside window: 01:04 London, opens 08:00 closes 17:00
  BOT_F_nas100_vwap_reversion: NOT ELIGIBLE -- regime TRANSITION is structurally wrong for this bot
  BOT_G_nas100_h4_pullback: NOT ELIGIBLE -- regime TRANSITION is structurally wrong for this bot
  BOT_H_gold_sweep_reclaim: no trade -- outside window: 01:04 London

  CIO: 0 candidate(s); 0 funded, 0.000% total risk

===== cycle 2026-08-19 00:05:01 UTC (host local 2026-08-18 17:05:01) =====
DEMO GATE OK -> 1514166963 FTMO-Demo equity 99430.84
  bar-vs-tick gap 1s (diagnostic only; freshness is decided by clock_state after exits and reconciliation)
PREFLIGHT OK -- account, clock, data, state, ledgers all verified
  CLOCK FEED_FRESH: feed advancing, age in band, host within tolerance
profit -0.51%  daily headroom 5.00%  total headroom 9.49%  trading days 2

  DESK CLOCK 2026-08-19 01:05 London (broker)
  MARKET EURUSD      STRONG_TREND,AT_HTF_LEVEL,RISK_OFF
  MARKET US100.cash  TRANSITION,COMPRESSION,AT_HTF_LEVEL,RISK_OFF
  MARKET US500.cash  WEAK_TREND,COMPRESSION,AT_HTF_LEVEL,RISK_OFF
  MARKET XAUUSD      WEAK_TREND,AT_HTF_LEVEL,RISK_OFF
  BOT_A_gold_0630_breakout: no trade -- outside window: 01:05 London, opens 06:30 closes 16:00
  BOT_B_nas100_usopen_breakout: NOT ELIGIBLE -- regime TRANSITION is structurally wrong for this bot
  BOT_C_sp500_london_breakout: no trade -- outside window: 01:05 London, opens 08:00 closes 16:30
  BOT_D_gold_ny_breakout: no trade -- outside window: 01:05 London, opens 14:30 closes 20:00
  BOT_E_eurusd_london_breakout: no trade -- outside window: 01:05 London, opens 08:00 closes 17:00
  BOT_F_nas100_vwap_reversion: NOT ELIGIBLE -- regime TRANSITION is structurally wrong for this bot
  BOT_G_nas100_h4_pullback: NOT ELIGIBLE -- regime TRANSITION is structurally wrong for this bot
  BOT_H_gold_sweep_reclaim: no trade -- outside window: 01:05 London

  CIO: 0 candidate(s); 0 funded, 0.000% total risk

===== cycle 2026-08-19 00:06:01 UTC (host local 2026-08-18 17:06:01) =====
DEMO GATE OK -> 1514166963 FTMO-Demo equity 99430.84
  bar-vs-tick gap 1s (diagnostic only; freshness is decided by clock_state after exits and reconciliation)
PREFLIGHT OK -- account, clock, data, state, ledgers all verified
  CLOCK FEED_FRESH: feed advancing, age in band, host within tolerance
profit -0.51%  daily headroom 5.00%  total headroom 9.49%  trading days 2

  DESK CLOCK 2026-08-19 01:06 London (broker)
  MARKET EURUSD      STRONG_TREND,AT_HTF_LEVEL,RISK_OFF
  MARKET US100.cash  TRANSITION,COMPRESSION,AT_HTF_LEVEL,RISK_OFF
  MARKET US500.cash  WEAK_TREND,COMPRESSION,AT_HTF_LEVEL,RISK_OFF
  MARKET XAUUSD      WEAK_TREND,AT_HTF_LEVEL,RISK_OFF
  BOT_A_gold_0630_breakout: no trade -- outside window: 01:06 London, opens 06:30 closes 16:00
  BOT_B_nas100_usopen_breakout: NOT ELIGIBLE -- regime TRANSITION is structurally wrong for this bot
  BOT_C_sp500_london_breakout: no trade -- outside window: 01:06 London, opens 08:00 closes 16:30
  BOT_D_gold_ny_breakout: no trade -- outside window: 01:06 London, opens 14:30 closes 20:00
  BOT_E_eurusd_london_breakout: no trade -- outside window: 01:06 London, opens 08:00 closes 17:00
  BOT_F_nas100_vwap_reversion: NOT ELIGIBLE -- regime TRANSITION is structurally wrong for this bot
  BOT_G_nas100_h4_pullback: NOT ELIGIBLE -- regime TRANSITION is structurally wrong for this bot
  BOT_H_gold_sweep_reclaim: no trade -- outside window: 01:06 London

  CIO: 0 candidate(s); 0 funded, 0.000% total risk

===== cycle 2026-08-19 00:07:01 UTC (host local 2026-08-18 17:07:01) =====
DEMO GATE OK -> 1514166963 FTMO-Demo equity 99430.84
  bar-vs-tick gap 1s (diagnostic only; freshness is decided by clock_state after exits and reconciliation)
PREFLIGHT OK -- account, clock, data, state, ledgers all verified
  CLOCK FEED_FRESH: feed advancing, age in band, host within tolerance
profit -0.51%  daily headroom 5.00%  total headroom 9.49%  trading days 2

  DESK CLOCK 2026-08-19 01:07 London (broker)
  MARKET EURUSD      STRONG_TREND,AT_HTF_LEVEL,RISK_OFF
  MARKET US100.cash  TRANSITION,COMPRESSION,AT_HTF_LEVEL,RISK_OFF
  MARKET US500.cash  WEAK_TREND,COMPRESSION,AT_HTF_LEVEL,RISK_OFF
  MARKET XAUUSD      WEAK_TREND,AT_HTF_LEVEL,RISK_OFF
  BOT_A_gold_0630_breakout: no trade -- outside window: 01:07 London, opens 06:30 closes 16:00
  BOT_B_nas100_usopen_breakout: NOT ELIGIBLE -- regime TRANSITION is structurally wrong for this bot
  BOT_C_sp500_london_breakout: no trade -- outside window: 01:07 London, opens 08:00 closes 16:30
  BOT_D_gold_ny_breakout: no trade -- outside window: 01:07 London, opens 14:30 closes 20:00
  BOT_E_eurusd_london_breakout: no trade -- outside window: 01:07 London, opens 08:00 closes 17:00
  BOT_F_nas100_vwap_reversion: NOT ELIGIBLE -- regime TRANSITION is structurally wrong for this bot
  BOT_G_nas100_h4_pullback: NOT ELIGIBLE -- regime TRANSITION is structurally wrong for this bot
  BOT_H_gold_sweep_reclaim: no trade -- outside window: 01:07 London

  CIO: 0 candidate(s); 0 funded, 0.000% total risk

===== cycle 2026-08-19 00:08:01 UTC (host local 2026-08-18 17:08:01) =====
DEMO GATE OK -> 1514166963 FTMO-Demo equity 99430.84
  bar-vs-tick gap 2s (diagnostic only; freshness is decided by clock_state after exits and reconciliation)
PREFLIGHT OK -- account, clock, data, state, ledgers all verified
  CLOCK FEED_FRESH: feed advancing, age in band, host within tolerance
profit -0.51%  daily headroom 5.00%  total headroom 9.49%  trading days 2

  DESK CLOCK 2026-08-19 01:08 London (broker)
  MARKET EURUSD      STRONG_TREND,AT_HTF_LEVEL,RISK_OFF
  MARKET US100.cash  TRANSITION,COMPRESSION,AT_HTF_LEVEL,RISK_OFF
  MARKET US500.cash  WEAK_TREND,COMPRESSION,AT_HTF_LEVEL,RISK_OFF
  MARKET XAUUSD      WEAK_TREND,AT_HTF_LEVEL,RISK_OFF
  BOT_A_gold_0630_breakout: no trade -- outside window: 01:08 London, opens 06:30 closes 16:00
  BOT_B_nas100_usopen_breakout: NOT ELIGIBLE -- regime TRANSITION is structurally wrong for this bot
  BOT_C_sp500_london_breakout: no trade -- outside window: 01:08 London, opens 08:00 closes 16:30
  BOT_D_gold_ny_breakout: no trade -- outside window: 01:08 London, opens 14:30 closes 20:00
  BOT_E_eurusd_london_breakout: no trade -- outside window: 01:08 London, opens 08:00 closes 17:00
  BOT_F_nas100_vwap_reversion: NOT ELIGIBLE -- regime TRANSITION is structurally wrong for this bot
  BOT_G_nas100_h4_pullback: NOT ELIGIBLE -- regime TRANSITION is structurally wrong for this bot
  BOT_H_gold_sweep_reclaim: no trade -- outside window: 01:08 London

  CIO: 0 candidate(s); 0 funded, 0.000% total risk

===== cycle 2026-08-19 00:09:01 UTC (host local 2026-08-18 17:09:01) =====
DEMO GATE OK -> 1514166963 FTMO-Demo equity 99430.84
  bar-vs-tick gap 1s (diagnostic only; freshness is decided by clock_state after exits and reconciliation)
PREFLIGHT OK -- account, clock, data, state, ledgers all verified
  CLOCK FEED_FRESH: feed advancing, age in band, host within tolerance
profit -0.51%  daily headroom 5.00%  total headroom 9.49%  trading days 2

  DESK CLOCK 2026-08-19 01:09 London (broker)
  MARKET EURUSD      STRONG_TREND,AT_HTF_LEVEL,RISK_OFF
  MARKET US100.cash  TRANSITION,COMPRESSION,AT_HTF_LEVEL,RISK_OFF
  MARKET US500.cash  WEAK_TREND,COMPRESSION,AT_HTF_LEVEL,RISK_OFF
  MARKET XAUUSD      WEAK_TREND,AT_HTF_LEVEL,RISK_OFF
  BOT_A_gold_0630_breakout: no trade -- outside window: 01:09 London, opens 06:30 closes 16:00
  BOT_B_nas100_usopen_breakout: NOT ELIGIBLE -- regime TRANSITION is structurally wrong for this bot
  BOT_C_sp500_london_breakout: no trade -- outside window: 01:09 London, opens 08:00 closes 16:30
  BOT_D_gold_ny_breakout: no trade -- outside window: 01:09 London, opens 14:30 closes 20:00
  BOT_E_eurusd_london_breakout: no trade -- outside window: 01:09 London, opens 08:00 closes 17:00
  BOT_F_nas100_vwap_reversion: NOT ELIGIBLE -- regime TRANSITION is structurally wrong for this bot
  BOT_G_nas100_h4_pullback: NOT ELIGIBLE -- regime TRANSITION is structurally wrong for this bot
  BOT_H_gold_sweep_reclaim: no trade -- outside window: 01:09 London

  CIO: 0 candidate(s); 0 funded, 0.000% total risk

===== cycle 2026-08-19 00:10:01 UTC (host local 2026-08-18 17:10:01) =====
DEMO GATE OK -> 1514166963 FTMO-Demo equity 99430.84
  bar-vs-tick gap 1s (diagnostic only; freshness is decided by clock_state after exits and reconciliation)
PREFLIGHT OK -- account, clock, data, state, ledgers all verified
  CLOCK FEED_FRESH: feed advancing, age in band, host within tolerance
profit -0.51%  daily headroom 5.00%  total headroom 9.49%  trading days 2

  DESK CLOCK 2026-08-19 01:10 London (broker)
  MARKET EURUSD      STRONG_TREND,AT_HTF_LEVEL,RISK_OFF
  MARKET US100.cash  TRANSITION,COMPRESSION,AT_HTF_LEVEL,RISK_OFF
  MARKET US500.cash  WEAK_TREND,COMPRESSION,AT_HTF_LEVEL,RISK_OFF
  MARKET XAUUSD      WEAK_TREND,AT_HTF_LEVEL,RISK_OFF
  BOT_A_gold_0630_breakout: no trade -- outside window: 01:10 London, opens 06:30 closes 16:00
  BOT_B_nas100_usopen_breakout: NOT ELIGIBLE -- regime TRANSITION is structurally wrong for this bot
  BOT_C_sp500_london_breakout: no trade -- outside window: 01:10 London, opens 08:00 closes 16:30
  BOT_D_gold_ny_breakout: no trade -- outside window: 01:10 London, opens 14:30 closes 20:00
  BOT_E_eurusd_london_breakout: no trade -- outside window: 01:10 London, opens 08:00 closes 17:00
  BOT_F_nas100_vwap_reversion: NOT ELIGIBLE -- regime TRANSITION is structurally wrong for this bot
  BOT_G_nas100_h4_pullback: NOT ELIGIBLE -- regime TRANSITION is structurally wrong for this bot
  BOT_H_gold_sweep_reclaim: no trade -- outside window: 01:10 London

  CIO: 0 candidate(s); 0 funded, 0.000% total risk

===== cycle 2026-08-19 00:11:01 UTC (host local 2026-08-18 17:11:01) =====
DEMO GATE OK -> 1514166963 FTMO-Demo equity 99430.84
  bar-vs-tick gap 1s (diagnostic only; freshness is decided by clock_state after exits and reconciliation)
PREFLIGHT OK -- account, clock, data, state, ledgers all verified
  CLOCK FEED_FRESH: feed advancing, age in band, host within tolerance
profit -0.51%  daily headroom 5.00%  total headroom 9.49%  trading days 2

  DESK CLOCK 2026-08-19 01:11 London (broker)
  MARKET EURUSD      STRONG_TREND,AT_HTF_LEVEL,RISK_OFF
  MARKET US100.cash  TRANSITION,COMPRESSION,AT_HTF_LEVEL,RISK_OFF
  MARKET US500.cash  WEAK_TREND,COMPRESSION,AT_HTF_LEVEL,RISK_OFF
  MARKET XAUUSD      WEAK_TREND,AT_HTF_LEVEL,RISK_OFF
  BOT_A_gold_0630_breakout: no trade -- outside window: 01:11 London, opens 06:30 closes 16:00
  BOT_B_nas100_usopen_breakout: NOT ELIGIBLE -- regime TRANSITION is structurally wrong for this bot
  BOT_C_sp500_london_breakout: no trade -- outside window: 01:11 London, opens 08:00 closes 16:30
  BOT_D_gold_ny_breakout: no trade -- outside window: 01:11 London, opens 14:30 closes 20:00
  BOT_E_eurusd_london_breakout: no trade -- outside window: 01:11 London, opens 08:00 closes 17:00
  BOT_F_nas100_vwap_reversion: NOT ELIGIBLE -- regime TRANSITION is structurally wrong for this bot
  BOT_G_nas100_h4_pullback: NOT ELIGIBLE -- regime TRANSITION is structurally wrong for this bot
  BOT_H_gold_sweep_reclaim: no trade -- outside window: 01:11 London

  CIO: 0 candidate(s); 0 funded, 0.000% total risk

===== cycle 2026-08-19 00:12:01 UTC (host local 2026-08-18 17:12:01) =====
DEMO GATE OK -> 1514166963 FTMO-Demo equity 99430.84
  bar-vs-tick gap 1s (diagnostic only; freshness is decided by clock_state after exits and reconciliation)
PREFLIGHT OK -- account, clock, data, state, ledgers all verified
  CLOCK FEED_FRESH: feed advancing, age in band, host within tolerance
profit -0.51%  daily headroom 5.00%  total headroom 9.49%  trading days 2

  DESK CLOCK 2026-08-19 01:12 London (broker)
  MARKET EURUSD      STRONG_TREND,AT_HTF_LEVEL,RISK_OFF
  MARKET US100.cash  TRANSITION,COMPRESSION,AT_HTF_LEVEL,RISK_OFF
  MARKET US500.cash  WEAK_TREND,COMPRESSION,AT_HTF_LEVEL,RISK_OFF
  MARKET XAUUSD      WEAK_TREND,AT_HTF_LEVEL,RISK_OFF
  BOT_A_gold_0630_breakout: no trade -- outside window: 01:12 London, opens 06:30 closes 16:00
  BOT_B_nas100_usopen_breakout: NOT ELIGIBLE -- regime TRANSITION is structurally wrong for this bot
  BOT_C_sp500_london_breakout: no trade -- outside window: 01:12 London, opens 08:00 closes 16:30
  BOT_D_gold_ny_breakout: no trade -- outside window: 01:12 London, opens 14:30 closes 20:00
  BOT_E_eurusd_london_breakout: no trade -- outside window: 01:12 London, opens 08:00 closes 17:00
  BOT_F_nas100_vwap_reversion: NOT ELIGIBLE -- regime TRANSITION is structurally wrong for this bot
  BOT_G_nas100_h4_pullback: NOT ELIGIBLE -- regime TRANSITION is structurally wrong for this bot
  BOT_H_gold_sweep_reclaim: no trade -- outside window: 01:12 London

  CIO: 0 candidate(s); 0 funded, 0.000% total risk

===== cycle 2026-08-19 00:13:01 UTC (host local 2026-08-18 17:13:01) =====
DEMO GATE OK -> 1514166963 FTMO-Demo equity 99430.84
  bar-vs-tick gap 1s (diagnostic only; freshness is decided by clock_state after exits and reconciliation)
PREFLIGHT OK -- account, clock, data, state, ledgers all verified
  CLOCK FEED_FRESH: feed advancing, age in band, host within tolerance
profit -0.51%  daily headroom 5.00%  total headroom 9.49%  trading days 2

  DESK CLOCK 2026-08-19 01:13 London (broker)
  MARKET EURUSD      STRONG_TREND,AT_HTF_LEVEL,RISK_OFF
  MARKET US100.cash  TRANSITION,COMPRESSION,AT_HTF_LEVEL,RISK_OFF
  MARKET US500.cash  WEAK_TREND,COMPRESSION,AT_HTF_LEVEL,RISK_OFF
  MARKET XAUUSD      WEAK_TREND,AT_HTF_LEVEL,RISK_OFF
  BOT_A_gold_0630_breakout: no trade -- outside window: 01:13 London, opens 06:30 closes 16:00
  BOT_B_nas100_usopen_breakout: NOT ELIGIBLE -- regime TRANSITION is structurally wrong for this bot
  BOT_C_sp500_london_breakout: no trade -- outside window: 01:13 London, opens 08:00 closes 16:30
  BOT_D_gold_ny_breakout: no trade -- outside window: 01:13 London, opens 14:30 closes 20:00
  BOT_E_eurusd_london_breakout: no trade -- outside window: 01:13 London, opens 08:00 closes 17:00
  BOT_F_nas100_vwap_reversion: NOT ELIGIBLE -- regime TRANSITION is structurally wrong for this bot
  BOT_G_nas100_h4_pullback: NOT ELIGIBLE -- regime TRANSITION is structurally wrong for this bot
  BOT_H_gold_sweep_reclaim: no trade -- outside window: 01:13 London

  CIO: 0 candidate(s); 0 funded, 0.000% total risk

===== cycle 2026-08-19 00:14:01 UTC (host local 2026-08-18 17:14:01) =====
DEMO GATE OK -> 1514166963 FTMO-Demo equity 99430.84
  bar-vs-tick gap 2s (diagnostic only; freshness is decided by clock_state after exits and reconciliation)
PREFLIGHT OK -- account, clock, data, state, ledgers all verified
  CLOCK FEED_FRESH: feed advancing, age in band, host within tolerance
profit -0.51%  daily headroom 5.00%  total headroom 9.49%  trading days 2

  DESK CLOCK 2026-08-19 01:14 London (broker)
  MARKET EURUSD      STRONG_TREND,AT_HTF_LEVEL,RISK_OFF
  MARKET US100.cash  TRANSITION,COMPRESSION,AT_HTF_LEVEL,RISK_OFF
  MARKET US500.cash  WEAK_TREND,COMPRESSION,AT_HTF_LEVEL,RISK_OFF
  MARKET XAUUSD      WEAK_TREND,AT_HTF_LEVEL,RISK_OFF
  BOT_A_gold_0630_breakout: no trade -- outside window: 01:14 London, opens 06:30 closes 16:00
  BOT_B_nas100_usopen_breakout: NOT ELIGIBLE -- regime TRANSITION is structurally wrong for this bot
  BOT_C_sp500_london_breakout: no trade -- outside window: 01:14 London, opens 08:00 closes 16:30
  BOT_D_gold_ny_breakout: no trade -- outside window: 01:14 London, opens 14:30 closes 20:00
  BOT_E_eurusd_london_breakout: no trade -- outside window: 01:14 London, opens 08:00 closes 17:00
  BOT_F_nas100_vwap_reversion: NOT ELIGIBLE -- regime TRANSITION is structurally wrong for this bot
  BOT_G_nas100_h4_pullback: NOT ELIGIBLE -- regime TRANSITION is structurally wrong for this bot
  BOT_H_gold_sweep_reclaim: no trade -- outside window: 01:14 London

  CIO: 0 candidate(s); 0 funded, 0.000% total risk

===== cycle 2026-08-19 00:15:01 UTC (host local 2026-08-18 17:15:01) =====
DEMO GATE OK -> 1514166963 FTMO-Demo equity 99430.84
  bar-vs-tick gap 2s (diagnostic only; freshness is decided by clock_state after exits and reconciliation)
PREFLIGHT OK -- account, clock, data, state, ledgers all verified
  CLOCK FEED_FRESH: feed advancing, age in band, host within tolerance
profit -0.51%  daily headroom 5.00%  total headroom 9.49%  trading days 2

  DESK CLOCK 2026-08-19 01:15 London (broker)
  MARKET EURUSD      STRONG_TREND,AT_HTF_LEVEL,RISK_OFF
  MARKET US100.cash  TRANSITION,COMPRESSION,AT_HTF_LEVEL,RISK_OFF
  MARKET US500.cash  WEAK_TREND,COMPRESSION,AT_HTF_LEVEL,RISK_OFF
  MARKET XAUUSD      WEAK_TREND,AT_HTF_LEVEL,RISK_OFF
  BOT_A_gold_0630_breakout: no trade -- outside window: 01:15 London, opens 06:30 closes 16:00
  BOT_B_nas100_usopen_breakout: NOT ELIGIBLE -- regime TRANSITION is structurally wrong for this bot
  BOT_C_sp500_london_breakout: no trade -- outside window: 01:15 London, opens 08:00 closes 16:30
  BOT_D_gold_ny_breakout: no trade -- outside window: 01:15 London, opens 14:30 closes 20:00
  BOT_E_eurusd_london_breakout: no trade -- outside window: 01:15 London, opens 08:00 closes 17:00
  BOT_F_nas100_vwap_reversion: NOT ELIGIBLE -- regime TRANSITION is structurally wrong for this bot
  BOT_G_nas100_h4_pullback: NOT ELIGIBLE -- regime TRANSITION is structurally wrong for this bot
  BOT_H_gold_sweep_reclaim: no trade -- outside window: 01:15 London

  CIO: 0 candidate(s); 0 funded, 0.000% total risk

===== cycle 2026-08-19 00:16:01 UTC (host local 2026-08-18 17:16:01) =====
DEMO GATE OK -> 1514166963 FTMO-Demo equity 99430.84
  bar-vs-tick gap 2s (diagnostic only; freshness is decided by clock_state after exits and reconciliation)
PREFLIGHT OK -- account, clock, data, state, ledgers all verified
  CLOCK FEED_FRESH: feed advancing, age in band, host within tolerance
profit -0.51%  daily headroom 5.00%  total headroom 9.49%  trading days 2

  DESK CLOCK 2026-08-19 01:16 London (broker)
  MARKET EURUSD      STRONG_TREND,AT_HTF_LEVEL,RISK_OFF
  MARKET US100.cash  TRANSITION,COMPRESSION,AT_HTF_LEVEL,RISK_OFF
  MARKET US500.cash  WEAK_TREND,COMPRESSION,AT_HTF_LEVEL,RISK_OFF
  MARKET XAUUSD      WEAK_TREND,AT_HTF_LEVEL,RISK_OFF
  BOT_A_gold_0630_breakout: no trade -- outside window: 01:16 London, opens 06:30 closes 16:00
  BOT_B_nas100_usopen_breakout: NOT ELIGIBLE -- regime TRANSITION is structurally wrong for this bot
  BOT_C_sp500_london_breakout: no trade -- outside window: 01:16 London, opens 08:00 closes 16:30
  BOT_D_gold_ny_breakout: no trade -- outside window: 01:16 London, opens 14:30 closes 20:00
  BOT_E_eurusd_london_breakout: no trade -- outside window: 01:16 London, opens 08:00 closes 17:00
  BOT_F_nas100_vwap_reversion: NOT ELIGIBLE -- regime TRANSITION is structurally wrong for this bot
  BOT_G_nas100_h4_pullback: NOT ELIGIBLE -- regime TRANSITION is structurally wrong for this bot
  BOT_H_gold_sweep_reclaim: no trade -- outside window: 01:16 London

  CIO: 0 candidate(s); 0 funded, 0.000% total risk

===== cycle 2026-08-19 00:17:01 UTC (host local 2026-08-18 17:17:01) =====
DEMO GATE OK -> 1514166963 FTMO-Demo equity 99430.84
  bar-vs-tick gap 1s (diagnostic only; freshness is decided by clock_state after exits and reconciliation)
PREFLIGHT OK -- account, clock, data, state, ledgers all verified
  CLOCK FEED_FRESH: feed advancing, age in band, host within tolerance
profit -0.51%  daily headroom 5.00%  total headroom 9.49%  trading days 2

  DESK CLOCK 2026-08-19 01:17 London (broker)
  MARKET EURUSD      STRONG_TREND,AT_HTF_LEVEL,RISK_OFF
  MARKET US100.cash  TRANSITION,COMPRESSION,AT_HTF_LEVEL,RISK_OFF
  MARKET US500.cash  WEAK_TREND,COMPRESSION,AT_HTF_LEVEL,RISK_OFF
  MARKET XAUUSD      WEAK_TREND,AT_HTF_LEVEL,RISK_OFF
  BOT_A_gold_0630_breakout: no trade -- outside window: 01:17 London, opens 06:30 closes 16:00
  BOT_B_nas100_usopen_breakout: NOT ELIGIBLE -- regime TRANSITION is structurally wrong for this bot
  BOT_C_sp500_london_breakout: no trade -- outside window: 01:17 London, opens 08:00 closes 16:30
  BOT_D_gold_ny_breakout: no trade -- outside window: 01:17 London, opens 14:30 closes 20:00
  BOT_E_eurusd_london_breakout: no trade -- outside window: 01:17 London, opens 08:00 closes 17:00
  BOT_F_nas100_vwap_reversion: NOT ELIGIBLE -- regime TRANSITION is structurally wrong for this bot
  BOT_G_nas100_h4_pullback: NOT ELIGIBLE -- regime TRANSITION is structurally wrong for this bot
  BOT_H_gold_sweep_reclaim: no trade -- outside window: 01:17 London

  CIO: 0 candidate(s); 0 funded, 0.000% total risk

===== cycle 2026-08-19 00:18:01 UTC (host local 2026-08-18 17:18:01) =====
DEMO GATE OK -> 1514166963 FTMO-Demo equity 99430.84
  bar-vs-tick gap 2s (diagnostic only; freshness is decided by clock_state after exits and reconciliation)
PREFLIGHT OK -- account, clock, data, state, ledgers all verified
  CLOCK FEED_FRESH: feed advancing, age in band, host within tolerance
profit -0.51%  daily headroom 5.00%  total headroom 9.49%  trading days 2

  DESK CLOCK 2026-08-19 01:18 London (broker)
  MARKET EURUSD      STRONG_TREND,AT_HTF_LEVEL,RISK_OFF
  MARKET US100.cash  TRANSITION,COMPRESSION,AT_HTF_LEVEL,RISK_OFF
  MARKET US500.cash  WEAK_TREND,COMPRESSION,AT_HTF_LEVEL,RISK_OFF
  MARKET XAUUSD      WEAK_TREND,AT_HTF_LEVEL,RISK_OFF
  BOT_A_gold_0630_breakout: no trade -- outside window: 01:18 London, opens 06:30 closes 16:00
  BOT_B_nas100_usopen_breakout: NOT ELIGIBLE -- regime TRANSITION is structurally wrong for this bot
  BOT_C_sp500_london_breakout: no trade -- outside window: 01:18 London, opens 08:00 closes 16:30
  BOT_D_gold_ny_breakout: no trade -- outside window: 01:18 London, opens 14:30 closes 20:00
  BOT_E_eurusd_london_breakout: no trade -- outside window: 01:18 London, opens 08:00 closes 17:00
  BOT_F_nas100_vwap_reversion: NOT ELIGIBLE -- regime TRANSITION is structurally wrong for this bot
  BOT_G_nas100_h4_pullback: NOT ELIGIBLE -- regime TRANSITION is structurally wrong for this bot
  BOT_H_gold_sweep_reclaim: no trade -- outside window: 01:18 London

  CIO: 0 candidate(s); 0 funded, 0.000% total risk

===== cycle 2026-08-19 00:19:01 UTC (host local 2026-08-18 17:19:01) =====
DEMO GATE OK -> 1514166963 FTMO-Demo equity 99430.84
  bar-vs-tick gap 1s (diagnostic only; freshness is decided by clock_state after exits and reconciliation)
PREFLIGHT OK -- account, clock, data, state, ledgers all verified
  CLOCK FEED_FRESH: feed advancing, age in band, host within tolerance
profit -0.51%  daily headroom 5.00%  total headroom 9.49%  trading days 2

  DESK CLOCK 2026-08-19 01:19 London (broker)
  MARKET EURUSD      STRONG_TREND,AT_HTF_LEVEL,RISK_OFF
  MARKET US100.cash  TRANSITION,COMPRESSION,AT_HTF_LEVEL,RISK_OFF
  MARKET US500.cash  WEAK_TREND,COMPRESSION,AT_HTF_LEVEL,RISK_OFF
  MARKET XAUUSD      WEAK_TREND,AT_HTF_LEVEL,RISK_OFF
  BOT_A_gold_0630_breakout: no trade -- outside window: 01:19 London, opens 06:30 closes 16:00
  BOT_B_nas100_usopen_breakout: NOT ELIGIBLE -- regime TRANSITION is structurally wrong for this bot
  BOT_C_sp500_london_breakout: no trade -- outside window: 01:19 London, opens 08:00 closes 16:30
  BOT_D_gold_ny_breakout: no trade -- outside window: 01:19 London, opens 14:30 closes 20:00
  BOT_E_eurusd_london_breakout: no trade -- outside window: 01:19 London, opens 08:00 closes 17:00
  BOT_F_nas100_vwap_reversion: NOT ELIGIBLE -- regime TRANSITION is structurally wrong for this bot
  BOT_G_nas100_h4_pullback: NOT ELIGIBLE -- regime TRANSITION is structurally wrong for this bot
  BOT_H_gold_sweep_reclaim: no trade -- outside window: 01:19 London

  CIO: 0 candidate(s); 0 funded, 0.000% total risk

===== cycle 2026-08-19 00:20:01 UTC (host local 2026-08-18 17:20:01) =====
DEMO GATE OK -> 1514166963 FTMO-Demo equity 99430.84
  bar-vs-tick gap 2s (diagnostic only; freshness is decided by clock_state after exits and reconciliation)
PREFLIGHT OK -- account, clock, data, state, ledgers all verified
  CLOCK FEED_FRESH: feed advancing, age in band, host within tolerance
profit -0.51%  daily headroom 5.00%  total headroom 9.49%  trading days 2

  DESK CLOCK 2026-08-19 01:20 London (broker)
  MARKET EURUSD      STRONG_TREND,AT_HTF_LEVEL,RISK_OFF
  MARKET US100.cash  TRANSITION,COMPRESSION,AT_HTF_LEVEL,RISK_OFF
  MARKET US500.cash  WEAK_TREND,COMPRESSION,AT_HTF_LEVEL,RISK_OFF
  MARKET XAUUSD      WEAK_TREND,AT_HTF_LEVEL,RISK_OFF
  BOT_A_gold_0630_breakout: no trade -- outside window: 01:20 London, opens 06:30 closes 16:00
  BOT_B_nas100_usopen_breakout: NOT ELIGIBLE -- regime TRANSITION is structurally wrong for this bot
  BOT_C_sp500_london_breakout: no trade -- outside window: 01:20 London, opens 08:00 closes 16:30
  BOT_D_gold_ny_breakout: no trade -- outside window: 01:20 London, opens 14:30 closes 20:00
  BOT_E_eurusd_london_breakout: no trade -- outside window: 01:20 London, opens 08:00 closes 17:00
  BOT_F_nas100_vwap_reversion: NOT ELIGIBLE -- regime TRANSITION is structurally wrong for this bot
  BOT_G_nas100_h4_pullback: NOT ELIGIBLE -- regime TRANSITION is structurally wrong for this bot
  BOT_H_gold_sweep_reclaim: no trade -- outside window: 01:20 London

  CIO: 0 candidate(s); 0 funded, 0.000% total risk

===== cycle 2026-08-19 00:21:01 UTC (host local 2026-08-18 17:21:01) =====
DEMO GATE OK -> 1514166963 FTMO-Demo equity 99430.84
  bar-vs-tick gap 2s (diagnostic only; freshness is decided by clock_state after exits and reconciliation)
PREFLIGHT OK -- account, clock, data, state, ledgers all verified
  CLOCK FEED_FRESH: feed advancing, age in band, host within tolerance
profit -0.51%  daily headroom 5.00%  total headroom 9.49%  trading days 2

  DESK CLOCK 2026-08-19 01:21 London (broker)
  MARKET EURUSD      STRONG_TREND,AT_HTF_LEVEL,RISK_OFF
  MARKET US100.cash  TRANSITION,COMPRESSION,AT_HTF_LEVEL,RISK_OFF
  MARKET US500.cash  WEAK_TREND,COMPRESSION,AT_HTF_LEVEL,RISK_OFF
  MARKET XAUUSD      WEAK_TREND,AT_HTF_LEVEL,RISK_OFF
  BOT_A_gold_0630_breakout: no trade -- outside window: 01:21 London, opens 06:30 closes 16:00
  BOT_B_nas100_usopen_breakout: NOT ELIGIBLE -- regime TRANSITION is structurally wrong for this bot
  BOT_C_sp500_london_breakout: no trade -- outside window: 01:21 London, opens 08:00 closes 16:30
  BOT_D_gold_ny_breakout: no trade -- outside window: 01:21 London, opens 14:30 closes 20:00
  BOT_E_eurusd_london_breakout: no trade -- outside window: 01:21 London, opens 08:00 closes 17:00
  BOT_F_nas100_vwap_reversion: NOT ELIGIBLE -- regime TRANSITION is structurally wrong for this bot
  BOT_G_nas100_h4_pullback: NOT ELIGIBLE -- regime TRANSITION is structurally wrong for this bot
  BOT_H_gold_sweep_reclaim: no trade -- outside window: 01:21 London

  CIO: 0 candidate(s); 0 funded, 0.000% total risk

===== cycle 2026-08-19 00:22:01 UTC (host local 2026-08-18 17:22:01) =====
DEMO GATE OK -> 1514166963 FTMO-Demo equity 99430.84
  bar-vs-tick gap 1s (diagnostic only; freshness is decided by clock_state after exits and reconciliation)
PREFLIGHT OK -- account, clock, data, state, ledgers all verified
  CLOCK FEED_FRESH: feed advancing, age in band, host within tolerance
profit -0.51%  daily headroom 5.00%  total headroom 9.49%  trading days 2

  DESK CLOCK 2026-08-19 01:22 London (broker)
  MARKET EURUSD      STRONG_TREND,AT_HTF_LEVEL,RISK_OFF
  MARKET US100.cash  TRANSITION,COMPRESSION,AT_HTF_LEVEL,RISK_OFF
  MARKET US500.cash  WEAK_TREND,COMPRESSION,AT_HTF_LEVEL,RISK_OFF
  MARKET XAUUSD      WEAK_TREND,AT_HTF_LEVEL,RISK_OFF
  BOT_A_gold_0630_breakout: no trade -- outside window: 01:22 London, opens 06:30 closes 16:00
  BOT_B_nas100_usopen_breakout: NOT ELIGIBLE -- regime TRANSITION is structurally wrong for this bot
  BOT_C_sp500_london_breakout: no trade -- outside window: 01:22 London, opens 08:00 closes 16:30
  BOT_D_gold_ny_breakout: no trade -- outside window: 01:22 London, opens 14:30 closes 20:00
  BOT_E_eurusd_london_breakout: no trade -- outside window: 01:22 London, opens 08:00 closes 17:00
  BOT_F_nas100_vwap_reversion: NOT ELIGIBLE -- regime TRANSITION is structurally wrong for this bot
  BOT_G_nas100_h4_pullback: NOT ELIGIBLE -- regime TRANSITION is structurally wrong for this bot
  BOT_H_gold_sweep_reclaim: no trade -- outside window: 01:22 London

  CIO: 0 candidate(s); 0 funded, 0.000% total risk

===== cycle 2026-08-19 00:23:01 UTC (host local 2026-08-18 17:23:01) =====
DEMO GATE OK -> 1514166963 FTMO-Demo equity 99430.84
  bar-vs-tick gap 2s (diagnostic only; freshness is decided by clock_state after exits and reconciliation)
PREFLIGHT OK -- account, clock, data, state, ledgers all verified
  CLOCK FEED_FRESH: feed advancing, age in band, host within tolerance
profit -0.51%  daily headroom 5.00%  total headroom 9.49%  trading days 2

  DESK CLOCK 2026-08-19 01:23 London (broker)
  MARKET EURUSD      STRONG_TREND,AT_HTF_LEVEL,RISK_OFF
  MARKET US100.cash  TRANSITION,COMPRESSION,AT_HTF_LEVEL,RISK_OFF
  MARKET US500.cash  WEAK_TREND,COMPRESSION,AT_HTF_LEVEL,RISK_OFF
  MARKET XAUUSD      WEAK_TREND,AT_HTF_LEVEL,RISK_OFF
  BOT_A_gold_0630_breakout: no trade -- outside window: 01:23 London, opens 06:30 closes 16:00
  BOT_B_nas100_usopen_breakout: NOT ELIGIBLE -- regime TRANSITION is structurally wrong for this bot
  BOT_C_sp500_london_breakout: no trade -- outside window: 01:23 London, opens 08:00 closes 16:30
  BOT_D_gold_ny_breakout: no trade -- outside window: 01:23 London, opens 14:30 closes 20:00
  BOT_E_eurusd_london_breakout: no trade -- outside window: 01:23 London, opens 08:00 closes 17:00
  BOT_F_nas100_vwap_reversion: NOT ELIGIBLE -- regime TRANSITION is structurally wrong for this bot
  BOT_G_nas100_h4_pullback: NOT ELIGIBLE -- regime TRANSITION is structurally wrong for this bot
  BOT_H_gold_sweep_reclaim: no trade -- outside window: 01:23 London

  CIO: 0 candidate(s); 0 funded, 0.000% total risk

===== cycle 2026-08-19 00:24:01 UTC (host local 2026-08-18 17:24:01) =====
DEMO GATE OK -> 1514166963 FTMO-Demo equity 99430.84
  bar-vs-tick gap 1s (diagnostic only; freshness is decided by clock_state after exits and reconciliation)
PREFLIGHT OK -- account, clock, data, state, ledgers all verified
  CLOCK FEED_FRESH: feed advancing, age in band, host within tolerance
profit -0.51%  daily headroom 5.00%  total headroom 9.49%  trading days 2

  DESK CLOCK 2026-08-19 01:24 London (broker)
  MARKET EURUSD      STRONG_TREND,AT_HTF_LEVEL,RISK_OFF
  MARKET US100.cash  TRANSITION,COMPRESSION,AT_HTF_LEVEL,RISK_OFF
  MARKET US500.cash  WEAK_TREND,COMPRESSION,AT_HTF_LEVEL,RISK_OFF
  MARKET XAUUSD      WEAK_TREND,AT_HTF_LEVEL,RISK_OFF
  BOT_A_gold_0630_breakout: no trade -- outside window: 01:24 London, opens 06:30 closes 16:00
  BOT_B_nas100_usopen_breakout: NOT ELIGIBLE -- regime TRANSITION is structurally wrong for this bot
  BOT_C_sp500_london_breakout: no trade -- outside window: 01:24 London, opens 08:00 closes 16:30
  BOT_D_gold_ny_breakout: no trade -- outside window: 01:24 London, opens 14:30 closes 20:00
  BOT_E_eurusd_london_breakout: no trade -- outside window: 01:24 London, opens 08:00 closes 17:00
  BOT_F_nas100_vwap_reversion: NOT ELIGIBLE -- regime TRANSITION is structurally wrong for this bot
  BOT_G_nas100_h4_pullback: NOT ELIGIBLE -- regime TRANSITION is structurally wrong for this bot
  BOT_H_gold_sweep_reclaim: no trade -- outside window: 01:24 London

  CIO: 0 candidate(s); 0 funded, 0.000% total risk

===== cycle 2026-08-19 00:25:01 UTC (host local 2026-08-18 17:25:01) =====
DEMO GATE OK -> 1514166963 FTMO-Demo equity 99430.84
  bar-vs-tick gap 2s (diagnostic only; freshness is decided by clock_state after exits and reconciliation)
PREFLIGHT OK -- account, clock, data, state, ledgers all verified
  CLOCK FEED_FRESH: feed advancing, age in band, host within tolerance
profit -0.51%  daily headroom 5.00%  total headroom 9.49%  trading days 2

  DESK CLOCK 2026-08-19 01:25 London (broker)
  MARKET EURUSD      STRONG_TREND,AT_HTF_LEVEL,RISK_OFF
  MARKET US100.cash  TRANSITION,COMPRESSION,AT_HTF_LEVEL,RISK_OFF
  MARKET US500.cash  WEAK_TREND,COMPRESSION,AT_HTF_LEVEL,RISK_OFF
  MARKET XAUUSD      WEAK_TREND,AT_HTF_LEVEL,RISK_OFF
  BOT_A_gold_0630_breakout: no trade -- outside window: 01:25 London, opens 06:30 closes 16:00
  BOT_B_nas100_usopen_breakout: NOT ELIGIBLE -- regime TRANSITION is structurally wrong for this bot
  BOT_C_sp500_london_breakout: no trade -- outside window: 01:25 London, opens 08:00 closes 16:30
  BOT_D_gold_ny_breakout: no trade -- outside window: 01:25 London, opens 14:30 closes 20:00
  BOT_E_eurusd_london_breakout: no trade -- outside window: 01:25 London, opens 08:00 closes 17:00
  BOT_F_nas100_vwap_reversion: NOT ELIGIBLE -- regime TRANSITION is structurally wrong for this bot
  BOT_G_nas100_h4_pullback: NOT ELIGIBLE -- regime TRANSITION is structurally wrong for this bot
  BOT_H_gold_sweep_reclaim: no trade -- outside window: 01:25 London

  CIO: 0 candidate(s); 0 funded, 0.000% total risk

===== cycle 2026-08-19 00:26:01 UTC (host local 2026-08-18 17:26:01) =====
DEMO GATE OK -> 1514166963 FTMO-Demo equity 99430.84
  bar-vs-tick gap 1s (diagnostic only; freshness is decided by clock_state after exits and reconciliation)
PREFLIGHT OK -- account, clock, data, state, ledgers all verified
  CLOCK FEED_FRESH: feed advancing, age in band, host within tolerance
profit -0.51%  daily headroom 5.00%  total headroom 9.49%  trading days 2

  DESK CLOCK 2026-08-19 01:26 London (broker)
  MARKET EURUSD      STRONG_TREND,AT_HTF_LEVEL,RISK_OFF
  MARKET US100.cash  TRANSITION,COMPRESSION,AT_HTF_LEVEL,RISK_OFF
  MARKET US500.cash  WEAK_TREND,COMPRESSION,AT_HTF_LEVEL,RISK_OFF
  MARKET XAUUSD      WEAK_TREND,AT_HTF_LEVEL,RISK_OFF
  BOT_A_gold_0630_breakout: no trade -- outside window: 01:26 London, opens 06:30 closes 16:00
  BOT_B_nas100_usopen_breakout: NOT ELIGIBLE -- regime TRANSITION is structurally wrong for this bot
  BOT_C_sp500_london_breakout: no trade -- outside window: 01:26 London, opens 08:00 closes 16:30
  BOT_D_gold_ny_breakout: no trade -- outside window: 01:26 London, opens 14:30 closes 20:00
  BOT_E_eurusd_london_breakout: no trade -- outside window: 01:26 London, opens 08:00 closes 17:00
  BOT_F_nas100_vwap_reversion: NOT ELIGIBLE -- regime TRANSITION is structurally wrong for this bot
  BOT_G_nas100_h4_pullback: NOT ELIGIBLE -- regime TRANSITION is structurally wrong for this bot
  BOT_H_gold_sweep_reclaim: no trade -- outside window: 01:26 London

  CIO: 0 candidate(s); 0 funded, 0.000% total risk

===== cycle 2026-08-19 00:27:01 UTC (host local 2026-08-18 17:27:01) =====
DEMO GATE OK -> 1514166963 FTMO-Demo equity 99430.84
  bar-vs-tick gap 1s (diagnostic only; freshness is decided by clock_state after exits and reconciliation)
PREFLIGHT OK -- account, clock, data, state, ledgers all verified
  CLOCK FEED_FRESH: feed advancing, age in band, host within tolerance
profit -0.51%  daily headroom 5.00%  total headroom 9.49%  trading days 2

  DESK CLOCK 2026-08-19 01:27 London (broker)
  MARKET EURUSD      STRONG_TREND,AT_HTF_LEVEL,RISK_OFF
  MARKET US100.cash  TRANSITION,COMPRESSION,AT_HTF_LEVEL,RISK_OFF
  MARKET US500.cash  WEAK_TREND,COMPRESSION,AT_HTF_LEVEL,RISK_OFF
  MARKET XAUUSD      WEAK_TREND,AT_HTF_LEVEL,RISK_OFF
  BOT_A_gold_0630_breakout: no trade -- outside window: 01:27 London, opens 06:30 closes 16:00
  BOT_B_nas100_usopen_breakout: NOT ELIGIBLE -- regime TRANSITION is structurally wrong for this bot
  BOT_C_sp500_london_breakout: no trade -- outside window: 01:27 London, opens 08:00 closes 16:30
  BOT_D_gold_ny_breakout: no trade -- outside window: 01:27 London, opens 14:30 closes 20:00
  BOT_E_eurusd_london_breakout: no trade -- outside window: 01:27 London, opens 08:00 closes 17:00
  BOT_F_nas100_vwap_reversion: NOT ELIGIBLE -- regime TRANSITION is structurally wrong for this bot
  BOT_G_nas100_h4_pullback: NOT ELIGIBLE -- regime TRANSITION is structurally wrong for this bot
  BOT_H_gold_sweep_reclaim: no trade -- outside window: 01:27 London

  CIO: 0 candidate(s); 0 funded, 0.000% total risk

===== cycle 2026-08-19 00:28:01 UTC (host local 2026-08-18 17:28:01) =====
DEMO GATE OK -> 1514166963 FTMO-Demo equity 99430.84
  bar-vs-tick gap 2s (diagnostic only; freshness is decided by clock_state after exits and reconciliation)
PREFLIGHT OK -- account, clock, data, state, ledgers all verified
  CLOCK FEED_FRESH: feed advancing, age in band, host within tolerance
profit -0.51%  daily headroom 5.00%  total headroom 9.49%  trading days 2

  DESK CLOCK 2026-08-19 01:28 London (broker)
  MARKET EURUSD      STRONG_TREND,AT_HTF_LEVEL,RISK_OFF
  MARKET US100.cash  TRANSITION,COMPRESSION,AT_HTF_LEVEL,RISK_OFF
  MARKET US500.cash  WEAK_TREND,COMPRESSION,AT_HTF_LEVEL,RISK_OFF
  MARKET XAUUSD      WEAK_TREND,AT_HTF_LEVEL,RISK_OFF
  BOT_A_gold_0630_breakout: no trade -- outside window: 01:28 London, opens 06:30 closes 16:00
  BOT_B_nas100_usopen_breakout: NOT ELIGIBLE -- regime TRANSITION is structurally wrong for this bot
  BOT_C_sp500_london_breakout: no trade -- outside window: 01:28 London, opens 08:00 closes 16:30
  BOT_D_gold_ny_breakout: no trade -- outside window: 01:28 London, opens 14:30 closes 20:00
  BOT_E_eurusd_london_breakout: no trade -- outside window: 01:28 London, opens 08:00 closes 17:00
  BOT_F_nas100_vwap_reversion: NOT ELIGIBLE -- regime TRANSITION is structurally wrong for this bot
  BOT_G_nas100_h4_pullback: NOT ELIGIBLE -- regime TRANSITION is structurally wrong for this bot
  BOT_H_gold_sweep_reclaim: no trade -- outside window: 01:28 London

  CIO: 0 candidate(s); 0 funded, 0.000% total risk

===== cycle 2026-08-19 00:29:01 UTC (host local 2026-08-18 17:29:01) =====
DEMO GATE OK -> 1514166963 FTMO-Demo equity 99430.84
  bar-vs-tick gap 1s (diagnostic only; freshness is decided by clock_state after exits and reconciliation)
PREFLIGHT OK -- account, clock, data, state, ledgers all verified
  CLOCK FEED_FRESH: feed advancing, age in band, host within tolerance
profit -0.51%  daily headroom 5.00%  total headroom 9.49%  trading days 2

  DESK CLOCK 2026-08-19 01:29 London (broker)
  MARKET EURUSD      STRONG_TREND,AT_HTF_LEVEL,RISK_OFF
  MARKET US100.cash  TRANSITION,COMPRESSION,AT_HTF_LEVEL,RISK_OFF
  MARKET US500.cash  WEAK_TREND,COMPRESSION,AT_HTF_LEVEL,RISK_OFF
  MARKET XAUUSD      WEAK_TREND,AT_HTF_LEVEL,RISK_OFF
  BOT_A_gold_0630_breakout: no trade -- outside window: 01:29 London, opens 06:30 closes 16:00
  BOT_B_nas100_usopen_breakout: NOT ELIGIBLE -- regime TRANSITION is structurally wrong for this bot
  BOT_C_sp500_london_breakout: no trade -- outside window: 01:29 London, opens 08:00 closes 16:30
  BOT_D_gold_ny_breakout: no trade -- outside window: 01:29 London, opens 14:30 closes 20:00
  BOT_E_eurusd_london_breakout: no trade -- outside window: 01:29 London, opens 08:00 closes 17:00
  BOT_F_nas100_vwap_reversion: NOT ELIGIBLE -- regime TRANSITION is structurally wrong for this bot
  BOT_G_nas100_h4_pullback: NOT ELIGIBLE -- regime TRANSITION is structurally wrong for this bot
  BOT_H_gold_sweep_reclaim: no trade -- outside window: 01:29 London

  CIO: 0 candidate(s); 0 funded, 0.000% total risk

===== cycle 2026-08-19 00:30:01 UTC (host local 2026-08-18 17:30:01) =====
DEMO GATE OK -> 1514166963 FTMO-Demo equity 99430.84
  bar-vs-tick gap 2s (diagnostic only; freshness is decided by clock_state after exits and reconciliation)
PREFLIGHT OK -- account, clock, data, state, ledgers all verified
  CLOCK FEED_FRESH: feed advancing, age in band, host within tolerance
profit -0.51%  daily headroom 5.00%  total headroom 9.49%  trading days 2

  DESK CLOCK 2026-08-19 01:30 London (broker)
  MARKET EURUSD      STRONG_TREND,AT_HTF_LEVEL,RISK_OFF
  MARKET US100.cash  TRANSITION,COMPRESSION,AT_HTF_LEVEL,RISK_OFF
  MARKET US500.cash  WEAK_TREND,COMPRESSION,AT_HTF_LEVEL,RISK_OFF
  MARKET XAUUSD      WEAK_TREND,AT_HTF_LEVEL,RISK_OFF
  BOT_A_gold_0630_breakout: no trade -- outside window: 01:30 London, opens 06:30 closes 16:00
  BOT_B_nas100_usopen_breakout: NOT ELIGIBLE -- regime TRANSITION is structurally wrong for this bot
  BOT_C_sp500_london_breakout: no trade -- outside window: 01:30 London, opens 08:00 closes 16:30
  BOT_D_gold_ny_breakout: no trade -- outside window: 01:30 London, opens 14:30 closes 20:00
  BOT_E_eurusd_london_breakout: no trade -- outside window: 01:30 London, opens 08:00 closes 17:00
  BOT_F_nas100_vwap_reversion: NOT ELIGIBLE -- regime TRANSITION is structurally wrong for this bot
  BOT_G_nas100_h4_pullback: NOT ELIGIBLE -- regime TRANSITION is structurally wrong for this bot
  BOT_H_gold_sweep_reclaim: no trade -- outside window: 01:30 London

  CIO: 0 candidate(s); 0 funded, 0.000% total risk

===== cycle 2026-08-19 00:31:01 UTC (host local 2026-08-18 17:31:01) =====
DEMO GATE OK -> 1514166963 FTMO-Demo equity 99430.84
  bar-vs-tick gap 1s (diagnostic only; freshness is decided by clock_state after exits and reconciliation)
PREFLIGHT OK -- account, clock, data, state, ledgers all verified
  CLOCK FEED_FRESH: feed advancing, age in band, host within tolerance
profit -0.51%  daily headroom 5.00%  total headroom 9.49%  trading days 2

  DESK CLOCK 2026-08-19 01:31 London (broker)
  MARKET EURUSD      STRONG_TREND,AT_HTF_LEVEL,RISK_ON
  MARKET US100.cash  TRANSITION,COMPRESSION,AT_HTF_LEVEL,RISK_ON
  MARKET US500.cash  WEAK_TREND,COMPRESSION,AT_HTF_LEVEL,RISK_OFF
  MARKET XAUUSD      WEAK_TREND,AT_HTF_LEVEL,RISK_ON
  BOT_A_gold_0630_breakout: no trade -- outside window: 01:31 London, opens 06:30 closes 16:00
  BOT_B_nas100_usopen_breakout: NOT ELIGIBLE -- regime TRANSITION is structurally wrong for this bot
  BOT_C_sp500_london_breakout: no trade -- outside window: 01:31 London, opens 08:00 closes 16:30
  BOT_D_gold_ny_breakout: no trade -- outside window: 01:31 London, opens 14:30 closes 20:00
  BOT_E_eurusd_london_breakout: no trade -- outside window: 01:31 London, opens 08:00 closes 17:00
  BOT_F_nas100_vwap_reversion: NOT ELIGIBLE -- regime TRANSITION is structurally wrong for this bot
  BOT_G_nas100_h4_pullback: NOT ELIGIBLE -- regime TRANSITION is structurally wrong for this bot
  BOT_H_gold_sweep_reclaim: no trade -- outside window: 01:31 London

  CIO: 0 candidate(s); 0 funded, 0.000% total risk

===== cycle 2026-08-19 00:32:01 UTC (host local 2026-08-18 17:32:01) =====
DEMO GATE OK -> 1514166963 FTMO-Demo equity 99430.84
  bar-vs-tick gap 2s (diagnostic only; freshness is decided by clock_state after exits and reconciliation)
PREFLIGHT OK -- account, clock, data, state, ledgers all verified
  CLOCK FEED_FRESH: feed advancing, age in band, host within tolerance
profit -0.51%  daily headroom 5.00%  total headroom 9.49%  trading days 2

  DESK CLOCK 2026-08-19 01:32 London (broker)
  MARKET EURUSD      STRONG_TREND,AT_HTF_LEVEL,RISK_ON
  MARKET US100.cash  TRANSITION,COMPRESSION,AT_HTF_LEVEL,RISK_ON
  MARKET US500.cash  WEAK_TREND,COMPRESSION,AT_HTF_LEVEL,RISK_OFF
  MARKET XAUUSD      WEAK_TREND,AT_HTF_LEVEL,RISK_OFF
  BOT_A_gold_0630_breakout: no trade -- outside window: 01:32 London, opens 06:30 closes 16:00
  BOT_B_nas100_usopen_breakout: NOT ELIGIBLE -- regime TRANSITION is structurally wrong for this bot
  BOT_C_sp500_london_breakout: no trade -- outside window: 01:32 London, opens 08:00 closes 16:30
  BOT_D_gold_ny_breakout: no trade -- outside window: 01:32 London, opens 14:30 closes 20:00
  BOT_E_eurusd_london_breakout: no trade -- outside window: 01:32 London, opens 08:00 closes 17:00
  BOT_F_nas100_vwap_reversion: NOT ELIGIBLE -- regime TRANSITION is structurally wrong for this bot
  BOT_G_nas100_h4_pullback: NOT ELIGIBLE -- regime TRANSITION is structurally wrong for this bot
  BOT_H_gold_sweep_reclaim: no trade -- outside window: 01:32 London

  CIO: 0 candidate(s); 0 funded, 0.000% total risk

===== cycle 2026-08-19 00:33:01 UTC (host local 2026-08-18 17:33:01) =====
DEMO GATE OK -> 1514166963 FTMO-Demo equity 99430.84
  bar-vs-tick gap 2s (diagnostic only; freshness is decided by clock_state after exits and reconciliation)
PREFLIGHT OK -- account, clock, data, state, ledgers all verified
  CLOCK FEED_FRESH: feed advancing, age in band, host within tolerance
profit -0.51%  daily headroom 5.00%  total headroom 9.49%  trading days 2

  DESK CLOCK 2026-08-19 01:33 London (broker)
  MARKET EURUSD      STRONG_TREND,AT_HTF_LEVEL,RISK_ON
  MARKET US100.cash  TRANSITION,COMPRESSION,AT_HTF_LEVEL,RISK_ON
  MARKET US500.cash  WEAK_TREND,COMPRESSION,AT_HTF_LEVEL,RISK_ON
  MARKET XAUUSD      WEAK_TREND,AT_HTF_LEVEL,RISK_ON
  BOT_A_gold_0630_breakout: no trade -- outside window: 01:33 London, opens 06:30 closes 16:00
  BOT_B_nas100_usopen_breakout: NOT ELIGIBLE -- regime TRANSITION is structurally wrong for this bot
  BOT_C_sp500_london_breakout: no trade -- outside window: 01:33 London, opens 08:00 closes 16:30
  BOT_D_gold_ny_breakout: no trade -- outside window: 01:33 London, opens 14:30 closes 20:00
  BOT_E_eurusd_london_breakout: no trade -- outside window: 01:33 London, opens 08:00 closes 17:00
  BOT_F_nas100_vwap_reversion: NOT ELIGIBLE -- regime TRANSITION is structurally wrong for this bot
  BOT_G_nas100_h4_pullback: NOT ELIGIBLE -- regime TRANSITION is structurally wrong for this bot
  BOT_H_gold_sweep_reclaim: no trade -- outside window: 01:33 London

  CIO: 0 candidate(s); 0 funded, 0.000% total risk

===== cycle 2026-08-19 00:34:01 UTC (host local 2026-08-18 17:34:01) =====
DEMO GATE OK -> 1514166963 FTMO-Demo equity 99430.84
  bar-vs-tick gap 2s (diagnostic only; freshness is decided by clock_state after exits and reconciliation)
PREFLIGHT OK -- account, clock, data, state, ledgers all verified
  CLOCK FEED_FRESH: feed advancing, age in band, host within tolerance
profit -0.51%  daily headroom 5.00%  total headroom 9.49%  trading days 2

  DESK CLOCK 2026-08-19 01:34 London (broker)
  MARKET EURUSD      STRONG_TREND,AT_HTF_LEVEL,RISK_OFF
  MARKET US100.cash  TRANSITION,COMPRESSION,AT_HTF_LEVEL,RISK_OFF
  MARKET US500.cash  WEAK_TREND,COMPRESSION,AT_HTF_LEVEL,RISK_OFF
  MARKET XAUUSD      WEAK_TREND,AT_HTF_LEVEL,RISK_OFF
  BOT_A_gold_0630_breakout: no trade -- outside window: 01:34 London, opens 06:30 closes 16:00
  BOT_B_nas100_usopen_breakout: NOT ELIGIBLE -- regime TRANSITION is structurally wrong for this bot
  BOT_C_sp500_london_breakout: no trade -- outside window: 01:34 London, opens 08:00 closes 16:30
  BOT_D_gold_ny_breakout: no trade -- outside window: 01:34 London, opens 14:30 closes 20:00
  BOT_E_eurusd_london_breakout: no trade -- outside window: 01:34 London, opens 08:00 closes 17:00
  BOT_F_nas100_vwap_reversion: NOT ELIGIBLE -- regime TRANSITION is structurally wrong for this bot
  BOT_G_nas100_h4_pullback: NOT ELIGIBLE -- regime TRANSITION is structurally wrong for this bot
  BOT_H_gold_sweep_reclaim: no trade -- outside window: 01:34 London

  CIO: 0 candidate(s); 0 funded, 0.000% total risk

===== cycle 2026-08-19 00:35:01 UTC (host local 2026-08-18 17:35:01) =====
DEMO GATE OK -> 1514166963 FTMO-Demo equity 99430.84
  bar-vs-tick gap 2s (diagnostic only; freshness is decided by clock_state after exits and reconciliation)
PREFLIGHT OK -- account, clock, data, state, ledgers all verified
  CLOCK FEED_FRESH: feed advancing, age in band, host within tolerance
profit -0.51%  daily headroom 5.00%  total headroom 9.49%  trading days 2

  DESK CLOCK 2026-08-19 01:35 London (broker)
  MARKET EURUSD      STRONG_TREND,AT_HTF_LEVEL,RISK_OFF
  MARKET US100.cash  TRANSITION,COMPRESSION,AT_HTF_LEVEL,RISK_OFF
  MARKET US500.cash  WEAK_TREND,COMPRESSION,AT_HTF_LEVEL,RISK_OFF
  MARKET XAUUSD      WEAK_TREND,AT_HTF_LEVEL,RISK_OFF
  BOT_A_gold_0630_breakout: no trade -- outside window: 01:35 London, opens 06:30 closes 16:00
  BOT_B_nas100_usopen_breakout: NOT ELIGIBLE -- regime TRANSITION is structurally wrong for this bot
  BOT_C_sp500_london_breakout: no trade -- outside window: 01:35 London, opens 08:00 closes 16:30
  BOT_D_gold_ny_breakout: no trade -- outside window: 01:35 London, opens 14:30 closes 20:00
  BOT_E_eurusd_london_breakout: no trade -- outside window: 01:35 London, opens 08:00 closes 17:00
  BOT_F_nas100_vwap_reversion: NOT ELIGIBLE -- regime TRANSITION is structurally wrong for this bot
  BOT_G_nas100_h4_pullback: NOT ELIGIBLE -- regime TRANSITION is structurally wrong for this bot
  BOT_H_gold_sweep_reclaim: no trade -- outside window: 01:35 London

  CIO: 0 candidate(s); 0 funded, 0.000% total risk

===== cycle 2026-08-19 00:36:01 UTC (host local 2026-08-18 17:36:01) =====
DEMO GATE OK -> 1514166963 FTMO-Demo equity 99430.84
  bar-vs-tick gap 2s (diagnostic only; freshness is decided by clock_state after exits and reconciliation)
PREFLIGHT OK -- account, clock, data, state, ledgers all verified
  CLOCK FEED_FRESH: feed advancing, age in band, host within tolerance
profit -0.51%  daily headroom 5.00%  total headroom 9.49%  trading days 2

  DESK CLOCK 2026-08-19 01:36 London (broker)
  MARKET EURUSD      STRONG_TREND,AT_HTF_LEVEL,RISK_ON
  MARKET US100.cash  TRANSITION,COMPRESSION,AT_HTF_LEVEL,RISK_ON
  MARKET US500.cash  WEAK_TREND,COMPRESSION,AT_HTF_LEVEL,RISK_OFF
  MARKET XAUUSD      WEAK_TREND,AT_HTF_LEVEL,RISK_ON
  BOT_A_gold_0630_breakout: no trade -- outside window: 01:36 London, opens 06:30 closes 16:00
  BOT_B_nas100_usopen_breakout: NOT ELIGIBLE -- regime TRANSITION is structurally wrong for this bot
  BOT_C_sp500_london_breakout: no trade -- outside window: 01:36 London, opens 08:00 closes 16:30
  BOT_D_gold_ny_breakout: no trade -- outside window: 01:36 London, opens 14:30 closes 20:00
  BOT_E_eurusd_london_breakout: no trade -- outside window: 01:36 London, opens 08:00 closes 17:00
  BOT_F_nas100_vwap_reversion: NOT ELIGIBLE -- regime TRANSITION is structurally wrong for this bot
  BOT_G_nas100_h4_pullback: NOT ELIGIBLE -- regime TRANSITION is structurally wrong for this bot
  BOT_H_gold_sweep_reclaim: no trade -- outside window: 01:36 London

  CIO: 0 candidate(s); 0 funded, 0.000% total risk

===== cycle 2026-08-19 00:37:01 UTC (host local 2026-08-18 17:37:01) =====
DEMO GATE OK -> 1514166963 FTMO-Demo equity 99430.84
  bar-vs-tick gap 2s (diagnostic only; freshness is decided by clock_state after exits and reconciliation)
PREFLIGHT OK -- account, clock, data, state, ledgers all verified
  CLOCK FEED_FRESH: feed advancing, age in band, host within tolerance
profit -0.51%  daily headroom 5.00%  total headroom 9.49%  trading days 2

  DESK CLOCK 2026-08-19 01:37 London (broker)
  MARKET EURUSD      STRONG_TREND,AT_HTF_LEVEL,RISK_ON
  MARKET US100.cash  TRANSITION,COMPRESSION,AT_HTF_LEVEL,RISK_ON
  MARKET US500.cash  WEAK_TREND,COMPRESSION,AT_HTF_LEVEL,RISK_ON
  MARKET XAUUSD      WEAK_TREND,AT_HTF_LEVEL,RISK_ON
  BOT_A_gold_0630_breakout: no trade -- outside window: 01:37 London, opens 06:30 closes 16:00
  BOT_B_nas100_usopen_breakout: NOT ELIGIBLE -- regime TRANSITION is structurally wrong for this bot
  BOT_C_sp500_london_breakout: no trade -- outside window: 01:37 London, opens 08:00 closes 16:30
  BOT_D_gold_ny_breakout: no trade -- outside window: 01:37 London, opens 14:30 closes 20:00
  BOT_E_eurusd_london_breakout: no trade -- outside window: 01:37 London, opens 08:00 closes 17:00
  BOT_F_nas100_vwap_reversion: NOT ELIGIBLE -- regime TRANSITION is structurally wrong for this bot
  BOT_G_nas100_h4_pullback: NOT ELIGIBLE -- regime TRANSITION is structurally wrong for this bot
  BOT_H_gold_sweep_reclaim: no trade -- outside window: 01:37 London

  CIO: 0 candidate(s); 0 funded, 0.000% total risk

===== cycle 2026-08-19 00:38:01 UTC (host local 2026-08-18 17:38:01) =====
DEMO GATE OK -> 1514166963 FTMO-Demo equity 99430.84
  bar-vs-tick gap 2s (diagnostic only; freshness is decided by clock_state after exits and reconciliation)
PREFLIGHT OK -- account, clock, data, state, ledgers all verified
  CLOCK FEED_FRESH: feed advancing, age in band, host within tolerance
profit -0.51%  daily headroom 5.00%  total headroom 9.49%  trading days 2

  DESK CLOCK 2026-08-19 01:38 London (broker)
  MARKET EURUSD      STRONG_TREND,AT_HTF_LEVEL,RISK_ON
  MARKET US100.cash  TRANSITION,COMPRESSION,AT_HTF_LEVEL,RISK_ON
  MARKET US500.cash  WEAK_TREND,COMPRESSION,AT_HTF_LEVEL,RISK_ON
  MARKET XAUUSD      WEAK_TREND,AT_HTF_LEVEL,RISK_ON
  BOT_A_gold_0630_breakout: no trade -- outside window: 01:38 London, opens 06:30 closes 16:00
  BOT_B_nas100_usopen_breakout: NOT ELIGIBLE -- regime TRANSITION is structurally wrong for this bot
  BOT_C_sp500_london_breakout: no trade -- outside window: 01:38 London, opens 08:00 closes 16:30
  BOT_D_gold_ny_breakout: no trade -- outside window: 01:38 London, opens 14:30 closes 20:00
  BOT_E_eurusd_london_breakout: no trade -- outside window: 01:38 London, opens 08:00 closes 17:00
  BOT_F_nas100_vwap_reversion: NOT ELIGIBLE -- regime TRANSITION is structurally wrong for this bot
  BOT_G_nas100_h4_pullback: NOT ELIGIBLE -- regime TRANSITION is structurally wrong for this bot
  BOT_H_gold_sweep_reclaim: no trade -- outside window: 01:38 London

  CIO: 0 candidate(s); 0 funded, 0.000% total risk

===== cycle 2026-08-19 00:39:01 UTC (host local 2026-08-18 17:39:01) =====
DEMO GATE OK -> 1514166963 FTMO-Demo equity 99430.84
  bar-vs-tick gap 2s (diagnostic only; freshness is decided by clock_state after exits and reconciliation)
PREFLIGHT OK -- account, clock, data, state, ledgers all verified
  CLOCK FEED_FRESH: feed advancing, age in band, host within tolerance
profit -0.51%  daily headroom 5.00%  total headroom 9.49%  trading days 2

  DESK CLOCK 2026-08-19 01:39 London (broker)
  MARKET EURUSD      STRONG_TREND,AT_HTF_LEVEL,RISK_ON
  MARKET US100.cash  TRANSITION,COMPRESSION,AT_HTF_LEVEL,RISK_ON
  MARKET US500.cash  WEAK_TREND,COMPRESSION,AT_HTF_LEVEL,RISK_ON
  MARKET XAUUSD      WEAK_TREND,AT_HTF_LEVEL,RISK_ON
  BOT_A_gold_0630_breakout: no trade -- outside window: 01:39 London, opens 06:30 closes 16:00
  BOT_B_nas100_usopen_breakout: NOT ELIGIBLE -- regime TRANSITION is structurally wrong for this bot
  BOT_C_sp500_london_breakout: no trade -- outside window: 01:39 London, opens 08:00 closes 16:30
  BOT_D_gold_ny_breakout: no trade -- outside window: 01:39 London, opens 14:30 closes 20:00
  BOT_E_eurusd_london_breakout: no trade -- outside window: 01:39 London, opens 08:00 closes 17:00
  BOT_F_nas100_vwap_reversion: NOT ELIGIBLE -- regime TRANSITION is structurally wrong for this bot
  BOT_G_nas100_h4_pullback: NOT ELIGIBLE -- regime TRANSITION is structurally wrong for this bot
  BOT_H_gold_sweep_reclaim: no trade -- outside window: 01:39 London

  CIO: 0 candidate(s); 0 funded, 0.000% total risk

===== cycle 2026-08-19 00:40:01 UTC (host local 2026-08-18 17:40:01) =====
DEMO GATE OK -> 1514166963 FTMO-Demo equity 99430.84
  bar-vs-tick gap 2s (diagnostic only; freshness is decided by clock_state after exits and reconciliation)
PREFLIGHT OK -- account, clock, data, state, ledgers all verified
  CLOCK FEED_FRESH: feed advancing, age in band, host within tolerance
profit -0.51%  daily headroom 5.00%  total headroom 9.49%  trading days 2

  DESK CLOCK 2026-08-19 01:40 London (broker)
  MARKET EURUSD      STRONG_TREND,AT_HTF_LEVEL,RISK_ON
  MARKET US100.cash  TRANSITION,COMPRESSION,AT_HTF_LEVEL,RISK_ON
  MARKET US500.cash  WEAK_TREND,COMPRESSION,AT_HTF_LEVEL,RISK_ON
  MARKET XAUUSD      WEAK_TREND,AT_HTF_LEVEL,RISK_ON
  BOT_A_gold_0630_breakout: no trade -- outside window: 01:40 London, opens 06:30 closes 16:00
  BOT_B_nas100_usopen_breakout: NOT ELIGIBLE -- regime TRANSITION is structurally wrong for this bot
  BOT_C_sp500_london_breakout: no trade -- outside window: 01:40 London, opens 08:00 closes 16:30
  BOT_D_gold_ny_breakout: no trade -- outside window: 01:40 London, opens 14:30 closes 20:00
  BOT_E_eurusd_london_breakout: no trade -- outside window: 01:40 London, opens 08:00 closes 17:00
  BOT_F_nas100_vwap_reversion: NOT ELIGIBLE -- regime TRANSITION is structurally wrong for this bot
  BOT_G_nas100_h4_pullback: NOT ELIGIBLE -- regime TRANSITION is structurally wrong for this bot
  BOT_H_gold_sweep_reclaim: no trade -- outside window: 01:40 London

  CIO: 0 candidate(s); 0 funded, 0.000% total risk

===== cycle 2026-08-19 00:41:01 UTC (host local 2026-08-18 17:41:01) =====
DEMO GATE OK -> 1514166963 FTMO-Demo equity 99430.84
  bar-vs-tick gap 2s (diagnostic only; freshness is decided by clock_state after exits and reconciliation)
PREFLIGHT OK -- account, clock, data, state, ledgers all verified
  CLOCK FEED_FRESH: feed advancing, age in band, host within tolerance
profit -0.51%  daily headroom 5.00%  total headroom 9.49%  trading days 2

  DESK CLOCK 2026-08-19 01:41 London (broker)
  MARKET EURUSD      STRONG_TREND,AT_HTF_LEVEL,RISK_ON
  MARKET US100.cash  TRANSITION,COMPRESSION,AT_HTF_LEVEL,RISK_ON
  MARKET US500.cash  WEAK_TREND,COMPRESSION,AT_HTF_LEVEL,RISK_ON
  MARKET XAUUSD      WEAK_TREND,AT_HTF_LEVEL,RISK_ON
  BOT_A_gold_0630_breakout: no trade -- outside window: 01:41 London, opens 06:30 closes 16:00
  BOT_B_nas100_usopen_breakout: NOT ELIGIBLE -- regime TRANSITION is structurally wrong for this bot
  BOT_C_sp500_london_breakout: no trade -- outside window: 01:41 London, opens 08:00 closes 16:30
  BOT_D_gold_ny_breakout: no trade -- outside window: 01:41 London, opens 14:30 closes 20:00
  BOT_E_eurusd_london_breakout: no trade -- outside window: 01:41 London, opens 08:00 closes 17:00
  BOT_F_nas100_vwap_reversion: NOT ELIGIBLE -- regime TRANSITION is structurally wrong for this bot
  BOT_G_nas100_h4_pullback: NOT ELIGIBLE -- regime TRANSITION is structurally wrong for this bot
  BOT_H_gold_sweep_reclaim: no trade -- outside window: 01:41 London

  CIO: 0 candidate(s); 0 funded, 0.000% total risk

===== cycle 2026-08-19 00:42:01 UTC (host local 2026-08-18 17:42:01) =====
DEMO GATE OK -> 1514166963 FTMO-Demo equity 99430.84
  bar-vs-tick gap 2s (diagnostic only; freshness is decided by clock_state after exits and reconciliation)
PREFLIGHT OK -- account, clock, data, state, ledgers all verified
  CLOCK FEED_FRESH: feed advancing, age in band, host within tolerance
profit -0.51%  daily headroom 5.00%  total headroom 9.49%  trading days 2

  DESK CLOCK 2026-08-19 01:42 London (broker)
  MARKET EURUSD      STRONG_TREND,AT_HTF_LEVEL,RISK_ON
  MARKET US100.cash  TRANSITION,COMPRESSION,AT_HTF_LEVEL,RISK_ON
  MARKET US500.cash  WEAK_TREND,COMPRESSION,AT_HTF_LEVEL,RISK_ON
  MARKET XAUUSD      WEAK_TREND,AT_HTF_LEVEL,RISK_ON
  BOT_A_gold_0630_breakout: no trade -- outside window: 01:42 London, opens 06:30 closes 16:00
  BOT_B_nas100_usopen_breakout: NOT ELIGIBLE -- regime TRANSITION is structurally wrong for this bot
  BOT_C_sp500_london_breakout: no trade -- outside window: 01:42 London, opens 08:00 closes 16:30
  BOT_D_gold_ny_breakout: no trade -- outside window: 01:42 London, opens 14:30 closes 20:00
  BOT_E_eurusd_london_breakout: no trade -- outside window: 01:42 London, opens 08:00 closes 17:00
  BOT_F_nas100_vwap_reversion: NOT ELIGIBLE -- regime TRANSITION is structurally wrong for this bot
  BOT_G_nas100_h4_pullback: NOT ELIGIBLE -- regime TRANSITION is structurally wrong for this bot
  BOT_H_gold_sweep_reclaim: no trade -- outside window: 01:42 London

  CIO: 0 candidate(s); 0 funded, 0.000% total risk

===== cycle 2026-08-19 00:43:01 UTC (host local 2026-08-18 17:43:01) =====
DEMO GATE OK -> 1514166963 FTMO-Demo equity 99430.84
  bar-vs-tick gap 2s (diagnostic only; freshness is decided by clock_state after exits and reconciliation)
PREFLIGHT OK -- account, clock, data, state, ledgers all verified
  CLOCK FEED_FRESH: feed advancing, age in band, host within tolerance
profit -0.51%  daily headroom 5.00%  total headroom 9.49%  trading days 2

  DESK CLOCK 2026-08-19 01:43 London (broker)
  MARKET EURUSD      STRONG_TREND,AT_HTF_LEVEL,RISK_ON
  MARKET US100.cash  TRANSITION,COMPRESSION,AT_HTF_LEVEL,RISK_ON
  MARKET US500.cash  WEAK_TREND,COMPRESSION,AT_HTF_LEVEL,RISK_ON
  MARKET XAUUSD      WEAK_TREND,AT_HTF_LEVEL,RISK_ON
  BOT_A_gold_0630_breakout: no trade -- outside window: 01:43 London, opens 06:30 closes 16:00
  BOT_B_nas100_usopen_breakout: NOT ELIGIBLE -- regime TRANSITION is structurally wrong for this bot
  BOT_C_sp500_london_breakout: no trade -- outside window: 01:43 London, opens 08:00 closes 16:30
  BOT_D_gold_ny_breakout: no trade -- outside window: 01:43 London, opens 14:30 closes 20:00
  BOT_E_eurusd_london_breakout: no trade -- outside window: 01:43 London, opens 08:00 closes 17:00
  BOT_F_nas100_vwap_reversion: NOT ELIGIBLE -- regime TRANSITION is structurally wrong for this bot
  BOT_G_nas100_h4_pullback: NOT ELIGIBLE -- regime TRANSITION is structurally wrong for this bot
  BOT_H_gold_sweep_reclaim: no trade -- outside window: 01:43 London

  CIO: 0 candidate(s); 0 funded, 0.000% total risk

===== cycle 2026-08-19 00:44:01 UTC (host local 2026-08-18 17:44:01) =====
DEMO GATE OK -> 1514166963 FTMO-Demo equity 99430.84
  bar-vs-tick gap 2s (diagnostic only; freshness is decided by clock_state after exits and reconciliation)
PREFLIGHT OK -- account, clock, data, state, ledgers all verified
  CLOCK FEED_FRESH: feed advancing, age in band, host within tolerance
profit -0.51%  daily headroom 5.00%  total headroom 9.49%  trading days 2

  DESK CLOCK 2026-08-19 01:44 London (broker)
  MARKET EURUSD      STRONG_TREND,AT_HTF_LEVEL,RISK_ON
  MARKET US100.cash  TRANSITION,COMPRESSION,AT_HTF_LEVEL,RISK_ON
  MARKET US500.cash  WEAK_TREND,COMPRESSION,AT_HTF_LEVEL,RISK_ON
  MARKET XAUUSD      WEAK_TREND,AT_HTF_LEVEL,RISK_ON
  BOT_A_gold_0630_breakout: no trade -- outside window: 01:44 London, opens 06:30 closes 16:00
  BOT_B_nas100_usopen_breakout: NOT ELIGIBLE -- regime TRANSITION is structurally wrong for this bot
  BOT_C_sp500_london_breakout: no trade -- outside window: 01:44 London, opens 08:00 closes 16:30
  BOT_D_gold_ny_breakout: no trade -- outside window: 01:44 London, opens 14:30 closes 20:00
  BOT_E_eurusd_london_breakout: no trade -- outside window: 01:44 London, opens 08:00 closes 17:00
  BOT_F_nas100_vwap_reversion: NOT ELIGIBLE -- regime TRANSITION is structurally wrong for this bot
  BOT_G_nas100_h4_pullback: NOT ELIGIBLE -- regime TRANSITION is structurally wrong for this bot
  BOT_H_gold_sweep_reclaim: no trade -- outside window: 01:44 London

  CIO: 0 candidate(s); 0 funded, 0.000% total risk

===== cycle 2026-08-19 00:45:01 UTC (host local 2026-08-18 17:45:01) =====
DEMO GATE OK -> 1514166963 FTMO-Demo equity 99430.84
  bar-vs-tick gap 2s (diagnostic only; freshness is decided by clock_state after exits and reconciliation)
PREFLIGHT OK -- account, clock, data, state, ledgers all verified
  CLOCK FEED_FRESH: feed advancing, age in band, host within tolerance
profit -0.51%  daily headroom 5.00%  total headroom 9.49%  trading days 2

  DESK CLOCK 2026-08-19 01:45 London (broker)
  MARKET EURUSD      STRONG_TREND,AT_HTF_LEVEL,RISK_ON
  MARKET US100.cash  TRANSITION,COMPRESSION,AT_HTF_LEVEL,RISK_ON
  MARKET US500.cash  WEAK_TREND,COMPRESSION,AT_HTF_LEVEL,RISK_ON
  MARKET XAUUSD      WEAK_TREND,AT_HTF_LEVEL,RISK_ON
  BOT_A_gold_0630_breakout: no trade -- outside window: 01:45 London, opens 06:30 closes 16:00
  BOT_B_nas100_usopen_breakout: NOT ELIGIBLE -- regime TRANSITION is structurally wrong for this bot
  BOT_C_sp500_london_breakout: no trade -- outside window: 01:45 London, opens 08:00 closes 16:30
  BOT_D_gold_ny_breakout: no trade -- outside window: 01:45 London, opens 14:30 closes 20:00
  BOT_E_eurusd_london_breakout: no trade -- outside window: 01:45 London, opens 08:00 closes 17:00
  BOT_F_nas100_vwap_reversion: NOT ELIGIBLE -- regime TRANSITION is structurally wrong for this bot
  BOT_G_nas100_h4_pullback: NOT ELIGIBLE -- regime TRANSITION is structurally wrong for this bot
  BOT_H_gold_sweep_reclaim: no trade -- outside window: 01:45 London

  CIO: 0 candidate(s); 0 funded, 0.000% total risk

===== cycle 2026-08-19 00:46:01 UTC (host local 2026-08-18 17:46:01) =====
DEMO GATE OK -> 1514166963 FTMO-Demo equity 99430.84
  bar-vs-tick gap 2s (diagnostic only; freshness is decided by clock_state after exits and reconciliation)
PREFLIGHT OK -- account, clock, data, state, ledgers all verified
  CLOCK FEED_FRESH: feed advancing, age in band, host within tolerance
profit -0.51%  daily headroom 5.00%  total headroom 9.49%  trading days 2

  DESK CLOCK 2026-08-19 01:46 London (broker)
  MARKET EURUSD      STRONG_TREND,AT_HTF_LEVEL,RISK_ON
  MARKET US100.cash  TRANSITION,COMPRESSION,AT_HTF_LEVEL,RISK_ON
  MARKET US500.cash  WEAK_TREND,COMPRESSION,AT_HTF_LEVEL,RISK_ON
  MARKET XAUUSD      WEAK_TREND,AT_HTF_LEVEL,RISK_ON
  BOT_A_gold_0630_breakout: no trade -- outside window: 01:46 London, opens 06:30 closes 16:00
  BOT_B_nas100_usopen_breakout: NOT ELIGIBLE -- regime TRANSITION is structurally wrong for this bot
  BOT_C_sp500_london_breakout: no trade -- outside window: 01:46 London, opens 08:00 closes 16:30
  BOT_D_gold_ny_breakout: no trade -- outside window: 01:46 London, opens 14:30 closes 20:00
  BOT_E_eurusd_london_breakout: no trade -- outside window: 01:46 London, opens 08:00 closes 17:00
  BOT_F_nas100_vwap_reversion: NOT ELIGIBLE -- regime TRANSITION is structurally wrong for this bot
  BOT_G_nas100_h4_pullback: NOT ELIGIBLE -- regime TRANSITION is structurally wrong for this bot
  BOT_H_gold_sweep_reclaim: no trade -- outside window: 01:46 London

  CIO: 0 candidate(s); 0 funded, 0.000% total risk

===== cycle 2026-08-19 00:47:01 UTC (host local 2026-08-18 17:47:01) =====
DEMO GATE OK -> 1514166963 FTMO-Demo equity 99430.84
  bar-vs-tick gap 2s (diagnostic only; freshness is decided by clock_state after exits and reconciliation)
PREFLIGHT OK -- account, clock, data, state, ledgers all verified
  CLOCK FEED_FRESH: feed advancing, age in band, host within tolerance
profit -0.51%  daily headroom 5.00%  total headroom 9.49%  trading days 2

  DESK CLOCK 2026-08-19 01:47 London (broker)
  MARKET EURUSD      STRONG_TREND,AT_HTF_LEVEL,RISK_ON
  MARKET US100.cash  TRANSITION,COMPRESSION,AT_HTF_LEVEL,RISK_ON
  MARKET US500.cash  WEAK_TREND,COMPRESSION,AT_HTF_LEVEL,RISK_ON
  MARKET XAUUSD      WEAK_TREND,AT_HTF_LEVEL,RISK_ON
  BOT_A_gold_0630_breakout: no trade -- outside window: 01:47 London, opens 06:30 closes 16:00
  BOT_B_nas100_usopen_breakout: NOT ELIGIBLE -- regime TRANSITION is structurally wrong for this bot
  BOT_C_sp500_london_breakout: no trade -- outside window: 01:47 London, opens 08:00 closes 16:30
  BOT_D_gold_ny_breakout: no trade -- outside window: 01:47 London, opens 14:30 closes 20:00
  BOT_E_eurusd_london_breakout: no trade -- outside window: 01:47 London, opens 08:00 closes 17:00
  BOT_F_nas100_vwap_reversion: NOT ELIGIBLE -- regime TRANSITION is structurally wrong for this bot
  BOT_G_nas100_h4_pullback: NOT ELIGIBLE -- regime TRANSITION is structurally wrong for this bot
  BOT_H_gold_sweep_reclaim: no trade -- outside window: 01:47 London

  CIO: 0 candidate(s); 0 funded, 0.000% total risk

===== cycle 2026-08-19 00:48:01 UTC (host local 2026-08-18 17:48:01) =====
DEMO GATE OK -> 1514166963 FTMO-Demo equity 99430.84
  bar-vs-tick gap 2s (diagnostic only; freshness is decided by clock_state after exits and reconciliation)
PREFLIGHT OK -- account, clock, data, state, ledgers all verified
  CLOCK FEED_FRESH: feed advancing, age in band, host within tolerance
profit -0.51%  daily headroom 5.00%  total headroom 9.49%  trading days 2

  DESK CLOCK 2026-08-19 01:48 London (broker)
  MARKET EURUSD      STRONG_TREND,AT_HTF_LEVEL,RISK_ON
  MARKET US100.cash  TRANSITION,COMPRESSION,AT_HTF_LEVEL,RISK_ON
  MARKET US500.cash  WEAK_TREND,COMPRESSION,AT_HTF_LEVEL,RISK_ON
  MARKET XAUUSD      WEAK_TREND,AT_HTF_LEVEL,RISK_ON
  BOT_A_gold_0630_breakout: no trade -- outside window: 01:48 London, opens 06:30 closes 16:00
  BOT_B_nas100_usopen_breakout: NOT ELIGIBLE -- regime TRANSITION is structurally wrong for this bot
  BOT_C_sp500_london_breakout: no trade -- outside window: 01:48 London, opens 08:00 closes 16:30
  BOT_D_gold_ny_breakout: no trade -- outside window: 01:48 London, opens 14:30 closes 20:00
  BOT_E_eurusd_london_breakout: no trade -- outside window: 01:48 London, opens 08:00 closes 17:00
  BOT_F_nas100_vwap_reversion: NOT ELIGIBLE -- regime TRANSITION is structurally wrong for this bot
  BOT_G_nas100_h4_pullback: NOT ELIGIBLE -- regime TRANSITION is structurally wrong for this bot
  BOT_H_gold_sweep_reclaim: no trade -- outside window: 01:48 London

  CIO: 0 candidate(s); 0 funded, 0.000% total risk

===== cycle 2026-08-19 00:49:01 UTC (host local 2026-08-18 17:49:01) =====
DEMO GATE OK -> 1514166963 FTMO-Demo equity 99430.84
  bar-vs-tick gap 2s (diagnostic only; freshness is decided by clock_state after exits and reconciliation)
PREFLIGHT OK -- account, clock, data, state, ledgers all verified
  CLOCK FEED_FRESH: feed advancing, age in band, host within tolerance
profit -0.51%  daily headroom 5.00%  total headroom 9.49%  trading days 2

  DESK CLOCK 2026-08-19 01:49 London (broker)
  MARKET EURUSD      STRONG_TREND,AT_HTF_LEVEL,RISK_ON
  MARKET US100.cash  TRANSITION,COMPRESSION,AT_HTF_LEVEL,RISK_ON
  MARKET US500.cash  WEAK_TREND,COMPRESSION,AT_HTF_LEVEL,RISK_ON
  MARKET XAUUSD      WEAK_TREND,AT_HTF_LEVEL,RISK_ON
  BOT_A_gold_0630_breakout: no trade -- outside window: 01:49 London, opens 06:30 closes 16:00
  BOT_B_nas100_usopen_breakout: NOT ELIGIBLE -- regime TRANSITION is structurally wrong for this bot
  BOT_C_sp500_london_breakout: no trade -- outside window: 01:49 London, opens 08:00 closes 16:30
  BOT_D_gold_ny_breakout: no trade -- outside window: 01:49 London, opens 14:30 closes 20:00
  BOT_E_eurusd_london_breakout: no trade -- outside window: 01:49 London, opens 08:00 closes 17:00
  BOT_F_nas100_vwap_reversion: NOT ELIGIBLE -- regime TRANSITION is structurally wrong for this bot
  BOT_G_nas100_h4_pullback: NOT ELIGIBLE -- regime TRANSITION is structurally wrong for this bot
  BOT_H_gold_sweep_reclaim: no trade -- outside window: 01:49 London

  CIO: 0 candidate(s); 0 funded, 0.000% total risk

===== cycle 2026-08-19 00:50:01 UTC (host local 2026-08-18 17:50:01) =====
DEMO GATE OK -> 1514166963 FTMO-Demo equity 99430.84
  bar-vs-tick gap 2s (diagnostic only; freshness is decided by clock_state after exits and reconciliation)
PREFLIGHT OK -- account, clock, data, state, ledgers all verified
  CLOCK FEED_FRESH: feed advancing, age in band, host within tolerance
profit -0.51%  daily headroom 5.00%  total headroom 9.49%  trading days 2

  DESK CLOCK 2026-08-19 01:50 London (broker)
  MARKET EURUSD      STRONG_TREND,AT_HTF_LEVEL,RISK_ON
  MARKET US100.cash  TRANSITION,COMPRESSION,AT_HTF_LEVEL,RISK_ON
  MARKET US500.cash  WEAK_TREND,COMPRESSION,AT_HTF_LEVEL,RISK_ON
  MARKET XAUUSD      WEAK_TREND,AT_HTF_LEVEL,RISK_ON
  BOT_A_gold_0630_breakout: no trade -- outside window: 01:50 London, opens 06:30 closes 16:00
  BOT_B_nas100_usopen_breakout: NOT ELIGIBLE -- regime TRANSITION is structurally wrong for this bot
  BOT_C_sp500_london_breakout: no trade -- outside window: 01:50 London, opens 08:00 closes 16:30
  BOT_D_gold_ny_breakout: no trade -- outside window: 01:50 London, opens 14:30 closes 20:00
  BOT_E_eurusd_london_breakout: no trade -- outside window: 01:50 London, opens 08:00 closes 17:00
  BOT_F_nas100_vwap_reversion: NOT ELIGIBLE -- regime TRANSITION is structurally wrong for this bot
  BOT_G_nas100_h4_pullback: NOT ELIGIBLE -- regime TRANSITION is structurally wrong for this bot
  BOT_H_gold_sweep_reclaim: no trade -- outside window: 01:50 London

  CIO: 0 candidate(s); 0 funded, 0.000% total risk

===== cycle 2026-08-19 00:51:01 UTC (host local 2026-08-18 17:51:01) =====
DEMO GATE OK -> 1514166963 FTMO-Demo equity 99430.84
  bar-vs-tick gap 2s (diagnostic only; freshness is decided by clock_state after exits and reconciliation)
PREFLIGHT OK -- account, clock, data, state, ledgers all verified
  CLOCK FEED_FRESH: feed advancing, age in band, host within tolerance
profit -0.51%  daily headroom 5.00%  total headroom 9.49%  trading days 2

  DESK CLOCK 2026-08-19 01:51 London (broker)
  MARKET EURUSD      STRONG_TREND,AT_HTF_LEVEL,RISK_ON
  MARKET US100.cash  TRANSITION,COMPRESSION,AT_HTF_LEVEL,RISK_ON
  MARKET US500.cash  WEAK_TREND,COMPRESSION,AT_HTF_LEVEL,RISK_ON
  MARKET XAUUSD      WEAK_TREND,AT_HTF_LEVEL,RISK_ON
  BOT_A_gold_0630_breakout: no trade -- outside window: 01:51 London, opens 06:30 closes 16:00
  BOT_B_nas100_usopen_breakout: NOT ELIGIBLE -- regime TRANSITION is structurally wrong for this bot
  BOT_C_sp500_london_breakout: no trade -- outside window: 01:51 London, opens 08:00 closes 16:30
  BOT_D_gold_ny_breakout: no trade -- outside window: 01:51 London, opens 14:30 closes 20:00
  BOT_E_eurusd_london_breakout: no trade -- outside window: 01:51 London, opens 08:00 closes 17:00
  BOT_F_nas100_vwap_reversion: NOT ELIGIBLE -- regime TRANSITION is structurally wrong for this bot
  BOT_G_nas100_h4_pullback: NOT ELIGIBLE -- regime TRANSITION is structurally wrong for this bot
  BOT_H_gold_sweep_reclaim: no trade -- outside window: 01:51 London

  CIO: 0 candidate(s); 0 funded, 0.000% total risk

===== cycle 2026-08-19 00:52:01 UTC (host local 2026-08-18 17:52:01) =====
DEMO GATE OK -> 1514166963 FTMO-Demo equity 99430.84
  bar-vs-tick gap 2s (diagnostic only; freshness is decided by clock_state after exits and reconciliation)
PREFLIGHT OK -- account, clock, data, state, ledgers all verified
  CLOCK FEED_FRESH: feed advancing, age in band, host within tolerance
profit -0.51%  daily headroom 5.00%  total headroom 9.49%  trading days 2

  DESK CLOCK 2026-08-19 01:52 London (broker)
  MARKET EURUSD      STRONG_TREND,AT_HTF_LEVEL,RISK_ON
  MARKET US100.cash  TRANSITION,COMPRESSION,AT_HTF_LEVEL,RISK_ON
  MARKET US500.cash  WEAK_TREND,COMPRESSION,AT_HTF_LEVEL,RISK_ON
  MARKET XAUUSD      WEAK_TREND,AT_HTF_LEVEL,RISK_ON
  BOT_A_gold_0630_breakout: no trade -- outside window: 01:52 London, opens 06:30 closes 16:00
  BOT_B_nas100_usopen_breakout: NOT ELIGIBLE -- regime TRANSITION is structurally wrong for this bot
  BOT_C_sp500_london_breakout: no trade -- outside window: 01:52 London, opens 08:00 closes 16:30
  BOT_D_gold_ny_breakout: no trade -- outside window: 01:52 London, opens 14:30 closes 20:00
  BOT_E_eurusd_london_breakout: no trade -- outside window: 01:52 London, opens 08:00 closes 17:00
  BOT_F_nas100_vwap_reversion: NOT ELIGIBLE -- regime TRANSITION is structurally wrong for this bot
  BOT_G_nas100_h4_pullback: NOT ELIGIBLE -- regime TRANSITION is structurally wrong for this bot
  BOT_H_gold_sweep_reclaim: no trade -- outside window: 01:52 London

  CIO: 0 candidate(s); 0 funded, 0.000% total risk

===== cycle 2026-08-19 00:53:01 UTC (host local 2026-08-18 17:53:01) =====
DEMO GATE OK -> 1514166963 FTMO-Demo equity 99430.84
  bar-vs-tick gap 2s (diagnostic only; freshness is decided by clock_state after exits and reconciliation)
PREFLIGHT OK -- account, clock, data, state, ledgers all verified
  CLOCK FEED_FRESH: feed advancing, age in band, host within tolerance
profit -0.51%  daily headroom 5.00%  total headroom 9.49%  trading days 2

  DESK CLOCK 2026-08-19 01:53 London (broker)
  MARKET EURUSD      STRONG_TREND,AT_HTF_LEVEL,RISK_ON
  MARKET US100.cash  TRANSITION,COMPRESSION,AT_HTF_LEVEL,RISK_ON
  MARKET US500.cash  WEAK_TREND,COMPRESSION,AT_HTF_LEVEL,RISK_ON
  MARKET XAUUSD      WEAK_TREND,AT_HTF_LEVEL,RISK_ON
  BOT_A_gold_0630_breakout: no trade -- outside window: 01:53 London, opens 06:30 closes 16:00
  BOT_B_nas100_usopen_breakout: NOT ELIGIBLE -- regime TRANSITION is structurally wrong for this bot
  BOT_C_sp500_london_breakout: no trade -- outside window: 01:53 London, opens 08:00 closes 16:30
  BOT_D_gold_ny_breakout: no trade -- outside window: 01:53 London, opens 14:30 closes 20:00
  BOT_E_eurusd_london_breakout: no trade -- outside window: 01:53 London, opens 08:00 closes 17:00
  BOT_F_nas100_vwap_reversion: NOT ELIGIBLE -- regime TRANSITION is structurally wrong for this bot
  BOT_G_nas100_h4_pullback: NOT ELIGIBLE -- regime TRANSITION is structurally wrong for this bot
  BOT_H_gold_sweep_reclaim: no trade -- outside window: 01:53 London

  CIO: 0 candidate(s); 0 funded, 0.000% total risk

===== cycle 2026-08-19 00:54:01 UTC (host local 2026-08-18 17:54:01) =====
DEMO GATE OK -> 1514166963 FTMO-Demo equity 99430.84
  bar-vs-tick gap 2s (diagnostic only; freshness is decided by clock_state after exits and reconciliation)
PREFLIGHT OK -- account, clock, data, state, ledgers all verified
  CLOCK FEED_FRESH: feed advancing, age in band, host within tolerance
profit -0.51%  daily headroom 5.00%  total headroom 9.49%  trading days 2

  DESK CLOCK 2026-08-19 01:54 London (broker)
  MARKET EURUSD      STRONG_TREND,AT_HTF_LEVEL,RISK_ON
  MARKET US100.cash  TRANSITION,COMPRESSION,AT_HTF_LEVEL,RISK_ON
  MARKET US500.cash  WEAK_TREND,COMPRESSION,AT_HTF_LEVEL,RISK_ON
  MARKET XAUUSD      WEAK_TREND,AT_HTF_LEVEL,RISK_ON
  BOT_A_gold_0630_breakout: no trade -- outside window: 01:54 London, opens 06:30 closes 16:00
  BOT_B_nas100_usopen_breakout: NOT ELIGIBLE -- regime TRANSITION is structurally wrong for this bot
  BOT_C_sp500_london_breakout: no trade -- outside window: 01:54 London, opens 08:00 closes 16:30
  BOT_D_gold_ny_breakout: no trade -- outside window: 01:54 London, opens 14:30 closes 20:00
  BOT_E_eurusd_london_breakout: no trade -- outside window: 01:54 London, opens 08:00 closes 17:00
  BOT_F_nas100_vwap_reversion: NOT ELIGIBLE -- regime TRANSITION is structurally wrong for this bot
  BOT_G_nas100_h4_pullback: NOT ELIGIBLE -- regime TRANSITION is structurally wrong for this bot
  BOT_H_gold_sweep_reclaim: no trade -- outside window: 01:54 London

  CIO: 0 candidate(s); 0 funded, 0.000% total risk

===== cycle 2026-08-19 00:55:01 UTC (host local 2026-08-18 17:55:01) =====
DEMO GATE OK -> 1514166963 FTMO-Demo equity 99430.84
  bar-vs-tick gap 2s (diagnostic only; freshness is decided by clock_state after exits and reconciliation)
PREFLIGHT OK -- account, clock, data, state, ledgers all verified
  CLOCK FEED_FRESH: feed advancing, age in band, host within tolerance
profit -0.51%  daily headroom 5.00%  total headroom 9.49%  trading days 2

  DESK CLOCK 2026-08-19 01:55 London (broker)
  MARKET EURUSD      STRONG_TREND,AT_HTF_LEVEL,RISK_ON
  MARKET US100.cash  TRANSITION,COMPRESSION,AT_HTF_LEVEL,RISK_ON
  MARKET US500.cash  WEAK_TREND,COMPRESSION,AT_HTF_LEVEL,RISK_ON
  MARKET XAUUSD      WEAK_TREND,AT_HTF_LEVEL,RISK_ON
  BOT_A_gold_0630_breakout: no trade -- outside window: 01:55 London, opens 06:30 closes 16:00
  BOT_B_nas100_usopen_breakout: NOT ELIGIBLE -- regime TRANSITION is structurally wrong for this bot
  BOT_C_sp500_london_breakout: no trade -- outside window: 01:55 London, opens 08:00 closes 16:30
  BOT_D_gold_ny_breakout: no trade -- outside window: 01:55 London, opens 14:30 closes 20:00
  BOT_E_eurusd_london_breakout: no trade -- outside window: 01:55 London, opens 08:00 closes 17:00
  BOT_F_nas100_vwap_reversion: NOT ELIGIBLE -- regime TRANSITION is structurally wrong for this bot
  BOT_G_nas100_h4_pullback: NOT ELIGIBLE -- regime TRANSITION is structurally wrong for this bot
  BOT_H_gold_sweep_reclaim: no trade -- outside window: 01:55 London

  CIO: 0 candidate(s); 0 funded, 0.000% total risk

===== cycle 2026-08-19 00:56:01 UTC (host local 2026-08-18 17:56:01) =====
DEMO GATE OK -> 1514166963 FTMO-Demo equity 99430.84
  bar-vs-tick gap 2s (diagnostic only; freshness is decided by clock_state after exits and reconciliation)
PREFLIGHT OK -- account, clock, data, state, ledgers all verified
  CLOCK FEED_FRESH: feed advancing, age in band, host within tolerance
profit -0.51%  daily headroom 5.00%  total headroom 9.49%  trading days 2

  DESK CLOCK 2026-08-19 01:56 London (broker)
  MARKET EURUSD      STRONG_TREND,AT_HTF_LEVEL,RISK_ON
  MARKET US100.cash  TRANSITION,COMPRESSION,AT_HTF_LEVEL,RISK_ON
  MARKET US500.cash  WEAK_TREND,COMPRESSION,AT_HTF_LEVEL,RISK_ON
  MARKET XAUUSD      WEAK_TREND,AT_HTF_LEVEL,RISK_ON
  BOT_A_gold_0630_breakout: no trade -- outside window: 01:56 London, opens 06:30 closes 16:00
  BOT_B_nas100_usopen_breakout: NOT ELIGIBLE -- regime TRANSITION is structurally wrong for this bot
  BOT_C_sp500_london_breakout: no trade -- outside window: 01:56 London, opens 08:00 closes 16:30
  BOT_D_gold_ny_breakout: no trade -- outside window: 01:56 London, opens 14:30 closes 20:00
  BOT_E_eurusd_london_breakout: no trade -- outside window: 01:56 London, opens 08:00 closes 17:00
  BOT_F_nas100_vwap_reversion: NOT ELIGIBLE -- regime TRANSITION is structurally wrong for this bot
  BOT_G_nas100_h4_pullback: NOT ELIGIBLE -- regime TRANSITION is structurally wrong for this bot
  BOT_H_gold_sweep_reclaim: no trade -- outside window: 01:56 London

  CIO: 0 candidate(s); 0 funded, 0.000% total risk

===== cycle 2026-08-19 00:57:01 UTC (host local 2026-08-18 17:57:01) =====
DEMO GATE OK -> 1514166963 FTMO-Demo equity 99430.84
  bar-vs-tick gap 2s (diagnostic only; freshness is decided by clock_state after exits and reconciliation)
PREFLIGHT OK -- account, clock, data, state, ledgers all verified
  CLOCK FEED_FRESH: feed advancing, age in band, host within tolerance
profit -0.51%  daily headroom 5.00%  total headroom 9.49%  trading days 2

  DESK CLOCK 2026-08-19 01:57 London (broker)
  MARKET EURUSD      STRONG_TREND,AT_HTF_LEVEL,RISK_ON
  MARKET US100.cash  TRANSITION,COMPRESSION,AT_HTF_LEVEL,RISK_ON
  MARKET US500.cash  WEAK_TREND,COMPRESSION,AT_HTF_LEVEL,RISK_ON
  MARKET XAUUSD      WEAK_TREND,AT_HTF_LEVEL,RISK_ON
  BOT_A_gold_0630_breakout: no trade -- outside window: 01:57 London, opens 06:30 closes 16:00
  BOT_B_nas100_usopen_breakout: NOT ELIGIBLE -- regime TRANSITION is structurally wrong for this bot
  BOT_C_sp500_london_breakout: no trade -- outside window: 01:57 London, opens 08:00 closes 16:30
  BOT_D_gold_ny_breakout: no trade -- outside window: 01:57 London, opens 14:30 closes 20:00
  BOT_E_eurusd_london_breakout: no trade -- outside window: 01:57 London, opens 08:00 closes 17:00
  BOT_F_nas100_vwap_reversion: NOT ELIGIBLE -- regime TRANSITION is structurally wrong for this bot
  BOT_G_nas100_h4_pullback: NOT ELIGIBLE -- regime TRANSITION is structurally wrong for this bot
  BOT_H_gold_sweep_reclaim: no trade -- outside window: 01:57 London

  CIO: 0 candidate(s); 0 funded, 0.000% total risk

===== cycle 2026-08-19 00:58:01 UTC (host local 2026-08-18 17:58:01) =====
DEMO GATE OK -> 1514166963 FTMO-Demo equity 99430.84
  bar-vs-tick gap 2s (diagnostic only; freshness is decided by clock_state after exits and reconciliation)
PREFLIGHT OK -- account, clock, data, state, ledgers all verified
  CLOCK FEED_FRESH: feed advancing, age in band, host within tolerance
profit -0.51%  daily headroom 5.00%  total headroom 9.49%  trading days 2

  DESK CLOCK 2026-08-19 01:58 London (broker)
  MARKET EURUSD      STRONG_TREND,AT_HTF_LEVEL,RISK_OFF
  MARKET US100.cash  TRANSITION,COMPRESSION,AT_HTF_LEVEL,RISK_OFF
  MARKET US500.cash  WEAK_TREND,COMPRESSION,AT_HTF_LEVEL,RISK_OFF
  MARKET XAUUSD      WEAK_TREND,AT_HTF_LEVEL,RISK_OFF
  BOT_A_gold_0630_breakout: no trade -- outside window: 01:58 London, opens 06:30 closes 16:00
  BOT_B_nas100_usopen_breakout: NOT ELIGIBLE -- regime TRANSITION is structurally wrong for this bot
  BOT_C_sp500_london_breakout: no trade -- outside window: 01:58 London, opens 08:00 closes 16:30
  BOT_D_gold_ny_breakout: no trade -- outside window: 01:58 London, opens 14:30 closes 20:00
  BOT_E_eurusd_london_breakout: no trade -- outside window: 01:58 London, opens 08:00 closes 17:00
  BOT_F_nas100_vwap_reversion: NOT ELIGIBLE -- regime TRANSITION is structurally wrong for this bot
  BOT_G_nas100_h4_pullback: NOT ELIGIBLE -- regime TRANSITION is structurally wrong for this bot
  BOT_H_gold_sweep_reclaim: no trade -- outside window: 01:58 London

  CIO: 0 candidate(s); 0 funded, 0.000% total risk

===== cycle 2026-08-19 00:59:01 UTC (host local 2026-08-18 17:59:01) =====
DEMO GATE OK -> 1514166963 FTMO-Demo equity 99430.84
  bar-vs-tick gap 2s (diagnostic only; freshness is decided by clock_state after exits and reconciliation)
PREFLIGHT OK -- account, clock, data, state, ledgers all verified
  CLOCK FEED_FRESH: feed advancing, age in band, host within tolerance
profit -0.51%  daily headroom 5.00%  total headroom 9.49%  trading days 2

  DESK CLOCK 2026-08-19 01:59 London (broker)
  MARKET EURUSD      STRONG_TREND,AT_HTF_LEVEL,RISK_OFF
  MARKET US100.cash  TRANSITION,COMPRESSION,AT_HTF_LEVEL,RISK_OFF
  MARKET US500.cash  WEAK_TREND,COMPRESSION,AT_HTF_LEVEL,RISK_OFF
  MARKET XAUUSD      WEAK_TREND,AT_HTF_LEVEL,RISK_OFF
  BOT_A_gold_0630_breakout: no trade -- outside window: 01:59 London, opens 06:30 closes 16:00
  BOT_B_nas100_usopen_breakout: NOT ELIGIBLE -- regime TRANSITION is structurally wrong for this bot
  BOT_C_sp500_london_breakout: no trade -- outside window: 01:59 London, opens 08:00 closes 16:30
  BOT_D_gold_ny_breakout: no trade -- outside window: 01:59 London, opens 14:30 closes 20:00
  BOT_E_eurusd_london_breakout: no trade -- outside window: 01:59 London, opens 08:00 closes 17:00
  BOT_F_nas100_vwap_reversion: NOT ELIGIBLE -- regime TRANSITION is structurally wrong for this bot
  BOT_G_nas100_h4_pullback: NOT ELIGIBLE -- regime TRANSITION is structurally wrong for this bot
  BOT_H_gold_sweep_reclaim: no trade -- outside window: 01:59 London

  CIO: 0 candidate(s); 0 funded, 0.000% total risk

===== cycle 2026-08-19 01:00:01 UTC (host local 2026-08-18 18:00:01) =====
DEMO GATE OK -> 1514166963 FTMO-Demo equity 99430.84
  bar-vs-tick gap 2s (diagnostic only; freshness is decided by clock_state after exits and reconciliation)
PREFLIGHT OK -- account, clock, data, state, ledgers all verified
  CLOCK FEED_FRESH: feed advancing, age in band, host within tolerance
profit -0.51%  daily headroom 5.00%  total headroom 9.49%  trading days 2

  DESK CLOCK 2026-08-19 02:00 London (broker)
  MARKET EURUSD      STRONG_TREND,AT_HTF_LEVEL,RISK_OFF
  MARKET US100.cash  TRANSITION,COMPRESSION,AT_HTF_LEVEL,RISK_OFF
  MARKET US500.cash  WEAK_TREND,COMPRESSION,AT_HTF_LEVEL,RISK_OFF
  MARKET XAUUSD      WEAK_TREND,AT_HTF_LEVEL,RISK_OFF
  BOT_A_gold_0630_breakout: no trade -- outside window: 02:00 London, opens 06:30 closes 16:00
  BOT_B_nas100_usopen_breakout: NOT ELIGIBLE -- regime TRANSITION is structurally wrong for this bot
  BOT_C_sp500_london_breakout: no trade -- outside window: 02:00 London, opens 08:00 closes 16:30
  BOT_D_gold_ny_breakout: no trade -- outside window: 02:00 London, opens 14:30 closes 20:00
  BOT_E_eurusd_london_breakout: no trade -- outside window: 02:00 London, opens 08:00 closes 17:00
  BOT_F_nas100_vwap_reversion: NOT ELIGIBLE -- regime TRANSITION is structurally wrong for this bot
  BOT_G_nas100_h4_pullback: NOT ELIGIBLE -- regime TRANSITION is structurally wrong for this bot
  BOT_H_gold_sweep_reclaim: no trade -- outside window: 02:00 London

  CIO: 0 candidate(s); 0 funded, 0.000% total risk

===== cycle 2026-08-19 01:01:01 UTC (host local 2026-08-18 18:01:01) =====
DEMO GATE OK -> 1514166963 FTMO-Demo equity 99430.84
  bar-vs-tick gap 2s (diagnostic only; freshness is decided by clock_state after exits and reconciliation)
PREFLIGHT OK -- account, clock, data, state, ledgers all verified
  CLOCK FEED_FRESH: feed advancing, age in band, host within tolerance
profit -0.51%  daily headroom 5.00%  total headroom 9.49%  trading days 2

  DESK CLOCK 2026-08-19 02:01 London (broker)
  MARKET EURUSD      STRONG_TREND,AT_HTF_LEVEL,RISK_OFF
  MARKET US100.cash  TRANSITION,COMPRESSION,AT_HTF_LEVEL,RISK_OFF
  MARKET US500.cash  WEAK_TREND,COMPRESSION,AT_HTF_LEVEL,RISK_OFF
  MARKET XAUUSD      WEAK_TREND,AT_HTF_LEVEL,RISK_OFF
  BOT_A_gold_0630_breakout: no trade -- outside window: 02:01 London, opens 06:30 closes 16:00
  BOT_B_nas100_usopen_breakout: NOT ELIGIBLE -- regime TRANSITION is structurally wrong for this bot
  BOT_C_sp500_london_breakout: no trade -- outside window: 02:01 London, opens 08:00 closes 16:30
  BOT_D_gold_ny_breakout: no trade -- outside window: 02:01 London, opens 14:30 closes 20:00
  BOT_E_eurusd_london_breakout: no trade -- outside window: 02:01 London, opens 08:00 closes 17:00
  BOT_F_nas100_vwap_reversion: NOT ELIGIBLE -- regime TRANSITION is structurally wrong for this bot
  BOT_G_nas100_h4_pullback: NOT ELIGIBLE -- regime TRANSITION is structurally wrong for this bot
  BOT_H_gold_sweep_reclaim: no trade -- outside window: 02:01 London

  CIO: 0 candidate(s); 0 funded, 0.000% total risk

===== cycle 2026-08-19 01:02:01 UTC (host local 2026-08-18 18:02:01) =====
DEMO GATE OK -> 1514166963 FTMO-Demo equity 99430.84
  bar-vs-tick gap 2s (diagnostic only; freshness is decided by clock_state after exits and reconciliation)
PREFLIGHT OK -- account, clock, data, state, ledgers all verified
  CLOCK FEED_FRESH: feed advancing, age in band, host within tolerance
profit -0.51%  daily headroom 5.00%  total headroom 9.49%  trading days 2

  DESK CLOCK 2026-08-19 02:02 London (broker)
  MARKET EURUSD      STRONG_TREND,AT_HTF_LEVEL,RISK_OFF
  MARKET US100.cash  TRANSITION,COMPRESSION,AT_HTF_LEVEL,RISK_OFF
  MARKET US500.cash  WEAK_TREND,COMPRESSION,AT_HTF_LEVEL,RISK_OFF
  MARKET XAUUSD      WEAK_TREND,AT_HTF_LEVEL,RISK_OFF
  BOT_A_gold_0630_breakout: no trade -- outside window: 02:02 London, opens 06:30 closes 16:00
  BOT_B_nas100_usopen_breakout: NOT ELIGIBLE -- regime TRANSITION is structurally wrong for this bot
  BOT_C_sp500_london_breakout: no trade -- outside window: 02:02 London, opens 08:00 closes 16:30
  BOT_D_gold_ny_breakout: no trade -- outside window: 02:02 London, opens 14:30 closes 20:00
  BOT_E_eurusd_london_breakout: no trade -- outside window: 02:02 London, opens 08:00 closes 17:00
  BOT_F_nas100_vwap_reversion: NOT ELIGIBLE -- regime TRANSITION is structurally wrong for this bot
  BOT_G_nas100_h4_pullback: NOT ELIGIBLE -- regime TRANSITION is structurally wrong for this bot
  BOT_H_gold_sweep_reclaim: no trade -- outside window: 02:02 London

  CIO: 0 candidate(s); 0 funded, 0.000% total risk

===== cycle 2026-08-19 01:03:01 UTC (host local 2026-08-18 18:03:01) =====
DEMO GATE OK -> 1514166963 FTMO-Demo equity 99430.84
  bar-vs-tick gap 2s (diagnostic only; freshness is decided by clock_state after exits and reconciliation)
PREFLIGHT OK -- account, clock, data, state, ledgers all verified
  CLOCK FEED_FRESH: feed advancing, age in band, host within tolerance
profit -0.51%  daily headroom 5.00%  total headroom 9.49%  trading days 2

  DESK CLOCK 2026-08-19 02:03 London (broker)
  MARKET EURUSD      STRONG_TREND,AT_HTF_LEVEL,RISK_OFF
  MARKET US100.cash  TRANSITION,COMPRESSION,AT_HTF_LEVEL,RISK_OFF
  MARKET US500.cash  WEAK_TREND,COMPRESSION,AT_HTF_LEVEL,RISK_OFF
  MARKET XAUUSD      WEAK_TREND,AT_HTF_LEVEL,RISK_OFF
  BOT_A_gold_0630_breakout: no trade -- outside window: 02:03 London, opens 06:30 closes 16:00
  BOT_B_nas100_usopen_breakout: NOT ELIGIBLE -- regime TRANSITION is structurally wrong for this bot
  BOT_C_sp500_london_breakout: no trade -- outside window: 02:03 London, opens 08:00 closes 16:30
  BOT_D_gold_ny_breakout: no trade -- outside window: 02:03 London, opens 14:30 closes 20:00
  BOT_E_eurusd_london_breakout: no trade -- outside window: 02:03 London, opens 08:00 closes 17:00
  BOT_F_nas100_vwap_reversion: NOT ELIGIBLE -- regime TRANSITION is structurally wrong for this bot
  BOT_G_nas100_h4_pullback: NOT ELIGIBLE -- regime TRANSITION is structurally wrong for this bot
  BOT_H_gold_sweep_reclaim: no trade -- outside window: 02:03 London

  CIO: 0 candidate(s); 0 funded, 0.000% total risk

===== cycle 2026-08-19 01:04:01 UTC (host local 2026-08-18 18:04:01) =====
DEMO GATE OK -> 1514166963 FTMO-Demo equity 99430.84
  bar-vs-tick gap 2s (diagnostic only; freshness is decided by clock_state after exits and reconciliation)
PREFLIGHT OK -- account, clock, data, state, ledgers all verified
  CLOCK FEED_FRESH: feed advancing, age in band, host within tolerance
profit -0.51%  daily headroom 5.00%  total headroom 9.49%  trading days 2

  DESK CLOCK 2026-08-19 02:04 London (broker)
  MARKET EURUSD      STRONG_TREND,AT_HTF_LEVEL,RISK_OFF
  MARKET US100.cash  TRANSITION,COMPRESSION,AT_HTF_LEVEL,RISK_OFF
  MARKET US500.cash  WEAK_TREND,COMPRESSION,AT_HTF_LEVEL,RISK_ON
  MARKET XAUUSD      WEAK_TREND,AT_HTF_LEVEL,RISK_ON
  BOT_A_gold_0630_breakout: no trade -- outside window: 02:04 London, opens 06:30 closes 16:00
  BOT_B_nas100_usopen_breakout: NOT ELIGIBLE -- regime TRANSITION is structurally wrong for this bot
  BOT_C_sp500_london_breakout: no trade -- outside window: 02:04 London, opens 08:00 closes 16:30
  BOT_D_gold_ny_breakout: no trade -- outside window: 02:04 London, opens 14:30 closes 20:00
  BOT_E_eurusd_london_breakout: no trade -- outside window: 02:04 London, opens 08:00 closes 17:00
  BOT_F_nas100_vwap_reversion: NOT ELIGIBLE -- regime TRANSITION is structurally wrong for this bot
  BOT_G_nas100_h4_pullback: NOT ELIGIBLE -- regime TRANSITION is structurally wrong for this bot
  BOT_H_gold_sweep_reclaim: no trade -- outside window: 02:04 London

  CIO: 0 candidate(s); 0 funded, 0.000% total risk

===== cycle 2026-08-19 01:05:01 UTC (host local 2026-08-18 18:05:01) =====
DEMO GATE OK -> 1514166963 FTMO-Demo equity 99430.84
  bar-vs-tick gap 2s (diagnostic only; freshness is decided by clock_state after exits and reconciliation)
PREFLIGHT OK -- account, clock, data, state, ledgers all verified
  CLOCK FEED_FRESH: feed advancing, age in band, host within tolerance
profit -0.51%  daily headroom 5.00%  total headroom 9.49%  trading days 2

  DESK CLOCK 2026-08-19 02:05 London (broker)
  MARKET EURUSD      STRONG_TREND,AT_HTF_LEVEL,RISK_ON
  MARKET US100.cash  TRANSITION,COMPRESSION,AT_HTF_LEVEL,RISK_ON
  MARKET US500.cash  WEAK_TREND,COMPRESSION,AT_HTF_LEVEL,RISK_ON
  MARKET XAUUSD      WEAK_TREND,AT_HTF_LEVEL,RISK_ON
  BOT_A_gold_0630_breakout: no trade -- outside window: 02:05 London, opens 06:30 closes 16:00
  BOT_B_nas100_usopen_breakout: NOT ELIGIBLE -- regime TRANSITION is structurally wrong for this bot
  BOT_C_sp500_london_breakout: no trade -- outside window: 02:05 London, opens 08:00 closes 16:30
  BOT_D_gold_ny_breakout: no trade -- outside window: 02:05 London, opens 14:30 closes 20:00
  BOT_E_eurusd_london_breakout: no trade -- outside window: 02:05 London, opens 08:00 closes 17:00
  BOT_F_nas100_vwap_reversion: NOT ELIGIBLE -- regime TRANSITION is structurally wrong for this bot
  BOT_G_nas100_h4_pullback: NOT ELIGIBLE -- regime TRANSITION is structurally wrong for this bot
  BOT_H_gold_sweep_reclaim: no trade -- outside window: 02:05 London

  CIO: 0 candidate(s); 0 funded, 0.000% total risk

===== cycle 2026-08-19 01:06:01 UTC (host local 2026-08-18 18:06:01) =====
DEMO GATE OK -> 1514166963 FTMO-Demo equity 99430.84
  bar-vs-tick gap 2s (diagnostic only; freshness is decided by clock_state after exits and reconciliation)
PREFLIGHT OK -- account, clock, data, state, ledgers all verified
  CLOCK FEED_FRESH: feed advancing, age in band, host within tolerance
profit -0.51%  daily headroom 5.00%  total headroom 9.49%  trading days 2

  DESK CLOCK 2026-08-19 02:06 London (broker)
  MARKET EURUSD      STRONG_TREND,AT_HTF_LEVEL,RISK_ON
  MARKET US100.cash  TRANSITION,COMPRESSION,AT_HTF_LEVEL,RISK_ON
  MARKET US500.cash  WEAK_TREND,COMPRESSION,AT_HTF_LEVEL,RISK_ON
  MARKET XAUUSD      WEAK_TREND,AT_HTF_LEVEL,RISK_ON
  BOT_A_gold_0630_breakout: no trade -- outside window: 02:06 London, opens 06:30 closes 16:00
  BOT_B_nas100_usopen_breakout: NOT ELIGIBLE -- regime TRANSITION is structurally wrong for this bot
  BOT_C_sp500_london_breakout: no trade -- outside window: 02:06 London, opens 08:00 closes 16:30
  BOT_D_gold_ny_breakout: no trade -- outside window: 02:06 London, opens 14:30 closes 20:00
  BOT_E_eurusd_london_breakout: no trade -- outside window: 02:06 London, opens 08:00 closes 17:00
  BOT_F_nas100_vwap_reversion: NOT ELIGIBLE -- regime TRANSITION is structurally wrong for this bot
  BOT_G_nas100_h4_pullback: NOT ELIGIBLE -- regime TRANSITION is structurally wrong for this bot
  BOT_H_gold_sweep_reclaim: no trade -- outside window: 02:06 London

  CIO: 0 candidate(s); 0 funded, 0.000% total risk

===== cycle 2026-08-19 01:07:01 UTC (host local 2026-08-18 18:07:01) =====
DEMO GATE OK -> 1514166963 FTMO-Demo equity 99430.84
  bar-vs-tick gap 2s (diagnostic only; freshness is decided by clock_state after exits and reconciliation)
PREFLIGHT OK -- account, clock, data, state, ledgers all verified
  CLOCK FEED_FRESH: feed advancing, age in band, host within tolerance
profit -0.51%  daily headroom 5.00%  total headroom 9.49%  trading days 2

  DESK CLOCK 2026-08-19 02:07 London (broker)
  MARKET EURUSD      STRONG_TREND,AT_HTF_LEVEL,RISK_ON
  MARKET US100.cash  TRANSITION,COMPRESSION,AT_HTF_LEVEL,RISK_ON
  MARKET US500.cash  WEAK_TREND,COMPRESSION,AT_HTF_LEVEL,RISK_ON
  MARKET XAUUSD      WEAK_TREND,AT_HTF_LEVEL,RISK_ON
  BOT_A_gold_0630_breakout: no trade -- outside window: 02:07 London, opens 06:30 closes 16:00
  BOT_B_nas100_usopen_breakout: NOT ELIGIBLE -- regime TRANSITION is structurally wrong for this bot
  BOT_C_sp500_london_breakout: no trade -- outside window: 02:07 London, opens 08:00 closes 16:30
  BOT_D_gold_ny_breakout: no trade -- outside window: 02:07 London, opens 14:30 closes 20:00
  BOT_E_eurusd_london_breakout: no trade -- outside window: 02:07 London, opens 08:00 closes 17:00
  BOT_F_nas100_vwap_reversion: NOT ELIGIBLE -- regime TRANSITION is structurally wrong for this bot
  BOT_G_nas100_h4_pullback: NOT ELIGIBLE -- regime TRANSITION is structurally wrong for this bot
  BOT_H_gold_sweep_reclaim: no trade -- outside window: 02:07 London

  CIO: 0 candidate(s); 0 funded, 0.000% total risk

===== cycle 2026-08-19 01:08:01 UTC (host local 2026-08-18 18:08:01) =====
DEMO GATE OK -> 1514166963 FTMO-Demo equity 99430.84
  bar-vs-tick gap 2s (diagnostic only; freshness is decided by clock_state after exits and reconciliation)
PREFLIGHT OK -- account, clock, data, state, ledgers all verified
  CLOCK FEED_FRESH: feed advancing, age in band, host within tolerance
profit -0.51%  daily headroom 5.00%  total headroom 9.49%  trading days 2

  DESK CLOCK 2026-08-19 02:08 London (broker)
  MARKET EURUSD      STRONG_TREND,AT_HTF_LEVEL,RISK_ON
  MARKET US100.cash  TRANSITION,COMPRESSION,AT_HTF_LEVEL,RISK_ON
  MARKET US500.cash  WEAK_TREND,COMPRESSION,AT_HTF_LEVEL,RISK_ON
  MARKET XAUUSD      WEAK_TREND,AT_HTF_LEVEL,RISK_ON
  BOT_A_gold_0630_breakout: no trade -- outside window: 02:08 London, opens 06:30 closes 16:00
  BOT_B_nas100_usopen_breakout: NOT ELIGIBLE -- regime TRANSITION is structurally wrong for this bot
  BOT_C_sp500_london_breakout: no trade -- outside window: 02:08 London, opens 08:00 closes 16:30
  BOT_D_gold_ny_breakout: no trade -- outside window: 02:08 London, opens 14:30 closes 20:00
  BOT_E_eurusd_london_breakout: no trade -- outside window: 02:08 London, opens 08:00 closes 17:00
  BOT_F_nas100_vwap_reversion: NOT ELIGIBLE -- regime TRANSITION is structurally wrong for this bot
  BOT_G_nas100_h4_pullback: NOT ELIGIBLE -- regime TRANSITION is structurally wrong for this bot
  BOT_H_gold_sweep_reclaim: no trade -- outside window: 02:08 London

  CIO: 0 candidate(s); 0 funded, 0.000% total risk

===== cycle 2026-08-19 01:09:01 UTC (host local 2026-08-18 18:09:01) =====
DEMO GATE OK -> 1514166963 FTMO-Demo equity 99430.84
  bar-vs-tick gap 2s (diagnostic only; freshness is decided by clock_state after exits and reconciliation)
PREFLIGHT OK -- account, clock, data, state, ledgers all verified
  CLOCK FEED_FRESH: feed advancing, age in band, host within tolerance
profit -0.51%  daily headroom 5.00%  total headroom 9.49%  trading days 2

  DESK CLOCK 2026-08-19 02:09 London (broker)
  MARKET EURUSD      STRONG_TREND,AT_HTF_LEVEL,RISK_ON
  MARKET US100.cash  TRANSITION,COMPRESSION,AT_HTF_LEVEL,RISK_ON
  MARKET US500.cash  WEAK_TREND,COMPRESSION,AT_HTF_LEVEL,RISK_ON
  MARKET XAUUSD      WEAK_TREND,AT_HTF_LEVEL,RISK_ON
  BOT_A_gold_0630_breakout: no trade -- outside window: 02:09 London, opens 06:30 closes 16:00
  BOT_B_nas100_usopen_breakout: NOT ELIGIBLE -- regime TRANSITION is structurally wrong for this bot
  BOT_C_sp500_london_breakout: no trade -- outside window: 02:09 London, opens 08:00 closes 16:30
  BOT_D_gold_ny_breakout: no trade -- outside window: 02:09 London, opens 14:30 closes 20:00
  BOT_E_eurusd_london_breakout: no trade -- outside window: 02:09 London, opens 08:00 closes 17:00
  BOT_F_nas100_vwap_reversion: NOT ELIGIBLE -- regime TRANSITION is structurally wrong for this bot
  BOT_G_nas100_h4_pullback: NOT ELIGIBLE -- regime TRANSITION is structurally wrong for this bot
  BOT_H_gold_sweep_reclaim: no trade -- outside window: 02:09 London

  CIO: 0 candidate(s); 0 funded, 0.000% total risk

===== cycle 2026-08-19 01:10:01 UTC (host local 2026-08-18 18:10:01) =====
DEMO GATE OK -> 1514166963 FTMO-Demo equity 99430.84
  bar-vs-tick gap 2s (diagnostic only; freshness is decided by clock_state after exits and reconciliation)
PREFLIGHT OK -- account, clock, data, state, ledgers all verified
  CLOCK FEED_FRESH: feed advancing, age in band, host within tolerance
profit -0.51%  daily headroom 5.00%  total headroom 9.49%  trading days 2

  DESK CLOCK 2026-08-19 02:10 London (broker)
  MARKET EURUSD      STRONG_TREND,AT_HTF_LEVEL,RISK_ON
  MARKET US100.cash  TRANSITION,COMPRESSION,AT_HTF_LEVEL,RISK_ON
  MARKET US500.cash  WEAK_TREND,COMPRESSION,AT_HTF_LEVEL,RISK_ON
  MARKET XAUUSD      WEAK_TREND,AT_HTF_LEVEL,RISK_ON
  BOT_A_gold_0630_breakout: no trade -- outside window: 02:10 London, opens 06:30 closes 16:00
  BOT_B_nas100_usopen_breakout: NOT ELIGIBLE -- regime TRANSITION is structurally wrong for this bot
  BOT_C_sp500_london_breakout: no trade -- outside window: 02:10 London, opens 08:00 closes 16:30
  BOT_D_gold_ny_breakout: no trade -- outside window: 02:10 London, opens 14:30 closes 20:00
  BOT_E_eurusd_london_breakout: no trade -- outside window: 02:10 London, opens 08:00 closes 17:00
  BOT_F_nas100_vwap_reversion: NOT ELIGIBLE -- regime TRANSITION is structurally wrong for this bot
  BOT_G_nas100_h4_pullback: NOT ELIGIBLE -- regime TRANSITION is structurally wrong for this bot
  BOT_H_gold_sweep_reclaim: no trade -- outside window: 02:10 London

  CIO: 0 candidate(s); 0 funded, 0.000% total risk

===== cycle 2026-08-19 01:11:01 UTC (host local 2026-08-18 18:11:01) =====
DEMO GATE OK -> 1514166963 FTMO-Demo equity 99430.84
  bar-vs-tick gap 2s (diagnostic only; freshness is decided by clock_state after exits and reconciliation)
PREFLIGHT OK -- account, clock, data, state, ledgers all verified
  CLOCK FEED_FRESH: feed advancing, age in band, host within tolerance
profit -0.51%  daily headroom 5.00%  total headroom 9.49%  trading days 2

  DESK CLOCK 2026-08-19 02:11 London (broker)
  MARKET EURUSD      STRONG_TREND,AT_HTF_LEVEL,RISK_ON
  MARKET US100.cash  TRANSITION,COMPRESSION,AT_HTF_LEVEL,RISK_ON
  MARKET US500.cash  WEAK_TREND,COMPRESSION,AT_HTF_LEVEL,RISK_ON
  MARKET XAUUSD      WEAK_TREND,AT_HTF_LEVEL,RISK_ON
  BOT_A_gold_0630_breakout: no trade -- outside window: 02:11 London, opens 06:30 closes 16:00
  BOT_B_nas100_usopen_breakout: NOT ELIGIBLE -- regime TRANSITION is structurally wrong for this bot
  BOT_C_sp500_london_breakout: no trade -- outside window: 02:11 London, opens 08:00 closes 16:30
  BOT_D_gold_ny_breakout: no trade -- outside window: 02:11 London, opens 14:30 closes 20:00
  BOT_E_eurusd_london_breakout: no trade -- outside window: 02:11 London, opens 08:00 closes 17:00
  BOT_F_nas100_vwap_reversion: NOT ELIGIBLE -- regime TRANSITION is structurally wrong for this bot
  BOT_G_nas100_h4_pullback: NOT ELIGIBLE -- regime TRANSITION is structurally wrong for this bot
  BOT_H_gold_sweep_reclaim: no trade -- outside window: 02:11 London

  CIO: 0 candidate(s); 0 funded, 0.000% total risk

===== cycle 2026-08-19 01:12:01 UTC (host local 2026-08-18 18:12:01) =====
DEMO GATE OK -> 1514166963 FTMO-Demo equity 99430.84
  bar-vs-tick gap 2s (diagnostic only; freshness is decided by clock_state after exits and reconciliation)
PREFLIGHT OK -- account, clock, data, state, ledgers all verified
  CLOCK FEED_FRESH: feed advancing, age in band, host within tolerance
profit -0.51%  daily headroom 5.00%  total headroom 9.49%  trading days 2

  DESK CLOCK 2026-08-19 02:12 London (broker)
  MARKET EURUSD      STRONG_TREND,AT_HTF_LEVEL,RISK_ON
  MARKET US100.cash  TRANSITION,COMPRESSION,AT_HTF_LEVEL,RISK_ON
  MARKET US500.cash  WEAK_TREND,COMPRESSION,AT_HTF_LEVEL,RISK_ON
  MARKET XAUUSD      WEAK_TREND,AT_HTF_LEVEL,RISK_ON
  BOT_A_gold_0630_breakout: no trade -- outside window: 02:12 London, opens 06:30 closes 16:00
  BOT_B_nas100_usopen_breakout: NOT ELIGIBLE -- regime TRANSITION is structurally wrong for this bot
  BOT_C_sp500_london_breakout: no trade -- outside window: 02:12 London, opens 08:00 closes 16:30
  BOT_D_gold_ny_breakout: no trade -- outside window: 02:12 London, opens 14:30 closes 20:00
  BOT_E_eurusd_london_breakout: no trade -- outside window: 02:12 London, opens 08:00 closes 17:00
  BOT_F_nas100_vwap_reversion: NOT ELIGIBLE -- regime TRANSITION is structurally wrong for this bot
  BOT_G_nas100_h4_pullback: NOT ELIGIBLE -- regime TRANSITION is structurally wrong for this bot
  BOT_H_gold_sweep_reclaim: no trade -- outside window: 02:12 London

  CIO: 0 candidate(s); 0 funded, 0.000% total risk

===== cycle 2026-08-19 01:13:01 UTC (host local 2026-08-18 18:13:01) =====
DEMO GATE OK -> 1514166963 FTMO-Demo equity 99430.84
  bar-vs-tick gap 2s (diagnostic only; freshness is decided by clock_state after exits and reconciliation)
PREFLIGHT OK -- account, clock, data, state, ledgers all verified
  CLOCK FEED_FRESH: feed advancing, age in band, host within tolerance
profit -0.51%  daily headroom 5.00%  total headroom 9.49%  trading days 2

  DESK CLOCK 2026-08-19 02:13 London (broker)
  MARKET EURUSD      STRONG_TREND,AT_HTF_LEVEL,RISK_ON
  MARKET US100.cash  TRANSITION,COMPRESSION,AT_HTF_LEVEL,RISK_ON
  MARKET US500.cash  WEAK_TREND,COMPRESSION,AT_HTF_LEVEL,RISK_ON
  MARKET XAUUSD      WEAK_TREND,AT_HTF_LEVEL,RISK_ON
  BOT_A_gold_0630_breakout: no trade -- outside window: 02:13 London, opens 06:30 closes 16:00
  BOT_B_nas100_usopen_breakout: NOT ELIGIBLE -- regime TRANSITION is structurally wrong for this bot
  BOT_C_sp500_london_breakout: no trade -- outside window: 02:13 London, opens 08:00 closes 16:30
  BOT_D_gold_ny_breakout: no trade -- outside window: 02:13 London, opens 14:30 closes 20:00
  BOT_E_eurusd_london_breakout: no trade -- outside window: 02:13 London, opens 08:00 closes 17:00
  BOT_F_nas100_vwap_reversion: NOT ELIGIBLE -- regime TRANSITION is structurally wrong for this bot
  BOT_G_nas100_h4_pullback: NOT ELIGIBLE -- regime TRANSITION is structurally wrong for this bot
  BOT_H_gold_sweep_reclaim: no trade -- outside window: 02:13 London

  CIO: 0 candidate(s); 0 funded, 0.000% total risk

===== cycle 2026-08-19 01:14:01 UTC (host local 2026-08-18 18:14:01) =====
DEMO GATE OK -> 1514166963 FTMO-Demo equity 99430.84
  bar-vs-tick gap 2s (diagnostic only; freshness is decided by clock_state after exits and reconciliation)
PREFLIGHT OK -- account, clock, data, state, ledgers all verified
  CLOCK FEED_FRESH: feed advancing, age in band, host within tolerance
profit -0.51%  daily headroom 5.00%  total headroom 9.49%  trading days 2

  DESK CLOCK 2026-08-19 02:14 London (broker)
  MARKET EURUSD      STRONG_TREND,AT_HTF_LEVEL,RISK_ON
  MARKET US100.cash  TRANSITION,COMPRESSION,AT_HTF_LEVEL,RISK_ON
  MARKET US500.cash  WEAK_TREND,COMPRESSION,AT_HTF_LEVEL,RISK_ON
  MARKET XAUUSD      WEAK_TREND,AT_HTF_LEVEL,RISK_ON
  BOT_A_gold_0630_breakout: no trade -- outside window: 02:14 London, opens 06:30 closes 16:00
  BOT_B_nas100_usopen_breakout: NOT ELIGIBLE -- regime TRANSITION is structurally wrong for this bot
  BOT_C_sp500_london_breakout: no trade -- outside window: 02:14 London, opens 08:00 closes 16:30
  BOT_D_gold_ny_breakout: no trade -- outside window: 02:14 London, opens 14:30 closes 20:00
  BOT_E_eurusd_london_breakout: no trade -- outside window: 02:14 London, opens 08:00 closes 17:00
  BOT_F_nas100_vwap_reversion: NOT ELIGIBLE -- regime TRANSITION is structurally wrong for this bot
  BOT_G_nas100_h4_pullback: NOT ELIGIBLE -- regime TRANSITION is structurally wrong for this bot
  BOT_H_gold_sweep_reclaim: no trade -- outside window: 02:14 London

  CIO: 0 candidate(s); 0 funded, 0.000% total risk

===== cycle 2026-08-19 01:15:01 UTC (host local 2026-08-18 18:15:01) =====
DEMO GATE OK -> 1514166963 FTMO-Demo equity 99430.84
  bar-vs-tick gap 2s (diagnostic only; freshness is decided by clock_state after exits and reconciliation)
PREFLIGHT OK -- account, clock, data, state, ledgers all verified
  CLOCK FEED_FRESH: feed advancing, age in band, host within tolerance
profit -0.51%  daily headroom 5.00%  total headroom 9.49%  trading days 2

  DESK CLOCK 2026-08-19 02:15 London (broker)
  MARKET EURUSD      STRONG_TREND,AT_HTF_LEVEL,RISK_ON
  MARKET US100.cash  TRANSITION,COMPRESSION,AT_HTF_LEVEL,RISK_ON
  MARKET US500.cash  WEAK_TREND,COMPRESSION,AT_HTF_LEVEL,RISK_ON
  MARKET XAUUSD      WEAK_TREND,AT_HTF_LEVEL,RISK_ON
  BOT_A_gold_0630_breakout: no trade -- outside window: 02:15 London, opens 06:30 closes 16:00
  BOT_B_nas100_usopen_breakout: NOT ELIGIBLE -- regime TRANSITION is structurally wrong for this bot
  BOT_C_sp500_london_breakout: no trade -- outside window: 02:15 London, opens 08:00 closes 16:30
  BOT_D_gold_ny_breakout: no trade -- outside window: 02:15 London, opens 14:30 closes 20:00
  BOT_E_eurusd_london_breakout: no trade -- outside window: 02:15 London, opens 08:00 closes 17:00
  BOT_F_nas100_vwap_reversion: NOT ELIGIBLE -- regime TRANSITION is structurally wrong for this bot
  BOT_G_nas100_h4_pullback: NOT ELIGIBLE -- regime TRANSITION is structurally wrong for this bot
  BOT_H_gold_sweep_reclaim: no trade -- outside window: 02:15 London

  CIO: 0 candidate(s); 0 funded, 0.000% total risk

===== cycle 2026-08-19 01:16:02 UTC (host local 2026-08-18 18:16:02) =====
DEMO GATE OK -> 1514166963 FTMO-Demo equity 99430.84
  bar-vs-tick gap 2s (diagnostic only; freshness is decided by clock_state after exits and reconciliation)
PREFLIGHT OK -- account, clock, data, state, ledgers all verified
  CLOCK FEED_FRESH: feed advancing, age in band, host within tolerance
profit -0.51%  daily headroom 5.00%  total headroom 9.49%  trading days 2

  DESK CLOCK 2026-08-19 02:16 London (broker)
  MARKET EURUSD      STRONG_TREND,AT_HTF_LEVEL,RISK_ON
  MARKET US100.cash  TRANSITION,COMPRESSION,AT_HTF_LEVEL,RISK_ON
  MARKET US500.cash  WEAK_TREND,COMPRESSION,AT_HTF_LEVEL,RISK_ON
  MARKET XAUUSD      WEAK_TREND,AT_HTF_LEVEL,RISK_ON
  BOT_A_gold_0630_breakout: no trade -- outside window: 02:16 London, opens 06:30 closes 16:00
  BOT_B_nas100_usopen_breakout: NOT ELIGIBLE -- regime TRANSITION is structurally wrong for this bot
  BOT_C_sp500_london_breakout: no trade -- outside window: 02:16 London, opens 08:00 closes 16:30
  BOT_D_gold_ny_breakout: no trade -- outside window: 02:16 London, opens 14:30 closes 20:00
  BOT_E_eurusd_london_breakout: no trade -- outside window: 02:16 London, opens 08:00 closes 17:00
  BOT_F_nas100_vwap_reversion: NOT ELIGIBLE -- regime TRANSITION is structurally wrong for this bot
  BOT_G_nas100_h4_pullback: NOT ELIGIBLE -- regime TRANSITION is structurally wrong for this bot
  BOT_H_gold_sweep_reclaim: no trade -- outside window: 02:16 London

  CIO: 0 candidate(s); 0 funded, 0.000% total risk

===== cycle 2026-08-19 01:17:01 UTC (host local 2026-08-18 18:17:01) =====
DEMO GATE OK -> 1514166963 FTMO-Demo equity 99430.84
  bar-vs-tick gap 2s (diagnostic only; freshness is decided by clock_state after exits and reconciliation)
PREFLIGHT OK -- account, clock, data, state, ledgers all verified
  CLOCK FEED_FRESH: feed advancing, age in band, host within tolerance
profit -0.51%  daily headroom 5.00%  total headroom 9.49%  trading days 2

  DESK CLOCK 2026-08-19 02:17 London (broker)
  MARKET EURUSD      WEAK_TREND,AT_HTF_LEVEL,RISK_ON
  MARKET US100.cash  TRANSITION,COMPRESSION,AT_HTF_LEVEL,RISK_ON
  MARKET US500.cash  WEAK_TREND,COMPRESSION,AT_HTF_LEVEL,RISK_ON
  MARKET XAUUSD      WEAK_TREND,AT_HTF_LEVEL,RISK_ON
  BOT_A_gold_0630_breakout: no trade -- outside window: 02:17 London, opens 06:30 closes 16:00
  BOT_B_nas100_usopen_breakout: NOT ELIGIBLE -- regime TRANSITION is structurally wrong for this bot
  BOT_C_sp500_london_breakout: no trade -- outside window: 02:17 London, opens 08:00 closes 16:30
  BOT_D_gold_ny_breakout: no trade -- outside window: 02:17 London, opens 14:30 closes 20:00
  BOT_E_eurusd_london_breakout: no trade -- outside window: 02:17 London, opens 08:00 closes 17:00
  BOT_F_nas100_vwap_reversion: NOT ELIGIBLE -- regime TRANSITION is structurally wrong for this bot
  BOT_G_nas100_h4_pullback: NOT ELIGIBLE -- regime TRANSITION is structurally wrong for this bot
  BOT_H_gold_sweep_reclaim: no trade -- outside window: 02:17 London

  CIO: 0 candidate(s); 0 funded, 0.000% total risk

===== cycle 2026-08-19 01:18:02 UTC (host local 2026-08-18 18:18:02) =====
DEMO GATE OK -> 1514166963 FTMO-Demo equity 99430.84
  bar-vs-tick gap 2s (diagnostic only; freshness is decided by clock_state after exits and reconciliation)
PREFLIGHT OK -- account, clock, data, state, ledgers all verified
  CLOCK FEED_FRESH: feed advancing, age in band, host within tolerance
profit -0.51%  daily headroom 5.00%  total headroom 9.49%  trading days 2

  DESK CLOCK 2026-08-19 02:18 London (broker)
  MARKET EURUSD      WEAK_TREND,AT_HTF_LEVEL,RISK_ON
  MARKET US100.cash  TRANSITION,COMPRESSION,AT_HTF_LEVEL,RISK_ON
  MARKET US500.cash  WEAK_TREND,COMPRESSION,AT_HTF_LEVEL,RISK_ON
  MARKET XAUUSD      WEAK_TREND,AT_HTF_LEVEL,RISK_ON
  BOT_A_gold_0630_breakout: no trade -- outside window: 02:18 London, opens 06:30 closes 16:00
  BOT_B_nas100_usopen_breakout: NOT ELIGIBLE -- regime TRANSITION is structurally wrong for this bot
  BOT_C_sp500_london_breakout: no trade -- outside window: 02:18 London, opens 08:00 closes 16:30
  BOT_D_gold_ny_breakout: no trade -- outside window: 02:18 London, opens 14:30 closes 20:00
  BOT_E_eurusd_london_breakout: no trade -- outside window: 02:18 London, opens 08:00 closes 17:00
  BOT_F_nas100_vwap_reversion: NOT ELIGIBLE -- regime TRANSITION is structurally wrong for this bot
  BOT_G_nas100_h4_pullback: NOT ELIGIBLE -- regime TRANSITION is structurally wrong for this bot
  BOT_H_gold_sweep_reclaim: no trade -- outside window: 02:18 London

  CIO: 0 candidate(s); 0 funded, 0.000% total risk

===== cycle 2026-08-19 01:19:02 UTC (host local 2026-08-18 18:19:02) =====
DEMO GATE OK -> 1514166963 FTMO-Demo equity 99430.84
  bar-vs-tick gap 2s (diagnostic only; freshness is decided by clock_state after exits and reconciliation)
PREFLIGHT OK -- account, clock, data, state, ledgers all verified
  CLOCK FEED_FRESH: feed advancing, age in band, host within tolerance
profit -0.51%  daily headroom 5.00%  total headroom 9.49%  trading days 2

  DESK CLOCK 2026-08-19 02:19 London (broker)
  MARKET EURUSD      STRONG_TREND,AT_HTF_LEVEL,RISK_ON
  MARKET US100.cash  TRANSITION,COMPRESSION,AT_HTF_LEVEL,RISK_ON
  MARKET US500.cash  WEAK_TREND,COMPRESSION,AT_HTF_LEVEL,RISK_ON
  MARKET XAUUSD      WEAK_TREND,AT_HTF_LEVEL,RISK_ON
  BOT_A_gold_0630_breakout: no trade -- outside window: 02:19 London, opens 06:30 closes 16:00
  BOT_B_nas100_usopen_breakout: NOT ELIGIBLE -- regime TRANSITION is structurally wrong for this bot
  BOT_C_sp500_london_breakout: no trade -- outside window: 02:19 London, opens 08:00 closes 16:30
  BOT_D_gold_ny_breakout: no trade -- outside window: 02:19 London, opens 14:30 closes 20:00
  BOT_E_eurusd_london_breakout: no trade -- outside window: 02:19 London, opens 08:00 closes 17:00
  BOT_F_nas100_vwap_reversion: NOT ELIGIBLE -- regime TRANSITION is structurally wrong for this bot
  BOT_G_nas100_h4_pullback: NOT ELIGIBLE -- regime TRANSITION is structurally wrong for this bot
  BOT_H_gold_sweep_reclaim: no trade -- outside window: 02:19 London

  CIO: 0 candidate(s); 0 funded, 0.000% total risk

===== cycle 2026-08-19 01:20:02 UTC (host local 2026-08-18 18:20:02) =====
DEMO GATE OK -> 1514166963 FTMO-Demo equity 99430.84
  bar-vs-tick gap 2s (diagnostic only; freshness is decided by clock_state after exits and reconciliation)
PREFLIGHT OK -- account, clock, data, state, ledgers all verified
  CLOCK FEED_FRESH: feed advancing, age in band, host within tolerance
profit -0.51%  daily headroom 5.00%  total headroom 9.49%  trading days 2

  DESK CLOCK 2026-08-19 02:20 London (broker)
  MARKET EURUSD      STRONG_TREND,AT_HTF_LEVEL,RISK_ON
  MARKET US100.cash  TRANSITION,COMPRESSION,AT_HTF_LEVEL,RISK_ON
  MARKET US500.cash  WEAK_TREND,COMPRESSION,AT_HTF_LEVEL,RISK_ON
  MARKET XAUUSD      WEAK_TREND,AT_HTF_LEVEL,RISK_ON
  BOT_A_gold_0630_breakout: no trade -- outside window: 02:20 London, opens 06:30 closes 16:00
  BOT_B_nas100_usopen_breakout: NOT ELIGIBLE -- regime TRANSITION is structurally wrong for this bot
  BOT_C_sp500_london_breakout: no trade -- outside window: 02:20 London, opens 08:00 closes 16:30
  BOT_D_gold_ny_breakout: no trade -- outside window: 02:20 London, opens 14:30 closes 20:00
  BOT_E_eurusd_london_breakout: no trade -- outside window: 02:20 London, opens 08:00 closes 17:00
  BOT_F_nas100_vwap_reversion: NOT ELIGIBLE -- regime TRANSITION is structurally wrong for this bot
  BOT_G_nas100_h4_pullback: NOT ELIGIBLE -- regime TRANSITION is structurally wrong for this bot
  BOT_H_gold_sweep_reclaim: no trade -- outside window: 02:20 London

  CIO: 0 candidate(s); 0 funded, 0.000% total risk

===== cycle 2026-08-19 01:21:02 UTC (host local 2026-08-18 18:21:02) =====
DEMO GATE OK -> 1514166963 FTMO-Demo equity 99430.84
  bar-vs-tick gap 2s (diagnostic only; freshness is decided by clock_state after exits and reconciliation)
PREFLIGHT OK -- account, clock, data, state, ledgers all verified
  CLOCK FEED_FRESH: feed advancing, age in band, host within tolerance
profit -0.51%  daily headroom 5.00%  total headroom 9.49%  trading days 2

  DESK CLOCK 2026-08-19 02:21 London (broker)
  MARKET EURUSD      STRONG_TREND,AT_HTF_LEVEL,RISK_ON
  MARKET US100.cash  TRANSITION,COMPRESSION,AT_HTF_LEVEL,RISK_ON
  MARKET US500.cash  WEAK_TREND,COMPRESSION,AT_HTF_LEVEL,RISK_ON
  MARKET XAUUSD      WEAK_TREND,AT_HTF_LEVEL,RISK_ON
  BOT_A_gold_0630_breakout: no trade -- outside window: 02:21 London, opens 06:30 closes 16:00
  BOT_B_nas100_usopen_breakout: NOT ELIGIBLE -- regime TRANSITION is structurally wrong for this bot
  BOT_C_sp500_london_breakout: no trade -- outside window: 02:21 London, opens 08:00 closes 16:30
  BOT_D_gold_ny_breakout: no trade -- outside window: 02:21 London, opens 14:30 closes 20:00
  BOT_E_eurusd_london_breakout: no trade -- outside window: 02:21 London, opens 08:00 closes 17:00
  BOT_F_nas100_vwap_reversion: NOT ELIGIBLE -- regime TRANSITION is structurally wrong for this bot
  BOT_G_nas100_h4_pullback: NOT ELIGIBLE -- regime TRANSITION is structurally wrong for this bot
  BOT_H_gold_sweep_reclaim: no trade -- outside window: 02:21 London

  CIO: 0 candidate(s); 0 funded, 0.000% total risk

===== cycle 2026-08-19 01:22:02 UTC (host local 2026-08-18 18:22:02) =====
DEMO GATE OK -> 1514166963 FTMO-Demo equity 99430.84
  bar-vs-tick gap 2s (diagnostic only; freshness is decided by clock_state after exits and reconciliation)
PREFLIGHT OK -- account, clock, data, state, ledgers all verified
  CLOCK FEED_FRESH: feed advancing, age in band, host within tolerance
profit -0.51%  daily headroom 5.00%  total headroom 9.49%  trading days 2

  DESK CLOCK 2026-08-19 02:22 London (broker)
  MARKET EURUSD      STRONG_TREND,AT_HTF_LEVEL,RISK_ON
  MARKET US100.cash  TRANSITION,COMPRESSION,AT_HTF_LEVEL,RISK_ON
  MARKET US500.cash  WEAK_TREND,COMPRESSION,AT_HTF_LEVEL,RISK_ON
  MARKET XAUUSD      WEAK_TREND,AT_HTF_LEVEL,RISK_ON
  BOT_A_gold_0630_breakout: no trade -- outside window: 02:22 London, opens 06:30 closes 16:00
  BOT_B_nas100_usopen_breakout: NOT ELIGIBLE -- regime TRANSITION is structurally wrong for this bot
  BOT_C_sp500_london_breakout: no trade -- outside window: 02:22 London, opens 08:00 closes 16:30
  BOT_D_gold_ny_breakout: no trade -- outside window: 02:22 London, opens 14:30 closes 20:00
  BOT_E_eurusd_london_breakout: no trade -- outside window: 02:22 London, opens 08:00 closes 17:00
  BOT_F_nas100_vwap_reversion: NOT ELIGIBLE -- regime TRANSITION is structurally wrong for this bot
  BOT_G_nas100_h4_pullback: NOT ELIGIBLE -- regime TRANSITION is structurally wrong for this bot
  BOT_H_gold_sweep_reclaim: no trade -- outside window: 02:22 London

  CIO: 0 candidate(s); 0 funded, 0.000% total risk

===== cycle 2026-08-19 01:23:02 UTC (host local 2026-08-18 18:23:02) =====
DEMO GATE OK -> 1514166963 FTMO-Demo equity 99430.84
  bar-vs-tick gap 2s (diagnostic only; freshness is decided by clock_state after exits and reconciliation)
PREFLIGHT OK -- account, clock, data, state, ledgers all verified
  CLOCK FEED_FRESH: feed advancing, age in band, host within tolerance
profit -0.51%  daily headroom 5.00%  total headroom 9.49%  trading days 2

  DESK CLOCK 2026-08-19 02:23 London (broker)
  MARKET EURUSD      STRONG_TREND,AT_HTF_LEVEL,RISK_ON
  MARKET US100.cash  TRANSITION,COMPRESSION,AT_HTF_LEVEL,RISK_ON
  MARKET US500.cash  WEAK_TREND,COMPRESSION,AT_HTF_LEVEL,RISK_ON
  MARKET XAUUSD      WEAK_TREND,AT_HTF_LEVEL,RISK_ON
  BOT_A_gold_0630_breakout: no trade -- outside window: 02:23 London, opens 06:30 closes 16:00
  BOT_B_nas100_usopen_breakout: NOT ELIGIBLE -- regime TRANSITION is structurally wrong for this bot
  BOT_C_sp500_london_breakout: no trade -- outside window: 02:23 London, opens 08:00 closes 16:30
  BOT_D_gold_ny_breakout: no trade -- outside window: 02:23 London, opens 14:30 closes 20:00
  BOT_E_eurusd_london_breakout: no trade -- outside window: 02:23 London, opens 08:00 closes 17:00
  BOT_F_nas100_vwap_reversion: NOT ELIGIBLE -- regime TRANSITION is structurally wrong for this bot
  BOT_G_nas100_h4_pullback: NOT ELIGIBLE -- regime TRANSITION is structurally wrong for this bot
  BOT_H_gold_sweep_reclaim: no trade -- outside window: 02:23 London

  CIO: 0 candidate(s); 0 funded, 0.000% total risk

===== cycle 2026-08-19 01:24:02 UTC (host local 2026-08-18 18:24:02) =====
DEMO GATE OK -> 1514166963 FTMO-Demo equity 99430.84
  bar-vs-tick gap 2s (diagnostic only; freshness is decided by clock_state after exits and reconciliation)
PREFLIGHT OK -- account, clock, data, state, ledgers all verified
  CLOCK FEED_FRESH: feed advancing, age in band, host within tolerance
profit -0.51%  daily headroom 5.00%  total headroom 9.49%  trading days 2

  DESK CLOCK 2026-08-19 02:24 London (broker)
  MARKET EURUSD      STRONG_TREND,AT_HTF_LEVEL,RISK_ON
  MARKET US100.cash  TRANSITION,COMPRESSION,AT_HTF_LEVEL,RISK_ON
  MARKET US500.cash  WEAK_TREND,COMPRESSION,AT_HTF_LEVEL,RISK_ON
  MARKET XAUUSD      WEAK_TREND,AT_HTF_LEVEL,RISK_ON
  BOT_A_gold_0630_breakout: no trade -- outside window: 02:24 London, opens 06:30 closes 16:00
  BOT_B_nas100_usopen_breakout: NOT ELIGIBLE -- regime TRANSITION is structurally wrong for this bot
  BOT_C_sp500_london_breakout: no trade -- outside window: 02:24 London, opens 08:00 closes 16:30
  BOT_D_gold_ny_breakout: no trade -- outside window: 02:24 London, opens 14:30 closes 20:00
  BOT_E_eurusd_london_breakout: no trade -- outside window: 02:24 London, opens 08:00 closes 17:00
  BOT_F_nas100_vwap_reversion: NOT ELIGIBLE -- regime TRANSITION is structurally wrong for this bot
  BOT_G_nas100_h4_pullback: NOT ELIGIBLE -- regime TRANSITION is structurally wrong for this bot
  BOT_H_gold_sweep_reclaim: no trade -- outside window: 02:24 London

  CIO: 0 candidate(s); 0 funded, 0.000% total risk

===== cycle 2026-08-19 01:25:02 UTC (host local 2026-08-18 18:25:02) =====
DEMO GATE OK -> 1514166963 FTMO-Demo equity 99430.84
  bar-vs-tick gap 2s (diagnostic only; freshness is decided by clock_state after exits and reconciliation)
PREFLIGHT OK -- account, clock, data, state, ledgers all verified
  CLOCK FEED_FRESH: feed advancing, age in band, host within tolerance
profit -0.51%  daily headroom 5.00%  total headroom 9.49%  trading days 2

  DESK CLOCK 2026-08-19 02:25 London (broker)
  MARKET EURUSD      STRONG_TREND,AT_HTF_LEVEL,RISK_ON
  MARKET US100.cash  TRANSITION,COMPRESSION,AT_HTF_LEVEL,RISK_ON
  MARKET US500.cash  WEAK_TREND,COMPRESSION,AT_HTF_LEVEL,RISK_ON
  MARKET XAUUSD      WEAK_TREND,AT_HTF_LEVEL,RISK_ON
  BOT_A_gold_0630_breakout: no trade -- outside window: 02:25 London, opens 06:30 closes 16:00
  BOT_B_nas100_usopen_breakout: NOT ELIGIBLE -- regime TRANSITION is structurally wrong for this bot
  BOT_C_sp500_london_breakout: no trade -- outside window: 02:25 London, opens 08:00 closes 16:30
  BOT_D_gold_ny_breakout: no trade -- outside window: 02:25 London, opens 14:30 closes 20:00
  BOT_E_eurusd_london_breakout: no trade -- outside window: 02:25 London, opens 08:00 closes 17:00
  BOT_F_nas100_vwap_reversion: NOT ELIGIBLE -- regime TRANSITION is structurally wrong for this bot
  BOT_G_nas100_h4_pullback: NOT ELIGIBLE -- regime TRANSITION is structurally wrong for this bot
  BOT_H_gold_sweep_reclaim: no trade -- outside window: 02:25 London

  CIO: 0 candidate(s); 0 funded, 0.000% total risk

===== cycle 2026-08-19 01:26:02 UTC (host local 2026-08-18 18:26:02) =====
DEMO GATE OK -> 1514166963 FTMO-Demo equity 99430.84
  bar-vs-tick gap 2s (diagnostic only; freshness is decided by clock_state after exits and reconciliation)
PREFLIGHT OK -- account, clock, data, state, ledgers all verified
  CLOCK FEED_FRESH: feed advancing, age in band, host within tolerance
profit -0.51%  daily headroom 5.00%  total headroom 9.49%  trading days 2

  DESK CLOCK 2026-08-19 02:26 London (broker)
  MARKET EURUSD      STRONG_TREND,AT_HTF_LEVEL,RISK_ON
  MARKET US100.cash  TRANSITION,COMPRESSION,AT_HTF_LEVEL,RISK_ON
  MARKET US500.cash  WEAK_TREND,COMPRESSION,AT_HTF_LEVEL,RISK_ON
  MARKET XAUUSD      WEAK_TREND,AT_HTF_LEVEL,RISK_ON
  BOT_A_gold_0630_breakout: no trade -- outside window: 02:26 London, opens 06:30 closes 16:00
  BOT_B_nas100_usopen_breakout: NOT ELIGIBLE -- regime TRANSITION is structurally wrong for this bot
  BOT_C_sp500_london_breakout: no trade -- outside window: 02:26 London, opens 08:00 closes 16:30
  BOT_D_gold_ny_breakout: no trade -- outside window: 02:26 London, opens 14:30 closes 20:00
  BOT_E_eurusd_london_breakout: no trade -- outside window: 02:26 London, opens 08:00 closes 17:00
  BOT_F_nas100_vwap_reversion: NOT ELIGIBLE -- regime TRANSITION is structurally wrong for this bot
  BOT_G_nas100_h4_pullback: NOT ELIGIBLE -- regime TRANSITION is structurally wrong for this bot
  BOT_H_gold_sweep_reclaim: no trade -- outside window: 02:26 London

  CIO: 0 candidate(s); 0 funded, 0.000% total risk

===== cycle 2026-08-19 01:27:02 UTC (host local 2026-08-18 18:27:02) =====
DEMO GATE OK -> 1514166963 FTMO-Demo equity 99430.84
  bar-vs-tick gap 2s (diagnostic only; freshness is decided by clock_state after exits and reconciliation)
PREFLIGHT OK -- account, clock, data, state, ledgers all verified
  CLOCK FEED_FRESH: feed advancing, age in band, host within tolerance
profit -0.51%  daily headroom 5.00%  total headroom 9.49%  trading days 2

  DESK CLOCK 2026-08-19 02:27 London (broker)
  MARKET EURUSD      STRONG_TREND,AT_HTF_LEVEL,RISK_ON
  MARKET US100.cash  TRANSITION,COMPRESSION,AT_HTF_LEVEL,RISK_ON
  MARKET US500.cash  WEAK_TREND,COMPRESSION,AT_HTF_LEVEL,RISK_ON
  MARKET XAUUSD      WEAK_TREND,AT_HTF_LEVEL,RISK_ON
  BOT_A_gold_0630_breakout: no trade -- outside window: 02:27 London, opens 06:30 closes 16:00
  BOT_B_nas100_usopen_breakout: NOT ELIGIBLE -- regime TRANSITION is structurally wrong for this bot
  BOT_C_sp500_london_breakout: no trade -- outside window: 02:27 London, opens 08:00 closes 16:30
  BOT_D_gold_ny_breakout: no trade -- outside window: 02:27 London, opens 14:30 closes 20:00
  BOT_E_eurusd_london_breakout: no trade -- outside window: 02:27 London, opens 08:00 closes 17:00
  BOT_F_nas100_vwap_reversion: NOT ELIGIBLE -- regime TRANSITION is structurally wrong for this bot
  BOT_G_nas100_h4_pullback: NOT ELIGIBLE -- regime TRANSITION is structurally wrong for this bot
  BOT_H_gold_sweep_reclaim: no trade -- outside window: 02:27 London

  CIO: 0 candidate(s); 0 funded, 0.000% total risk

===== cycle 2026-08-19 01:28:02 UTC (host local 2026-08-18 18:28:02) =====
DEMO GATE OK -> 1514166963 FTMO-Demo equity 99430.84
  bar-vs-tick gap 2s (diagnostic only; freshness is decided by clock_state after exits and reconciliation)
PREFLIGHT OK -- account, clock, data, state, ledgers all verified
  CLOCK FEED_FRESH: feed advancing, age in band, host within tolerance
profit -0.51%  daily headroom 5.00%  total headroom 9.49%  trading days 2

  DESK CLOCK 2026-08-19 02:28 London (broker)
  MARKET EURUSD      STRONG_TREND,AT_HTF_LEVEL,RISK_ON
  MARKET US100.cash  TRANSITION,COMPRESSION,AT_HTF_LEVEL,RISK_ON
  MARKET US500.cash  WEAK_TREND,COMPRESSION,AT_HTF_LEVEL,RISK_ON
  MARKET XAUUSD      WEAK_TREND,AT_HTF_LEVEL,RISK_ON
  BOT_A_gold_0630_breakout: no trade -- outside window: 02:28 London, opens 06:30 closes 16:00
  BOT_B_nas100_usopen_breakout: NOT ELIGIBLE -- regime TRANSITION is structurally wrong for this bot
  BOT_C_sp500_london_breakout: no trade -- outside window: 02:28 London, opens 08:00 closes 16:30
  BOT_D_gold_ny_breakout: no trade -- outside window: 02:28 London, opens 14:30 closes 20:00
  BOT_E_eurusd_london_breakout: no trade -- outside window: 02:28 London, opens 08:00 closes 17:00
  BOT_F_nas100_vwap_reversion: NOT ELIGIBLE -- regime TRANSITION is structurally wrong for this bot
  BOT_G_nas100_h4_pullback: NOT ELIGIBLE -- regime TRANSITION is structurally wrong for this bot
  BOT_H_gold_sweep_reclaim: no trade -- outside window: 02:28 London

  CIO: 0 candidate(s); 0 funded, 0.000% total risk

===== cycle 2026-08-19 01:29:02 UTC (host local 2026-08-18 18:29:02) =====
DEMO GATE OK -> 1514166963 FTMO-Demo equity 99430.84
  bar-vs-tick gap 2s (diagnostic only; freshness is decided by clock_state after exits and reconciliation)
PREFLIGHT OK -- account, clock, data, state, ledgers all verified
  CLOCK FEED_FRESH: feed advancing, age in band, host within tolerance
profit -0.51%  daily headroom 5.00%  total headroom 9.49%  trading days 2

  DESK CLOCK 2026-08-19 02:29 London (broker)
  MARKET EURUSD      STRONG_TREND,AT_HTF_LEVEL,RISK_ON
  MARKET US100.cash  TRANSITION,COMPRESSION,AT_HTF_LEVEL,RISK_ON
  MARKET US500.cash  WEAK_TREND,COMPRESSION,AT_HTF_LEVEL,RISK_ON
  MARKET XAUUSD      WEAK_TREND,AT_HTF_LEVEL,RISK_ON
  BOT_A_gold_0630_breakout: no trade -- outside window: 02:29 London, opens 06:30 closes 16:00
  BOT_B_nas100_usopen_breakout: NOT ELIGIBLE -- regime TRANSITION is structurally wrong for this bot
  BOT_C_sp500_london_breakout: no trade -- outside window: 02:29 London, opens 08:00 closes 16:30
  BOT_D_gold_ny_breakout: no trade -- outside window: 02:29 London, opens 14:30 closes 20:00
  BOT_E_eurusd_london_breakout: no trade -- outside window: 02:29 London, opens 08:00 closes 17:00
  BOT_F_nas100_vwap_reversion: NOT ELIGIBLE -- regime TRANSITION is structurally wrong for this bot
  BOT_G_nas100_h4_pullback: NOT ELIGIBLE -- regime TRANSITION is structurally wrong for this bot
  BOT_H_gold_sweep_reclaim: no trade -- outside window: 02:29 London

  CIO: 0 candidate(s); 0 funded, 0.000% total risk

===== cycle 2026-08-19 01:30:02 UTC (host local 2026-08-18 18:30:02) =====
DEMO GATE OK -> 1514166963 FTMO-Demo equity 99430.84
  bar-vs-tick gap 2s (diagnostic only; freshness is decided by clock_state after exits and reconciliation)
PREFLIGHT OK -- account, clock, data, state, ledgers all verified
  CLOCK FEED_FRESH: feed advancing, age in band, host within tolerance
profit -0.51%  daily headroom 5.00%  total headroom 9.49%  trading days 2

  DESK CLOCK 2026-08-19 02:30 London (broker)
  MARKET EURUSD      STRONG_TREND,AT_HTF_LEVEL,RISK_ON
  MARKET US100.cash  TRANSITION,COMPRESSION,AT_HTF_LEVEL,RISK_ON
  MARKET US500.cash  WEAK_TREND,COMPRESSION,AT_HTF_LEVEL,RISK_ON
  MARKET XAUUSD      WEAK_TREND,AT_HTF_LEVEL,RISK_ON
  BOT_A_gold_0630_breakout: no trade -- outside window: 02:30 London, opens 06:30 closes 16:00
  BOT_B_nas100_usopen_breakout: NOT ELIGIBLE -- regime TRANSITION is structurally wrong for this bot
  BOT_C_sp500_london_breakout: no trade -- outside window: 02:30 London, opens 08:00 closes 16:30
  BOT_D_gold_ny_breakout: no trade -- outside window: 02:30 London, opens 14:30 closes 20:00
  BOT_E_eurusd_london_breakout: no trade -- outside window: 02:30 London, opens 08:00 closes 17:00
  BOT_F_nas100_vwap_reversion: NOT ELIGIBLE -- regime TRANSITION is structurally wrong for this bot
  BOT_G_nas100_h4_pullback: NOT ELIGIBLE -- regime TRANSITION is structurally wrong for this bot
  BOT_H_gold_sweep_reclaim: no trade -- outside window: 02:30 London

  CIO: 0 candidate(s); 0 funded, 0.000% total risk

===== cycle 2026-08-19 01:31:02 UTC (host local 2026-08-18 18:31:02) =====
DEMO GATE OK -> 1514166963 FTMO-Demo equity 99430.84
  bar-vs-tick gap 2s (diagnostic only; freshness is decided by clock_state after exits and reconciliation)
PREFLIGHT OK -- account, clock, data, state, ledgers all verified
  CLOCK FEED_FRESH: feed advancing, age in band, host within tolerance
profit -0.51%  daily headroom 5.00%  total headroom 9.49%  trading days 2

  DESK CLOCK 2026-08-19 02:31 London (broker)
  MARKET EURUSD      STRONG_TREND,AT_HTF_LEVEL,RISK_ON
  MARKET US100.cash  TRANSITION,COMPRESSION,AT_HTF_LEVEL,RISK_ON
  MARKET US500.cash  WEAK_TREND,COMPRESSION,AT_HTF_LEVEL,RISK_ON
  MARKET XAUUSD      WEAK_TREND,AT_HTF_LEVEL,RISK_ON
  BOT_A_gold_0630_breakout: no trade -- outside window: 02:31 London, opens 06:30 closes 16:00
  BOT_B_nas100_usopen_breakout: NOT ELIGIBLE -- regime TRANSITION is structurally wrong for this bot
  BOT_C_sp500_london_breakout: no trade -- outside window: 02:31 London, opens 08:00 closes 16:30
  BOT_D_gold_ny_breakout: no trade -- outside window: 02:31 London, opens 14:30 closes 20:00
  BOT_E_eurusd_london_breakout: no trade -- outside window: 02:31 London, opens 08:00 closes 17:00
  BOT_F_nas100_vwap_reversion: NOT ELIGIBLE -- regime TRANSITION is structurally wrong for this bot
  BOT_G_nas100_h4_pullback: NOT ELIGIBLE -- regime TRANSITION is structurally wrong for this bot
  BOT_H_gold_sweep_reclaim: no trade -- outside window: 02:31 London

  CIO: 0 candidate(s); 0 funded, 0.000% total risk

===== cycle 2026-08-19 01:32:02 UTC (host local 2026-08-18 18:32:02) =====
DEMO GATE OK -> 1514166963 FTMO-Demo equity 99430.84
  bar-vs-tick gap 2s (diagnostic only; freshness is decided by clock_state after exits and reconciliation)
PREFLIGHT OK -- account, clock, data, state, ledgers all verified
  CLOCK FEED_FRESH: feed advancing, age in band, host within tolerance
profit -0.51%  daily headroom 5.00%  total headroom 9.49%  trading days 2

  DESK CLOCK 2026-08-19 02:32 London (broker)
  MARKET EURUSD      STRONG_TREND,AT_HTF_LEVEL,RISK_ON
  MARKET US100.cash  TRANSITION,COMPRESSION,AT_HTF_LEVEL,RISK_ON
  MARKET US500.cash  WEAK_TREND,COMPRESSION,AT_HTF_LEVEL,RISK_ON
  MARKET XAUUSD      WEAK_TREND,AT_HTF_LEVEL,RISK_ON
  BOT_A_gold_0630_breakout: no trade -- outside window: 02:32 London, opens 06:30 closes 16:00
  BOT_B_nas100_usopen_breakout: NOT ELIGIBLE -- regime TRANSITION is structurally wrong for this bot
  BOT_C_sp500_london_breakout: no trade -- outside window: 02:32 London, opens 08:00 closes 16:30
  BOT_D_gold_ny_breakout: no trade -- outside window: 02:32 London, opens 14:30 closes 20:00
  BOT_E_eurusd_london_breakout: no trade -- outside window: 02:32 London, opens 08:00 closes 17:00
  BOT_F_nas100_vwap_reversion: NOT ELIGIBLE -- regime TRANSITION is structurally wrong for this bot
  BOT_G_nas100_h4_pullback: NOT ELIGIBLE -- regime TRANSITION is structurally wrong for this bot
  BOT_H_gold_sweep_reclaim: no trade -- outside window: 02:32 London

  CIO: 0 candidate(s); 0 funded, 0.000% total risk

===== cycle 2026-08-19 01:33:02 UTC (host local 2026-08-18 18:33:02) =====
DEMO GATE OK -> 1514166963 FTMO-Demo equity 99430.84
  bar-vs-tick gap 2s (diagnostic only; freshness is decided by clock_state after exits and reconciliation)
PREFLIGHT OK -- account, clock, data, state, ledgers all verified
  CLOCK FEED_FRESH: feed advancing, age in band, host within tolerance
profit -0.51%  daily headroom 5.00%  total headroom 9.49%  trading days 2

  DESK CLOCK 2026-08-19 02:33 London (broker)
  MARKET EURUSD      STRONG_TREND,AT_HTF_LEVEL,RISK_ON
  MARKET US100.cash  TRANSITION,COMPRESSION,AT_HTF_LEVEL,RISK_ON
  MARKET US500.cash  WEAK_TREND,COMPRESSION,AT_HTF_LEVEL,RISK_ON
  MARKET XAUUSD      WEAK_TREND,AT_HTF_LEVEL,RISK_ON
  BOT_A_gold_0630_breakout: no trade -- outside window: 02:33 London, opens 06:30 closes 16:00
  BOT_B_nas100_usopen_breakout: NOT ELIGIBLE -- regime TRANSITION is structurally wrong for this bot
  BOT_C_sp500_london_breakout: no trade -- outside window: 02:33 London, opens 08:00 closes 16:30
  BOT_D_gold_ny_breakout: no trade -- outside window: 02:33 London, opens 14:30 closes 20:00
  BOT_E_eurusd_london_breakout: no trade -- outside window: 02:33 London, opens 08:00 closes 17:00
  BOT_F_nas100_vwap_reversion: NOT ELIGIBLE -- regime TRANSITION is structurally wrong for this bot
  BOT_G_nas100_h4_pullback: NOT ELIGIBLE -- regime TRANSITION is structurally wrong for this bot
  BOT_H_gold_sweep_reclaim: no trade -- outside window: 02:33 London

  CIO: 0 candidate(s); 0 funded, 0.000% total risk

===== cycle 2026-08-19 01:34:02 UTC (host local 2026-08-18 18:34:02) =====
DEMO GATE OK -> 1514166963 FTMO-Demo equity 99430.84
  bar-vs-tick gap 2s (diagnostic only; freshness is decided by clock_state after exits and reconciliation)
PREFLIGHT OK -- account, clock, data, state, ledgers all verified
  CLOCK FEED_FRESH: feed advancing, age in band, host within tolerance
profit -0.51%  daily headroom 5.00%  total headroom 9.49%  trading days 2

  DESK CLOCK 2026-08-19 02:34 London (broker)
  MARKET EURUSD      STRONG_TREND,AT_HTF_LEVEL,RISK_ON
  MARKET US100.cash  TRANSITION,COMPRESSION,AT_HTF_LEVEL,RISK_ON
  MARKET US500.cash  WEAK_TREND,COMPRESSION,AT_HTF_LEVEL,RISK_ON
  MARKET XAUUSD      WEAK_TREND,AT_HTF_LEVEL,RISK_ON
  BOT_A_gold_0630_breakout: no trade -- outside window: 02:34 London, opens 06:30 closes 16:00
  BOT_B_nas100_usopen_breakout: NOT ELIGIBLE -- regime TRANSITION is structurally wrong for this bot
  BOT_C_sp500_london_breakout: no trade -- outside window: 02:34 London, opens 08:00 closes 16:30
  BOT_D_gold_ny_breakout: no trade -- outside window: 02:34 London, opens 14:30 closes 20:00
  BOT_E_eurusd_london_breakout: no trade -- outside window: 02:34 London, opens 08:00 closes 17:00
  BOT_F_nas100_vwap_reversion: NOT ELIGIBLE -- regime TRANSITION is structurally wrong for this bot
  BOT_G_nas100_h4_pullback: NOT ELIGIBLE -- regime TRANSITION is structurally wrong for this bot
  BOT_H_gold_sweep_reclaim: no trade -- outside window: 02:34 London

  CIO: 0 candidate(s); 0 funded, 0.000% total risk

===== cycle 2026-08-19 01:35:02 UTC (host local 2026-08-18 18:35:02) =====
DEMO GATE OK -> 1514166963 FTMO-Demo equity 99430.84
  bar-vs-tick gap 2s (diagnostic only; freshness is decided by clock_state after exits and reconciliation)
PREFLIGHT OK -- account, clock, data, state, ledgers all verified
  CLOCK FEED_FRESH: feed advancing, age in band, host within tolerance
profit -0.51%  daily headroom 5.00%  total headroom 9.49%  trading days 2

  DESK CLOCK 2026-08-19 02:35 London (broker)
  MARKET EURUSD      STRONG_TREND,AT_HTF_LEVEL,RISK_OFF
  MARKET US100.cash  TRANSITION,COMPRESSION,AT_HTF_LEVEL,RISK_OFF
  MARKET US500.cash  WEAK_TREND,COMPRESSION,AT_HTF_LEVEL,RISK_ON
  MARKET XAUUSD      WEAK_TREND,AT_HTF_LEVEL,RISK_ON
  BOT_A_gold_0630_breakout: no trade -- outside window: 02:35 London, opens 06:30 closes 16:00
  BOT_B_nas100_usopen_breakout: NOT ELIGIBLE -- regime TRANSITION is structurally wrong for this bot
  BOT_C_sp500_london_breakout: no trade -- outside window: 02:35 London, opens 08:00 closes 16:30
  BOT_D_gold_ny_breakout: no trade -- outside window: 02:35 London, opens 14:30 closes 20:00
  BOT_E_eurusd_london_breakout: no trade -- outside window: 02:35 London, opens 08:00 closes 17:00
  BOT_F_nas100_vwap_reversion: NOT ELIGIBLE -- regime TRANSITION is structurally wrong for this bot
  BOT_G_nas100_h4_pullback: NOT ELIGIBLE -- regime TRANSITION is structurally wrong for this bot
  BOT_H_gold_sweep_reclaim: no trade -- outside window: 02:35 London

  CIO: 0 candidate(s); 0 funded, 0.000% total risk

===== cycle 2026-08-19 01:36:02 UTC (host local 2026-08-18 18:36:02) =====
DEMO GATE OK -> 1514166963 FTMO-Demo equity 99430.84
  bar-vs-tick gap 2s (diagnostic only; freshness is decided by clock_state after exits and reconciliation)
PREFLIGHT OK -- account, clock, data, state, ledgers all verified
  CLOCK FEED_FRESH: feed advancing, age in band, host within tolerance
profit -0.51%  daily headroom 5.00%  total headroom 9.49%  trading days 2

  DESK CLOCK 2026-08-19 02:36 London (broker)
  MARKET EURUSD      STRONG_TREND,AT_HTF_LEVEL,RISK_OFF
  MARKET US100.cash  TRANSITION,COMPRESSION,AT_HTF_LEVEL,RISK_OFF
  MARKET US500.cash  WEAK_TREND,COMPRESSION,AT_HTF_LEVEL,RISK_ON
  MARKET XAUUSD      WEAK_TREND,AT_HTF_LEVEL,RISK_ON
  BOT_A_gold_0630_breakout: no trade -- outside window: 02:36 London, opens 06:30 closes 16:00
  BOT_B_nas100_usopen_breakout: NOT ELIGIBLE -- regime TRANSITION is structurally wrong for this bot
  BOT_C_sp500_london_breakout: no trade -- outside window: 02:36 London, opens 08:00 closes 16:30
  BOT_D_gold_ny_breakout: no trade -- outside window: 02:36 London, opens 14:30 closes 20:00
  BOT_E_eurusd_london_breakout: no trade -- outside window: 02:36 London, opens 08:00 closes 17:00
  BOT_F_nas100_vwap_reversion: NOT ELIGIBLE -- regime TRANSITION is structurally wrong for this bot
  BOT_G_nas100_h4_pullback: NOT ELIGIBLE -- regime TRANSITION is structurally wrong for this bot
  BOT_H_gold_sweep_reclaim: no trade -- outside window: 02:36 London

  CIO: 0 candidate(s); 0 funded, 0.000% total risk

===== cycle 2026-08-19 01:37:02 UTC (host local 2026-08-18 18:37:02) =====
DEMO GATE OK -> 1514166963 FTMO-Demo equity 99430.84
  bar-vs-tick gap 2s (diagnostic only; freshness is decided by clock_state after exits and reconciliation)
PREFLIGHT OK -- account, clock, data, state, ledgers all verified
  CLOCK FEED_FRESH: feed advancing, age in band, host within tolerance
profit -0.51%  daily headroom 5.00%  total headroom 9.49%  trading days 2

  DESK CLOCK 2026-08-19 02:37 London (broker)
  MARKET EURUSD      STRONG_TREND,AT_HTF_LEVEL,RISK_ON
  MARKET US100.cash  TRANSITION,COMPRESSION,AT_HTF_LEVEL,RISK_ON
  MARKET US500.cash  WEAK_TREND,COMPRESSION,AT_HTF_LEVEL,RISK_ON
  MARKET XAUUSD      WEAK_TREND,AT_HTF_LEVEL,RISK_ON
  BOT_A_gold_0630_breakout: no trade -- outside window: 02:37 London, opens 06:30 closes 16:00
  BOT_B_nas100_usopen_breakout: NOT ELIGIBLE -- regime TRANSITION is structurally wrong for this bot
  BOT_C_sp500_london_breakout: no trade -- outside window: 02:37 London, opens 08:00 closes 16:30
  BOT_D_gold_ny_breakout: no trade -- outside window: 02:37 London, opens 14:30 closes 20:00
  BOT_E_eurusd_london_breakout: no trade -- outside window: 02:37 London, opens 08:00 closes 17:00
  BOT_F_nas100_vwap_reversion: NOT ELIGIBLE -- regime TRANSITION is structurally wrong for this bot
  BOT_G_nas100_h4_pullback: NOT ELIGIBLE -- regime TRANSITION is structurally wrong for this bot
  BOT_H_gold_sweep_reclaim: no trade -- outside window: 02:37 London

  CIO: 0 candidate(s); 0 funded, 0.000% total risk

===== cycle 2026-08-19 01:38:02 UTC (host local 2026-08-18 18:38:02) =====
DEMO GATE OK -> 1514166963 FTMO-Demo equity 99430.84
  bar-vs-tick gap 2s (diagnostic only; freshness is decided by clock_state after exits and reconciliation)
PREFLIGHT OK -- account, clock, data, state, ledgers all verified
  CLOCK FEED_FRESH: feed advancing, age in band, host within tolerance
profit -0.51%  daily headroom 5.00%  total headroom 9.49%  trading days 2

  DESK CLOCK 2026-08-19 02:38 London (broker)
  MARKET EURUSD      STRONG_TREND,AT_HTF_LEVEL,RISK_ON
  MARKET US100.cash  TRANSITION,COMPRESSION,AT_HTF_LEVEL,RISK_ON
  MARKET US500.cash  WEAK_TREND,COMPRESSION,AT_HTF_LEVEL,RISK_ON
  MARKET XAUUSD      WEAK_TREND,AT_HTF_LEVEL,RISK_ON
  BOT_A_gold_0630_breakout: no trade -- outside window: 02:38 London, opens 06:30 closes 16:00
  BOT_B_nas100_usopen_breakout: NOT ELIGIBLE -- regime TRANSITION is structurally wrong for this bot
  BOT_C_sp500_london_breakout: no trade -- outside window: 02:38 London, opens 08:00 closes 16:30
  BOT_D_gold_ny_breakout: no trade -- outside window: 02:38 London, opens 14:30 closes 20:00
  BOT_E_eurusd_london_breakout: no trade -- outside window: 02:38 London, opens 08:00 closes 17:00
  BOT_F_nas100_vwap_reversion: NOT ELIGIBLE -- regime TRANSITION is structurally wrong for this bot
  BOT_G_nas100_h4_pullback: NOT ELIGIBLE -- regime TRANSITION is structurally wrong for this bot
  BOT_H_gold_sweep_reclaim: no trade -- outside window: 02:38 London

  CIO: 0 candidate(s); 0 funded, 0.000% total risk

===== cycle 2026-08-19 01:39:02 UTC (host local 2026-08-18 18:39:02) =====
DEMO GATE OK -> 1514166963 FTMO-Demo equity 99430.84
  bar-vs-tick gap 2s (diagnostic only; freshness is decided by clock_state after exits and reconciliation)
PREFLIGHT OK -- account, clock, data, state, ledgers all verified
  CLOCK FEED_FRESH: feed advancing, age in band, host within tolerance
profit -0.51%  daily headroom 5.00%  total headroom 9.49%  trading days 2

  DESK CLOCK 2026-08-19 02:39 London (broker)
  MARKET EURUSD      STRONG_TREND,AT_HTF_LEVEL,RISK_ON
  MARKET US100.cash  TRANSITION,COMPRESSION,AT_HTF_LEVEL,RISK_ON
  MARKET US500.cash  WEAK_TREND,COMPRESSION,AT_HTF_LEVEL,RISK_ON
  MARKET XAUUSD      WEAK_TREND,AT_HTF_LEVEL,RISK_ON
  BOT_A_gold_0630_breakout: no trade -- outside window: 02:39 London, opens 06:30 closes 16:00
  BOT_B_nas100_usopen_breakout: NOT ELIGIBLE -- regime TRANSITION is structurally wrong for this bot
  BOT_C_sp500_london_breakout: no trade -- outside window: 02:39 London, opens 08:00 closes 16:30
  BOT_D_gold_ny_breakout: no trade -- outside window: 02:39 London, opens 14:30 closes 20:00
  BOT_E_eurusd_london_breakout: no trade -- outside window: 02:39 London, opens 08:00 closes 17:00
  BOT_F_nas100_vwap_reversion: NOT ELIGIBLE -- regime TRANSITION is structurally wrong for this bot
  BOT_G_nas100_h4_pullback: NOT ELIGIBLE -- regime TRANSITION is structurally wrong for this bot
  BOT_H_gold_sweep_reclaim: no trade -- outside window: 02:39 London

  CIO: 0 candidate(s); 0 funded, 0.000% total risk

===== cycle 2026-08-19 01:40:02 UTC (host local 2026-08-18 18:40:02) =====
DEMO GATE OK -> 1514166963 FTMO-Demo equity 99430.84
  bar-vs-tick gap 2s (diagnostic only; freshness is decided by clock_state after exits and reconciliation)
PREFLIGHT OK -- account, clock, data, state, ledgers all verified
  CLOCK FEED_FRESH: feed advancing, age in band, host within tolerance
profit -0.51%  daily headroom 5.00%  total headroom 9.49%  trading days 2

  DESK CLOCK 2026-08-19 02:40 London (broker)
  MARKET EURUSD      STRONG_TREND,AT_HTF_LEVEL,RISK_ON
  MARKET US100.cash  TRANSITION,COMPRESSION,AT_HTF_LEVEL,RISK_ON
  MARKET US500.cash  WEAK_TREND,COMPRESSION,AT_HTF_LEVEL,RISK_ON
  MARKET XAUUSD      WEAK_TREND,AT_HTF_LEVEL,RISK_ON
  BOT_A_gold_0630_breakout: no trade -- outside window: 02:40 London, opens 06:30 closes 16:00
  BOT_B_nas100_usopen_breakout: NOT ELIGIBLE -- regime TRANSITION is structurally wrong for this bot
  BOT_C_sp500_london_breakout: no trade -- outside window: 02:40 London, opens 08:00 closes 16:30
  BOT_D_gold_ny_breakout: no trade -- outside window: 02:40 London, opens 14:30 closes 20:00
  BOT_E_eurusd_london_breakout: no trade -- outside window: 02:40 London, opens 08:00 closes 17:00
  BOT_F_nas100_vwap_reversion: NOT ELIGIBLE -- regime TRANSITION is structurally wrong for this bot
  BOT_G_nas100_h4_pullback: NOT ELIGIBLE -- regime TRANSITION is structurally wrong for this bot
  BOT_H_gold_sweep_reclaim: no trade -- outside window: 02:40 London

  CIO: 0 candidate(s); 0 funded, 0.000% total risk

===== cycle 2026-08-19 01:41:02 UTC (host local 2026-08-18 18:41:02) =====
DEMO GATE OK -> 1514166963 FTMO-Demo equity 99430.84
  bar-vs-tick gap 2s (diagnostic only; freshness is decided by clock_state after exits and reconciliation)
PREFLIGHT OK -- account, clock, data, state, ledgers all verified
  CLOCK FEED_FRESH: feed advancing, age in band, host within tolerance
profit -0.51%  daily headroom 5.00%  total headroom 9.49%  trading days 2

  DESK CLOCK 2026-08-19 02:41 London (broker)
  MARKET EURUSD      STRONG_TREND,AT_HTF_LEVEL,RISK_ON
  MARKET US100.cash  TRANSITION,COMPRESSION,AT_HTF_LEVEL,RISK_ON
  MARKET US500.cash  WEAK_TREND,COMPRESSION,AT_HTF_LEVEL,RISK_ON
  MARKET XAUUSD      WEAK_TREND,AT_HTF_LEVEL,RISK_ON
  BOT_A_gold_0630_breakout: no trade -- outside window: 02:41 London, opens 06:30 closes 16:00
  BOT_B_nas100_usopen_breakout: NOT ELIGIBLE -- regime TRANSITION is structurally wrong for this bot
  BOT_C_sp500_london_breakout: no trade -- outside window: 02:41 London, opens 08:00 closes 16:30
  BOT_D_gold_ny_breakout: no trade -- outside window: 02:41 London, opens 14:30 closes 20:00
  BOT_E_eurusd_london_breakout: no trade -- outside window: 02:41 London, opens 08:00 closes 17:00
  BOT_F_nas100_vwap_reversion: NOT ELIGIBLE -- regime TRANSITION is structurally wrong for this bot
  BOT_G_nas100_h4_pullback: NOT ELIGIBLE -- regime TRANSITION is structurally wrong for this bot
  BOT_H_gold_sweep_reclaim: no trade -- outside window: 02:41 London

  CIO: 0 candidate(s); 0 funded, 0.000% total risk

===== cycle 2026-08-19 01:42:02 UTC (host local 2026-08-18 18:42:02) =====
DEMO GATE OK -> 1514166963 FTMO-Demo equity 99430.84
  bar-vs-tick gap 2s (diagnostic only; freshness is decided by clock_state after exits and reconciliation)
PREFLIGHT OK -- account, clock, data, state, ledgers all verified
  CLOCK FEED_FRESH: feed advancing, age in band, host within tolerance
profit -0.51%  daily headroom 5.00%  total headroom 9.49%  trading days 2

  DESK CLOCK 2026-08-19 02:42 London (broker)
  MARKET EURUSD      STRONG_TREND,AT_HTF_LEVEL,RISK_OFF
  MARKET US100.cash  TRANSITION,COMPRESSION,AT_HTF_LEVEL,RISK_OFF
  MARKET US500.cash  WEAK_TREND,COMPRESSION,AT_HTF_LEVEL,RISK_ON
  MARKET XAUUSD      WEAK_TREND,AT_HTF_LEVEL,RISK_ON
  BOT_A_gold_0630_breakout: no trade -- outside window: 02:42 London, opens 06:30 closes 16:00
  BOT_B_nas100_usopen_breakout: NOT ELIGIBLE -- regime TRANSITION is structurally wrong for this bot
  BOT_C_sp500_london_breakout: no trade -- outside window: 02:42 London, opens 08:00 closes 16:30
  BOT_D_gold_ny_breakout: no trade -- outside window: 02:42 London, opens 14:30 closes 20:00
  BOT_E_eurusd_london_breakout: no trade -- outside window: 02:42 London, opens 08:00 closes 17:00
  BOT_F_nas100_vwap_reversion: NOT ELIGIBLE -- regime TRANSITION is structurally wrong for this bot
  BOT_G_nas100_h4_pullback: NOT ELIGIBLE -- regime TRANSITION is structurally wrong for this bot
  BOT_H_gold_sweep_reclaim: no trade -- outside window: 02:42 London

  CIO: 0 candidate(s); 0 funded, 0.000% total risk

===== cycle 2026-08-19 01:43:02 UTC (host local 2026-08-18 18:43:02) =====
DEMO GATE OK -> 1514166963 FTMO-Demo equity 99430.84
  bar-vs-tick gap 2s (diagnostic only; freshness is decided by clock_state after exits and reconciliation)
PREFLIGHT OK -- account, clock, data, state, ledgers all verified
  CLOCK FEED_FRESH: feed advancing, age in band, host within tolerance
profit -0.51%  daily headroom 5.00%  total headroom 9.49%  trading days 2

  DESK CLOCK 2026-08-19 02:43 London (broker)
  MARKET EURUSD      STRONG_TREND,AT_HTF_LEVEL,RISK_OFF
  MARKET US100.cash  TRANSITION,COMPRESSION,AT_HTF_LEVEL,RISK_OFF
  MARKET US500.cash  WEAK_TREND,COMPRESSION,AT_HTF_LEVEL,RISK_ON
  MARKET XAUUSD      WEAK_TREND,AT_HTF_LEVEL,RISK_ON
  BOT_A_gold_0630_breakout: no trade -- outside window: 02:43 London, opens 06:30 closes 16:00
  BOT_B_nas100_usopen_breakout: NOT ELIGIBLE -- regime TRANSITION is structurally wrong for this bot
  BOT_C_sp500_london_breakout: no trade -- outside window: 02:43 London, opens 08:00 closes 16:30
  BOT_D_gold_ny_breakout: no trade -- outside window: 02:43 London, opens 14:30 closes 20:00
  BOT_E_eurusd_london_breakout: no trade -- outside window: 02:43 London, opens 08:00 closes 17:00
  BOT_F_nas100_vwap_reversion: NOT ELIGIBLE -- regime TRANSITION is structurally wrong for this bot
  BOT_G_nas100_h4_pullback: NOT ELIGIBLE -- regime TRANSITION is structurally wrong for this bot
  BOT_H_gold_sweep_reclaim: no trade -- outside window: 02:43 London

  CIO: 0 candidate(s); 0 funded, 0.000% total risk

===== cycle 2026-08-19 01:44:02 UTC (host local 2026-08-18 18:44:02) =====
DEMO GATE OK -> 1514166963 FTMO-Demo equity 99430.84
  bar-vs-tick gap 2s (diagnostic only; freshness is decided by clock_state after exits and reconciliation)
PREFLIGHT OK -- account, clock, data, state, ledgers all verified
  CLOCK FEED_FRESH: feed advancing, age in band, host within tolerance
profit -0.51%  daily headroom 5.00%  total headroom 9.49%  trading days 2

  DESK CLOCK 2026-08-19 02:44 London (broker)
  MARKET EURUSD      STRONG_TREND,AT_HTF_LEVEL,RISK_OFF
  MARKET US100.cash  TRANSITION,COMPRESSION,AT_HTF_LEVEL,RISK_OFF
  MARKET US500.cash  WEAK_TREND,COMPRESSION,AT_HTF_LEVEL,RISK_ON
  MARKET XAUUSD      WEAK_TREND,AT_HTF_LEVEL,RISK_ON
  BOT_A_gold_0630_breakout: no trade -- outside window: 02:44 London, opens 06:30 closes 16:00
  BOT_B_nas100_usopen_breakout: NOT ELIGIBLE -- regime TRANSITION is structurally wrong for this bot
  BOT_C_sp500_london_breakout: no trade -- outside window: 02:44 London, opens 08:00 closes 16:30
  BOT_D_gold_ny_breakout: no trade -- outside window: 02:44 London, opens 14:30 closes 20:00
  BOT_E_eurusd_london_breakout: no trade -- outside window: 02:44 London, opens 08:00 closes 17:00
  BOT_F_nas100_vwap_reversion: NOT ELIGIBLE -- regime TRANSITION is structurally wrong for this bot
  BOT_G_nas100_h4_pullback: NOT ELIGIBLE -- regime TRANSITION is structurally wrong for this bot
  BOT_H_gold_sweep_reclaim: no trade -- outside window: 02:44 London

  CIO: 0 candidate(s); 0 funded, 0.000% total risk

===== cycle 2026-08-19 01:45:02 UTC (host local 2026-08-18 18:45:02) =====
DEMO GATE OK -> 1514166963 FTMO-Demo equity 99430.84
  bar-vs-tick gap 2s (diagnostic only; freshness is decided by clock_state after exits and reconciliation)
PREFLIGHT OK -- account, clock, data, state, ledgers all verified
  CLOCK FEED_FRESH: feed advancing, age in band, host within tolerance
profit -0.51%  daily headroom 5.00%  total headroom 9.49%  trading days 2

  DESK CLOCK 2026-08-19 02:45 London (broker)
  MARKET EURUSD      STRONG_TREND,AT_HTF_LEVEL,RISK_OFF
  MARKET US100.cash  TRANSITION,COMPRESSION,AT_HTF_LEVEL,RISK_OFF
  MARKET US500.cash  WEAK_TREND,COMPRESSION,AT_HTF_LEVEL,RISK_ON
  MARKET XAUUSD      WEAK_TREND,AT_HTF_LEVEL,RISK_ON
  BOT_A_gold_0630_breakout: no trade -- outside window: 02:45 London, opens 06:30 closes 16:00
  BOT_B_nas100_usopen_breakout: NOT ELIGIBLE -- regime TRANSITION is structurally wrong for this bot
  BOT_C_sp500_london_breakout: no trade -- outside window: 02:45 London, opens 08:00 closes 16:30
  BOT_D_gold_ny_breakout: no trade -- outside window: 02:45 London, opens 14:30 closes 20:00
  BOT_E_eurusd_london_breakout: no trade -- outside window: 02:45 London, opens 08:00 closes 17:00
  BOT_F_nas100_vwap_reversion: NOT ELIGIBLE -- regime TRANSITION is structurally wrong for this bot
  BOT_G_nas100_h4_pullback: NOT ELIGIBLE -- regime TRANSITION is structurally wrong for this bot
  BOT_H_gold_sweep_reclaim: no trade -- outside window: 02:45 London

  CIO: 0 candidate(s); 0 funded, 0.000% total risk

===== cycle 2026-08-19 01:46:02 UTC (host local 2026-08-18 18:46:02) =====
DEMO GATE OK -> 1514166963 FTMO-Demo equity 99430.84
  bar-vs-tick gap 2s (diagnostic only; freshness is decided by clock_state after exits and reconciliation)
PREFLIGHT OK -- account, clock, data, state, ledgers all verified
  CLOCK FEED_FRESH: feed advancing, age in band, host within tolerance
profit -0.51%  daily headroom 5.00%  total headroom 9.49%  trading days 2

  DESK CLOCK 2026-08-19 02:46 London (broker)
  MARKET EURUSD      STRONG_TREND,AT_HTF_LEVEL,RISK_OFF
  MARKET US100.cash  TRANSITION,COMPRESSION,AT_HTF_LEVEL,RISK_OFF
  MARKET US500.cash  WEAK_TREND,COMPRESSION,AT_HTF_LEVEL,RISK_ON
  MARKET XAUUSD      WEAK_TREND,AT_HTF_LEVEL,RISK_ON
  BOT_A_gold_0630_breakout: no trade -- outside window: 02:46 London, opens 06:30 closes 16:00
  BOT_B_nas100_usopen_breakout: NOT ELIGIBLE -- regime TRANSITION is structurally wrong for this bot
  BOT_C_sp500_london_breakout: no trade -- outside window: 02:46 London, opens 08:00 closes 16:30
  BOT_D_gold_ny_breakout: no trade -- outside window: 02:46 London, opens 14:30 closes 20:00
  BOT_E_eurusd_london_breakout: no trade -- outside window: 02:46 London, opens 08:00 closes 17:00
  BOT_F_nas100_vwap_reversion: NOT ELIGIBLE -- regime TRANSITION is structurally wrong for this bot
  BOT_G_nas100_h4_pullback: NOT ELIGIBLE -- regime TRANSITION is structurally wrong for this bot
  BOT_H_gold_sweep_reclaim: no trade -- outside window: 02:46 London

  CIO: 0 candidate(s); 0 funded, 0.000% total risk

===== cycle 2026-08-19 01:47:02 UTC (host local 2026-08-18 18:47:02) =====
DEMO GATE OK -> 1514166963 FTMO-Demo equity 99430.84
  bar-vs-tick gap 2s (diagnostic only; freshness is decided by clock_state after exits and reconciliation)
PREFLIGHT OK -- account, clock, data, state, ledgers all verified
  CLOCK FEED_FRESH: feed advancing, age in band, host within tolerance
profit -0.51%  daily headroom 5.00%  total headroom 9.49%  trading days 2

  DESK CLOCK 2026-08-19 02:47 London (broker)
  MARKET EURUSD      STRONG_TREND,AT_HTF_LEVEL,RISK_OFF
  MARKET US100.cash  TRANSITION,COMPRESSION,AT_HTF_LEVEL,RISK_OFF
  MARKET US500.cash  WEAK_TREND,COMPRESSION,AT_HTF_LEVEL,RISK_ON
  MARKET XAUUSD      WEAK_TREND,AT_HTF_LEVEL,RISK_ON
  BOT_A_gold_0630_breakout: no trade -- outside window: 02:47 London, opens 06:30 closes 16:00
  BOT_B_nas100_usopen_breakout: NOT ELIGIBLE -- regime TRANSITION is structurally wrong for this bot
  BOT_C_sp500_london_breakout: no trade -- outside window: 02:47 London, opens 08:00 closes 16:30
  BOT_D_gold_ny_breakout: no trade -- outside window: 02:47 London, opens 14:30 closes 20:00
  BOT_E_eurusd_london_breakout: no trade -- outside window: 02:47 London, opens 08:00 closes 17:00
  BOT_F_nas100_vwap_reversion: NOT ELIGIBLE -- regime TRANSITION is structurally wrong for this bot
  BOT_G_nas100_h4_pullback: NOT ELIGIBLE -- regime TRANSITION is structurally wrong for this bot
  BOT_H_gold_sweep_reclaim: no trade -- outside window: 02:47 London

  CIO: 0 candidate(s); 0 funded, 0.000% total risk

===== cycle 2026-08-19 01:48:02 UTC (host local 2026-08-18 18:48:02) =====
DEMO GATE OK -> 1514166963 FTMO-Demo equity 99430.84
  bar-vs-tick gap 2s (diagnostic only; freshness is decided by clock_state after exits and reconciliation)
PREFLIGHT OK -- account, clock, data, state, ledgers all verified
  CLOCK FEED_FRESH: feed advancing, age in band, host within tolerance
profit -0.51%  daily headroom 5.00%  total headroom 9.49%  trading days 2

  DESK CLOCK 2026-08-19 02:48 London (broker)
  MARKET EURUSD      STRONG_TREND,AT_HTF_LEVEL,RISK_OFF
  MARKET US100.cash  TRANSITION,COMPRESSION,AT_HTF_LEVEL,RISK_OFF
  MARKET US500.cash  WEAK_TREND,COMPRESSION,AT_HTF_LEVEL,RISK_ON
  MARKET XAUUSD      WEAK_TREND,AT_HTF_LEVEL,RISK_ON
  BOT_A_gold_0630_breakout: no trade -- outside window: 02:48 London, opens 06:30 closes 16:00
  BOT_B_nas100_usopen_breakout: NOT ELIGIBLE -- regime TRANSITION is structurally wrong for this bot
  BOT_C_sp500_london_breakout: no trade -- outside window: 02:48 London, opens 08:00 closes 16:30
  BOT_D_gold_ny_breakout: no trade -- outside window: 02:48 London, opens 14:30 closes 20:00
  BOT_E_eurusd_london_breakout: no trade -- outside window: 02:48 London, opens 08:00 closes 17:00
  BOT_F_nas100_vwap_reversion: NOT ELIGIBLE -- regime TRANSITION is structurally wrong for this bot
  BOT_G_nas100_h4_pullback: NOT ELIGIBLE -- regime TRANSITION is structurally wrong for this bot
  BOT_H_gold_sweep_reclaim: no trade -- outside window: 02:48 London

  CIO: 0 candidate(s); 0 funded, 0.000% total risk

===== cycle 2026-08-19 01:49:01 UTC (host local 2026-08-18 18:49:01) =====
DEMO GATE OK -> 1514166963 FTMO-Demo equity 99430.84
  bar-vs-tick gap 1s (diagnostic only; freshness is decided by clock_state after exits and reconciliation)
PREFLIGHT OK -- account, clock, data, state, ledgers all verified
  CLOCK FEED_FRESH: feed advancing, age in band, host within tolerance
profit -0.51%  daily headroom 5.00%  total headroom 9.49%  trading days 2

  DESK CLOCK 2026-08-19 02:49 London (broker)
  MARKET EURUSD      STRONG_TREND,AT_HTF_LEVEL,RISK_OFF
  MARKET US100.cash  TRANSITION,COMPRESSION,AT_HTF_LEVEL,RISK_OFF
  MARKET US500.cash  WEAK_TREND,COMPRESSION,AT_HTF_LEVEL,RISK_ON
  MARKET XAUUSD      WEAK_TREND,AT_HTF_LEVEL,RISK_ON
  BOT_A_gold_0630_breakout: no trade -- outside window: 02:49 London, opens 06:30 closes 16:00
  BOT_B_nas100_usopen_breakout: NOT ELIGIBLE -- regime TRANSITION is structurally wrong for this bot
  BOT_C_sp500_london_breakout: no trade -- outside window: 02:49 London, opens 08:00 closes 16:30
  BOT_D_gold_ny_breakout: no trade -- outside window: 02:49 London, opens 14:30 closes 20:00
  BOT_E_eurusd_london_breakout: no trade -- outside window: 02:49 London, opens 08:00 closes 17:00
  BOT_F_nas100_vwap_reversion: NOT ELIGIBLE -- regime TRANSITION is structurally wrong for this bot
  BOT_G_nas100_h4_pullback: NOT ELIGIBLE -- regime TRANSITION is structurally wrong for this bot
  BOT_H_gold_sweep_reclaim: no trade -- outside window: 02:49 London

  CIO: 0 candidate(s); 0 funded, 0.000% total risk

===== cycle 2026-08-19 01:50:01 UTC (host local 2026-08-18 18:50:01) =====
DEMO GATE OK -> 1514166963 FTMO-Demo equity 99430.84
  bar-vs-tick gap 2s (diagnostic only; freshness is decided by clock_state after exits and reconciliation)
PREFLIGHT OK -- account, clock, data, state, ledgers all verified
  CLOCK FEED_FRESH: feed advancing, age in band, host within tolerance
profit -0.51%  daily headroom 5.00%  total headroom 9.49%  trading days 2

  DESK CLOCK 2026-08-19 02:50 London (broker)
  MARKET EURUSD      STRONG_TREND,AT_HTF_LEVEL,RISK_OFF
  MARKET US100.cash  TRANSITION,COMPRESSION,AT_HTF_LEVEL,RISK_OFF
  MARKET US500.cash  WEAK_TREND,COMPRESSION,AT_HTF_LEVEL,RISK_ON
  MARKET XAUUSD      WEAK_TREND,AT_HTF_LEVEL,RISK_ON
  BOT_A_gold_0630_breakout: no trade -- outside window: 02:50 London, opens 06:30 closes 16:00
  BOT_B_nas100_usopen_breakout: NOT ELIGIBLE -- regime TRANSITION is structurally wrong for this bot
  BOT_C_sp500_london_breakout: no trade -- outside window: 02:50 London, opens 08:00 closes 16:30
  BOT_D_gold_ny_breakout: no trade -- outside window: 02:50 London, opens 14:30 closes 20:00
  BOT_E_eurusd_london_breakout: no trade -- outside window: 02:50 London, opens 08:00 closes 17:00
  BOT_F_nas100_vwap_reversion: NOT ELIGIBLE -- regime TRANSITION is structurally wrong for this bot
  BOT_G_nas100_h4_pullback: NOT ELIGIBLE -- regime TRANSITION is structurally wrong for this bot
  BOT_H_gold_sweep_reclaim: no trade -- outside window: 02:50 London

  CIO: 0 candidate(s); 0 funded, 0.000% total risk

===== cycle 2026-08-19 01:51:01 UTC (host local 2026-08-18 18:51:01) =====
DEMO GATE OK -> 1514166963 FTMO-Demo equity 99430.84
  bar-vs-tick gap 1s (diagnostic only; freshness is decided by clock_state after exits and reconciliation)
PREFLIGHT OK -- account, clock, data, state, ledgers all verified
  CLOCK FEED_FRESH: feed advancing, age in band, host within tolerance
profit -0.51%  daily headroom 5.00%  total headroom 9.49%  trading days 2

  DESK CLOCK 2026-08-19 02:51 London (broker)
  MARKET EURUSD      STRONG_TREND,AT_HTF_LEVEL,RISK_OFF
  MARKET US100.cash  TRANSITION,COMPRESSION,AT_HTF_LEVEL,RISK_OFF
  MARKET US500.cash  WEAK_TREND,COMPRESSION,AT_HTF_LEVEL,RISK_ON
  MARKET XAUUSD      WEAK_TREND,AT_HTF_LEVEL,RISK_ON
  BOT_A_gold_0630_breakout: no trade -- outside window: 02:51 London, opens 06:30 closes 16:00
  BOT_B_nas100_usopen_breakout: NOT ELIGIBLE -- regime TRANSITION is structurally wrong for this bot
  BOT_C_sp500_london_breakout: no trade -- outside window: 02:51 London, opens 08:00 closes 16:30
  BOT_D_gold_ny_breakout: no trade -- outside window: 02:51 London, opens 14:30 closes 20:00
  BOT_E_eurusd_london_breakout: no trade -- outside window: 02:51 London, opens 08:00 closes 17:00
  BOT_F_nas100_vwap_reversion: NOT ELIGIBLE -- regime TRANSITION is structurally wrong for this bot
  BOT_G_nas100_h4_pullback: NOT ELIGIBLE -- regime TRANSITION is structurally wrong for this bot
  BOT_H_gold_sweep_reclaim: no trade -- outside window: 02:51 London

  CIO: 0 candidate(s); 0 funded, 0.000% total risk

===== cycle 2026-08-19 01:52:01 UTC (host local 2026-08-18 18:52:01) =====
DEMO GATE OK -> 1514166963 FTMO-Demo equity 99430.84
  bar-vs-tick gap 2s (diagnostic only; freshness is decided by clock_state after exits and reconciliation)
PREFLIGHT OK -- account, clock, data, state, ledgers all verified
  CLOCK FEED_FRESH: feed advancing, age in band, host within tolerance
profit -0.51%  daily headroom 5.00%  total headroom 9.49%  trading days 2

  DESK CLOCK 2026-08-19 02:52 London (broker)
  MARKET EURUSD      STRONG_TREND,AT_HTF_LEVEL,RISK_OFF
  MARKET US100.cash  TRANSITION,COMPRESSION,AT_HTF_LEVEL,RISK_OFF
  MARKET US500.cash  WEAK_TREND,COMPRESSION,AT_HTF_LEVEL,RISK_ON
  MARKET XAUUSD      WEAK_TREND,AT_HTF_LEVEL,RISK_ON
  BOT_A_gold_0630_breakout: no trade -- outside window: 02:52 London, opens 06:30 closes 16:00
  BOT_B_nas100_usopen_breakout: NOT ELIGIBLE -- regime TRANSITION is structurally wrong for this bot
  BOT_C_sp500_london_breakout: no trade -- outside window: 02:52 London, opens 08:00 closes 16:30
  BOT_D_gold_ny_breakout: no trade -- outside window: 02:52 London, opens 14:30 closes 20:00
  BOT_E_eurusd_london_breakout: no trade -- outside window: 02:52 London, opens 08:00 closes 17:00
  BOT_F_nas100_vwap_reversion: NOT ELIGIBLE -- regime TRANSITION is structurally wrong for this bot
  BOT_G_nas100_h4_pullback: NOT ELIGIBLE -- regime TRANSITION is structurally wrong for this bot
  BOT_H_gold_sweep_reclaim: no trade -- outside window: 02:52 London

  CIO: 0 candidate(s); 0 funded, 0.000% total risk

===== cycle 2026-08-19 01:53:01 UTC (host local 2026-08-18 18:53:01) =====
DEMO GATE OK -> 1514166963 FTMO-Demo equity 99430.84
  bar-vs-tick gap 1s (diagnostic only; freshness is decided by clock_state after exits and reconciliation)
PREFLIGHT OK -- account, clock, data, state, ledgers all verified
  CLOCK FEED_FRESH: feed advancing, age in band, host within tolerance
profit -0.51%  daily headroom 5.00%  total headroom 9.49%  trading days 2

  DESK CLOCK 2026-08-19 02:53 London (broker)
  MARKET EURUSD      STRONG_TREND,AT_HTF_LEVEL,RISK_OFF
  MARKET US100.cash  TRANSITION,COMPRESSION,AT_HTF_LEVEL,RISK_OFF
  MARKET US500.cash  WEAK_TREND,COMPRESSION,AT_HTF_LEVEL,RISK_ON
  MARKET XAUUSD      WEAK_TREND,AT_HTF_LEVEL,RISK_ON
  BOT_A_gold_0630_breakout: no trade -- outside window: 02:53 London, opens 06:30 closes 16:00
  BOT_B_nas100_usopen_breakout: NOT ELIGIBLE -- regime TRANSITION is structurally wrong for this bot
  BOT_C_sp500_london_breakout: no trade -- outside window: 02:53 London, opens 08:00 closes 16:30
  BOT_D_gold_ny_breakout: no trade -- outside window: 02:53 London, opens 14:30 closes 20:00
  BOT_E_eurusd_london_breakout: no trade -- outside window: 02:53 London, opens 08:00 closes 17:00
  BOT_F_nas100_vwap_reversion: NOT ELIGIBLE -- regime TRANSITION is structurally wrong for this bot
  BOT_G_nas100_h4_pullback: NOT ELIGIBLE -- regime TRANSITION is structurally wrong for this bot
  BOT_H_gold_sweep_reclaim: no trade -- outside window: 02:53 London

  CIO: 0 candidate(s); 0 funded, 0.000% total risk

===== cycle 2026-08-19 01:54:01 UTC (host local 2026-08-18 18:54:01) =====
DEMO GATE OK -> 1514166963 FTMO-Demo equity 99430.84
  bar-vs-tick gap 1s (diagnostic only; freshness is decided by clock_state after exits and reconciliation)
PREFLIGHT OK -- account, clock, data, state, ledgers all verified
  CLOCK FEED_FRESH: feed advancing, age in band, host within tolerance
profit -0.51%  daily headroom 5.00%  total headroom 9.49%  trading days 2

  DESK CLOCK 2026-08-19 02:54 London (broker)
  MARKET EURUSD      STRONG_TREND,AT_HTF_LEVEL,RISK_OFF
  MARKET US100.cash  TRANSITION,COMPRESSION,AT_HTF_LEVEL,RISK_OFF
  MARKET US500.cash  WEAK_TREND,COMPRESSION,AT_HTF_LEVEL,RISK_ON
  MARKET XAUUSD      WEAK_TREND,AT_HTF_LEVEL,RISK_ON
  BOT_A_gold_0630_breakout: no trade -- outside window: 02:54 London, opens 06:30 closes 16:00
  BOT_B_nas100_usopen_breakout: NOT ELIGIBLE -- regime TRANSITION is structurally wrong for this bot
  BOT_C_sp500_london_breakout: no trade -- outside window: 02:54 London, opens 08:00 closes 16:30
  BOT_D_gold_ny_breakout: no trade -- outside window: 02:54 London, opens 14:30 closes 20:00
  BOT_E_eurusd_london_breakout: no trade -- outside window: 02:54 London, opens 08:00 closes 17:00
  BOT_F_nas100_vwap_reversion: NOT ELIGIBLE -- regime TRANSITION is structurally wrong for this bot
  BOT_G_nas100_h4_pullback: NOT ELIGIBLE -- regime TRANSITION is structurally wrong for this bot
  BOT_H_gold_sweep_reclaim: no trade -- outside window: 02:54 London

  CIO: 0 candidate(s); 0 funded, 0.000% total risk

===== cycle 2026-08-19 01:55:01 UTC (host local 2026-08-18 18:55:01) =====
DEMO GATE OK -> 1514166963 FTMO-Demo equity 99430.84
  bar-vs-tick gap 1s (diagnostic only; freshness is decided by clock_state after exits and reconciliation)
PREFLIGHT OK -- account, clock, data, state, ledgers all verified
  CLOCK FEED_FRESH: feed advancing, age in band, host within tolerance
profit -0.51%  daily headroom 5.00%  total headroom 9.49%  trading days 2

  DESK CLOCK 2026-08-19 02:55 London (broker)
  MARKET EURUSD      STRONG_TREND,AT_HTF_LEVEL,RISK_OFF
  MARKET US100.cash  TRANSITION,COMPRESSION,AT_HTF_LEVEL,RISK_OFF
  MARKET US500.cash  WEAK_TREND,COMPRESSION,AT_HTF_LEVEL,RISK_ON
  MARKET XAUUSD      WEAK_TREND,AT_HTF_LEVEL,RISK_ON
  BOT_A_gold_0630_breakout: no trade -- outside window: 02:55 London, opens 06:30 closes 16:00
  BOT_B_nas100_usopen_breakout: NOT ELIGIBLE -- regime TRANSITION is structurally wrong for this bot
  BOT_C_sp500_london_breakout: no trade -- outside window: 02:55 London, opens 08:00 closes 16:30
  BOT_D_gold_ny_breakout: no trade -- outside window: 02:55 London, opens 14:30 closes 20:00
  BOT_E_eurusd_london_breakout: no trade -- outside window: 02:55 London, opens 08:00 closes 17:00
  BOT_F_nas100_vwap_reversion: NOT ELIGIBLE -- regime TRANSITION is structurally wrong for this bot
  BOT_G_nas100_h4_pullback: NOT ELIGIBLE -- regime TRANSITION is structurally wrong for this bot
  BOT_H_gold_sweep_reclaim: no trade -- outside window: 02:55 London

  CIO: 0 candidate(s); 0 funded, 0.000% total risk

===== cycle 2026-08-19 01:56:01 UTC (host local 2026-08-18 18:56:01) =====
DEMO GATE OK -> 1514166963 FTMO-Demo equity 99430.84
  bar-vs-tick gap 1s (diagnostic only; freshness is decided by clock_state after exits and reconciliation)
PREFLIGHT OK -- account, clock, data, state, ledgers all verified
  CLOCK FEED_FRESH: feed advancing, age in band, host within tolerance
profit -0.51%  daily headroom 5.00%  total headroom 9.49%  trading days 2

  DESK CLOCK 2026-08-19 02:56 London (broker)
  MARKET EURUSD      STRONG_TREND,AT_HTF_LEVEL,RISK_ON
  MARKET US100.cash  TRANSITION,COMPRESSION,AT_HTF_LEVEL,RISK_ON
  MARKET US500.cash  WEAK_TREND,COMPRESSION,AT_HTF_LEVEL,RISK_ON
  MARKET XAUUSD      WEAK_TREND,AT_HTF_LEVEL,RISK_ON
  BOT_A_gold_0630_breakout: no trade -- outside window: 02:56 London, opens 06:30 closes 16:00
  BOT_B_nas100_usopen_breakout: NOT ELIGIBLE -- regime TRANSITION is structurally wrong for this bot
  BOT_C_sp500_london_breakout: no trade -- outside window: 02:56 London, opens 08:00 closes 16:30
  BOT_D_gold_ny_breakout: no trade -- outside window: 02:56 London, opens 14:30 closes 20:00
  BOT_E_eurusd_london_breakout: no trade -- outside window: 02:56 London, opens 08:00 closes 17:00
  BOT_F_nas100_vwap_reversion: NOT ELIGIBLE -- regime TRANSITION is structurally wrong for this bot
  BOT_G_nas100_h4_pullback: NOT ELIGIBLE -- regime TRANSITION is structurally wrong for this bot
  BOT_H_gold_sweep_reclaim: no trade -- outside window: 02:56 London

  CIO: 0 candidate(s); 0 funded, 0.000% total risk

===== cycle 2026-08-19 01:57:01 UTC (host local 2026-08-18 18:57:01) =====
DEMO GATE OK -> 1514166963 FTMO-Demo equity 99430.84
  bar-vs-tick gap 1s (diagnostic only; freshness is decided by clock_state after exits and reconciliation)
PREFLIGHT OK -- account, clock, data, state, ledgers all verified
  CLOCK FEED_FRESH: feed advancing, age in band, host within tolerance
profit -0.51%  daily headroom 5.00%  total headroom 9.49%  trading days 2

  DESK CLOCK 2026-08-19 02:57 London (broker)
  MARKET EURUSD      STRONG_TREND,AT_HTF_LEVEL,RISK_OFF
  MARKET US100.cash  TRANSITION,COMPRESSION,AT_HTF_LEVEL,RISK_OFF
  MARKET US500.cash  WEAK_TREND,COMPRESSION,AT_HTF_LEVEL,RISK_ON
  MARKET XAUUSD      WEAK_TREND,AT_HTF_LEVEL,RISK_ON
  BOT_A_gold_0630_breakout: no trade -- outside window: 02:57 London, opens 06:30 closes 16:00
  BOT_B_nas100_usopen_breakout: NOT ELIGIBLE -- regime TRANSITION is structurally wrong for this bot
  BOT_C_sp500_london_breakout: no trade -- outside window: 02:57 London, opens 08:00 closes 16:30
  BOT_D_gold_ny_breakout: no trade -- outside window: 02:57 London, opens 14:30 closes 20:00
  BOT_E_eurusd_london_breakout: no trade -- outside window: 02:57 London, opens 08:00 closes 17:00
  BOT_F_nas100_vwap_reversion: NOT ELIGIBLE -- regime TRANSITION is structurally wrong for this bot
  BOT_G_nas100_h4_pullback: NOT ELIGIBLE -- regime TRANSITION is structurally wrong for this bot
  BOT_H_gold_sweep_reclaim: no trade -- outside window: 02:57 London

  CIO: 0 candidate(s); 0 funded, 0.000% total risk

===== cycle 2026-08-19 01:58:01 UTC (host local 2026-08-18 18:58:01) =====
DEMO GATE OK -> 1514166963 FTMO-Demo equity 99430.84
  bar-vs-tick gap 1s (diagnostic only; freshness is decided by clock_state after exits and reconciliation)
PREFLIGHT OK -- account, clock, data, state, ledgers all verified
  CLOCK FEED_FRESH: feed advancing, age in band, host within tolerance
profit -0.51%  daily headroom 5.00%  total headroom 9.49%  trading days 2

  DESK CLOCK 2026-08-19 02:58 London (broker)
  MARKET EURUSD      STRONG_TREND,AT_HTF_LEVEL,RISK_OFF
  MARKET US100.cash  TRANSITION,COMPRESSION,AT_HTF_LEVEL,RISK_OFF
  MARKET US500.cash  WEAK_TREND,COMPRESSION,AT_HTF_LEVEL,RISK_ON
  MARKET XAUUSD      WEAK_TREND,AT_HTF_LEVEL,RISK_ON
  BOT_A_gold_0630_breakout: no trade -- outside window: 02:58 London, opens 06:30 closes 16:00
  BOT_B_nas100_usopen_breakout: NOT ELIGIBLE -- regime TRANSITION is structurally wrong for this bot
  BOT_C_sp500_london_breakout: no trade -- outside window: 02:58 London, opens 08:00 closes 16:30
  BOT_D_gold_ny_breakout: no trade -- outside window: 02:58 London, opens 14:30 closes 20:00
  BOT_E_eurusd_london_breakout: no trade -- outside window: 02:58 London, opens 08:00 closes 17:00
  BOT_F_nas100_vwap_reversion: NOT ELIGIBLE -- regime TRANSITION is structurally wrong for this bot
  BOT_G_nas100_h4_pullback: NOT ELIGIBLE -- regime TRANSITION is structurally wrong for this bot
  BOT_H_gold_sweep_reclaim: no trade -- outside window: 02:58 London

  CIO: 0 candidate(s); 0 funded, 0.000% total risk

===== cycle 2026-08-19 01:59:01 UTC (host local 2026-08-18 18:59:01) =====
DEMO GATE OK -> 1514166963 FTMO-Demo equity 99430.84
  bar-vs-tick gap 2s (diagnostic only; freshness is decided by clock_state after exits and reconciliation)
PREFLIGHT OK -- account, clock, data, state, ledgers all verified
  CLOCK FEED_FRESH: feed advancing, age in band, host within tolerance
profit -0.51%  daily headroom 5.00%  total headroom 9.49%  trading days 2

  DESK CLOCK 2026-08-19 02:59 London (broker)
  MARKET EURUSD      STRONG_TREND,AT_HTF_LEVEL,RISK_OFF
  MARKET US100.cash  TRANSITION,COMPRESSION,AT_HTF_LEVEL,RISK_OFF
  MARKET US500.cash  WEAK_TREND,COMPRESSION,AT_HTF_LEVEL,RISK_ON
  MARKET XAUUSD      WEAK_TREND,AT_HTF_LEVEL,RISK_ON
  BOT_A_gold_0630_breakout: no trade -- outside window: 02:59 London, opens 06:30 closes 16:00
  BOT_B_nas100_usopen_breakout: NOT ELIGIBLE -- regime TRANSITION is structurally wrong for this bot
  BOT_C_sp500_london_breakout: no trade -- outside window: 02:59 London, opens 08:00 closes 16:30
  BOT_D_gold_ny_breakout: no trade -- outside window: 02:59 London, opens 14:30 closes 20:00
  BOT_E_eurusd_london_breakout: no trade -- outside window: 02:59 London, opens 08:00 closes 17:00
  BOT_F_nas100_vwap_reversion: NOT ELIGIBLE -- regime TRANSITION is structurally wrong for this bot
  BOT_G_nas100_h4_pullback: NOT ELIGIBLE -- regime TRANSITION is structurally wrong for this bot
  BOT_H_gold_sweep_reclaim: no trade -- outside window: 02:59 London

  CIO: 0 candidate(s); 0 funded, 0.000% total risk

===== cycle 2026-08-19 02:00:01 UTC (host local 2026-08-18 19:00:01) =====
DEMO GATE OK -> 1514166963 FTMO-Demo equity 99430.84
  bar-vs-tick gap 2s (diagnostic only; freshness is decided by clock_state after exits and reconciliation)
PREFLIGHT OK -- account, clock, data, state, ledgers all verified
  CLOCK FEED_FRESH: feed advancing, age in band, host within tolerance
profit -0.51%  daily headroom 5.00%  total headroom 9.49%  trading days 2

  DESK CLOCK 2026-08-19 03:00 London (broker)
  MARKET EURUSD      STRONG_TREND,AT_HTF_LEVEL,RISK_OFF
  MARKET US100.cash  TRANSITION,COMPRESSION,AT_HTF_LEVEL,RISK_OFF
  MARKET US500.cash  WEAK_TREND,COMPRESSION,AT_HTF_LEVEL,RISK_ON
  MARKET XAUUSD      WEAK_TREND,AT_HTF_LEVEL,RISK_ON
  BOT_A_gold_0630_breakout: no trade -- outside window: 03:00 London, opens 06:30 closes 16:00
  BOT_B_nas100_usopen_breakout: NOT ELIGIBLE -- regime TRANSITION is structurally wrong for this bot
  BOT_C_sp500_london_breakout: no trade -- outside window: 03:00 London, opens 08:00 closes 16:30
  BOT_D_gold_ny_breakout: no trade -- outside window: 03:00 London, opens 14:30 closes 20:00
  BOT_E_eurusd_london_breakout: no trade -- outside window: 03:00 London, opens 08:00 closes 17:00
  BOT_F_nas100_vwap_reversion: NOT ELIGIBLE -- regime TRANSITION is structurally wrong for this bot
  BOT_G_nas100_h4_pullback: NOT ELIGIBLE -- regime TRANSITION is structurally wrong for this bot
  BOT_H_gold_sweep_reclaim: no trade -- outside window: 03:00 London

  CIO: 0 candidate(s); 0 funded, 0.000% total risk

===== cycle 2026-08-19 02:01:01 UTC (host local 2026-08-18 19:01:01) =====
DEMO GATE OK -> 1514166963 FTMO-Demo equity 99430.84
  bar-vs-tick gap 1s (diagnostic only; freshness is decided by clock_state after exits and reconciliation)
PREFLIGHT OK -- account, clock, data, state, ledgers all verified
  CLOCK FEED_FRESH: feed advancing, age in band, host within tolerance
profit -0.51%  daily headroom 5.00%  total headroom 9.49%  trading days 2

  DESK CLOCK 2026-08-19 03:01 London (broker)
  MARKET EURUSD      STRONG_TREND,AT_HTF_LEVEL,RISK_OFF
  MARKET US100.cash  TRANSITION,COMPRESSION,AT_HTF_LEVEL,RISK_OFF
  MARKET US500.cash  WEAK_TREND,COMPRESSION,AT_HTF_LEVEL,RISK_ON
  MARKET XAUUSD      WEAK_TREND,AT_HTF_LEVEL,RISK_ON
  BOT_A_gold_0630_breakout: no trade -- outside window: 03:01 London, opens 06:30 closes 16:00
  BOT_B_nas100_usopen_breakout: NOT ELIGIBLE -- regime TRANSITION is structurally wrong for this bot
  BOT_C_sp500_london_breakout: no trade -- outside window: 03:01 London, opens 08:00 closes 16:30
  BOT_D_gold_ny_breakout: no trade -- outside window: 03:01 London, opens 14:30 closes 20:00
  BOT_E_eurusd_london_breakout: no trade -- outside window: 03:01 London, opens 08:00 closes 17:00
  BOT_F_nas100_vwap_reversion: NOT ELIGIBLE -- regime TRANSITION is structurally wrong for this bot
  BOT_G_nas100_h4_pullback: NOT ELIGIBLE -- regime TRANSITION is structurally wrong for this bot
  BOT_H_gold_sweep_reclaim: no trade -- outside window: 03:01 London

  CIO: 0 candidate(s); 0 funded, 0.000% total risk

===== cycle 2026-08-19 02:02:01 UTC (host local 2026-08-18 19:02:01) =====
DEMO GATE OK -> 1514166963 FTMO-Demo equity 99430.84
  bar-vs-tick gap 1s (diagnostic only; freshness is decided by clock_state after exits and reconciliation)
PREFLIGHT OK -- account, clock, data, state, ledgers all verified
  CLOCK FEED_FRESH: feed advancing, age in band, host within tolerance
profit -0.51%  daily headroom 5.00%  total headroom 9.49%  trading days 2

  DESK CLOCK 2026-08-19 03:02 London (broker)
  MARKET EURUSD      STRONG_TREND,AT_HTF_LEVEL,RISK_OFF
  MARKET US100.cash  TRANSITION,COMPRESSION,AT_HTF_LEVEL,RISK_OFF
  MARKET US500.cash  WEAK_TREND,COMPRESSION,AT_HTF_LEVEL,RISK_ON
  MARKET XAUUSD      WEAK_TREND,AT_HTF_LEVEL,RISK_ON
  BOT_A_gold_0630_breakout: no trade -- outside window: 03:02 London, opens 06:30 closes 16:00
  BOT_B_nas100_usopen_breakout: NOT ELIGIBLE -- regime TRANSITION is structurally wrong for this bot
  BOT_C_sp500_london_breakout: no trade -- outside window: 03:02 London, opens 08:00 closes 16:30
  BOT_D_gold_ny_breakout: no trade -- outside window: 03:02 London, opens 14:30 closes 20:00
  BOT_E_eurusd_london_breakout: no trade -- outside window: 03:02 London, opens 08:00 closes 17:00
  BOT_F_nas100_vwap_reversion: NOT ELIGIBLE -- regime TRANSITION is structurally wrong for this bot
  BOT_G_nas100_h4_pullback: NOT ELIGIBLE -- regime TRANSITION is structurally wrong for this bot
  BOT_H_gold_sweep_reclaim: no trade -- outside window: 03:02 London

  CIO: 0 candidate(s); 0 funded, 0.000% total risk

===== cycle 2026-08-19 02:03:01 UTC (host local 2026-08-18 19:03:01) =====
DEMO GATE OK -> 1514166963 FTMO-Demo equity 99430.84
  bar-vs-tick gap 2s (diagnostic only; freshness is decided by clock_state after exits and reconciliation)
PREFLIGHT OK -- account, clock, data, state, ledgers all verified
  CLOCK FEED_FRESH: feed advancing, age in band, host within tolerance
profit -0.51%  daily headroom 5.00%  total headroom 9.49%  trading days 2

  DESK CLOCK 2026-08-19 03:03 London (broker)
  MARKET EURUSD      STRONG_TREND,AT_HTF_LEVEL,RISK_OFF
  MARKET US100.cash  TRANSITION,COMPRESSION,AT_HTF_LEVEL,RISK_OFF
  MARKET US500.cash  WEAK_TREND,COMPRESSION,AT_HTF_LEVEL,RISK_ON
  MARKET XAUUSD      WEAK_TREND,AT_HTF_LEVEL,RISK_ON
  BOT_A_gold_0630_breakout: no trade -- outside window: 03:03 London, opens 06:30 closes 16:00
  BOT_B_nas100_usopen_breakout: NOT ELIGIBLE -- regime TRANSITION is structurally wrong for this bot
  BOT_C_sp500_london_breakout: no trade -- outside window: 03:03 London, opens 08:00 closes 16:30
  BOT_D_gold_ny_breakout: no trade -- outside window: 03:03 London, opens 14:30 closes 20:00
  BOT_E_eurusd_london_breakout: no trade -- outside window: 03:03 London, opens 08:00 closes 17:00
  BOT_F_nas100_vwap_reversion: NOT ELIGIBLE -- regime TRANSITION is structurally wrong for this bot
  BOT_G_nas100_h4_pullback: NOT ELIGIBLE -- regime TRANSITION is structurally wrong for this bot
  BOT_H_gold_sweep_reclaim: no trade -- outside window: 03:03 London

  CIO: 0 candidate(s); 0 funded, 0.000% total risk

===== cycle 2026-08-19 02:04:01 UTC (host local 2026-08-18 19:04:01) =====
DEMO GATE OK -> 1514166963 FTMO-Demo equity 99430.84
  bar-vs-tick gap 2s (diagnostic only; freshness is decided by clock_state after exits and reconciliation)
PREFLIGHT OK -- account, clock, data, state, ledgers all verified
  CLOCK FEED_FRESH: feed advancing, age in band, host within tolerance
profit -0.51%  daily headroom 5.00%  total headroom 9.49%  trading days 2

  DESK CLOCK 2026-08-19 03:04 London (broker)
  MARKET EURUSD      STRONG_TREND,AT_HTF_LEVEL,RISK_OFF
  MARKET US100.cash  TRANSITION,COMPRESSION,AT_HTF_LEVEL,RISK_OFF
  MARKET US500.cash  WEAK_TREND,COMPRESSION,AT_HTF_LEVEL,RISK_ON
  MARKET XAUUSD      WEAK_TREND,AT_HTF_LEVEL,RISK_ON
  BOT_A_gold_0630_breakout: no trade -- outside window: 03:04 London, opens 06:30 closes 16:00
  BOT_B_nas100_usopen_breakout: NOT ELIGIBLE -- regime TRANSITION is structurally wrong for this bot
  BOT_C_sp500_london_breakout: no trade -- outside window: 03:04 London, opens 08:00 closes 16:30
  BOT_D_gold_ny_breakout: no trade -- outside window: 03:04 London, opens 14:30 closes 20:00
  BOT_E_eurusd_london_breakout: no trade -- outside window: 03:04 London, opens 08:00 closes 17:00
  BOT_F_nas100_vwap_reversion: NOT ELIGIBLE -- regime TRANSITION is structurally wrong for this bot
  BOT_G_nas100_h4_pullback: NOT ELIGIBLE -- regime TRANSITION is structurally wrong for this bot
  BOT_H_gold_sweep_reclaim: no trade -- outside window: 03:04 London

  CIO: 0 candidate(s); 0 funded, 0.000% total risk

===== cycle 2026-08-19 02:05:01 UTC (host local 2026-08-18 19:05:01) =====
DEMO GATE OK -> 1514166963 FTMO-Demo equity 99430.84
  bar-vs-tick gap 1s (diagnostic only; freshness is decided by clock_state after exits and reconciliation)
PREFLIGHT OK -- account, clock, data, state, ledgers all verified
  CLOCK FEED_FRESH: feed advancing, age in band, host within tolerance
profit -0.51%  daily headroom 5.00%  total headroom 9.49%  trading days 2

  DESK CLOCK 2026-08-19 03:05 London (broker)
  MARKET EURUSD      STRONG_TREND,AT_HTF_LEVEL,RISK_OFF
  MARKET US100.cash  TRANSITION,COMPRESSION,AT_HTF_LEVEL,RISK_OFF
  MARKET US500.cash  WEAK_TREND,COMPRESSION,AT_HTF_LEVEL,RISK_ON
  MARKET XAUUSD      WEAK_TREND,AT_HTF_LEVEL,RISK_ON
  BOT_A_gold_0630_breakout: no trade -- outside window: 03:05 London, opens 06:30 closes 16:00
  BOT_B_nas100_usopen_breakout: NOT ELIGIBLE -- regime TRANSITION is structurally wrong for this bot
  BOT_C_sp500_london_breakout: no trade -- outside window: 03:05 London, opens 08:00 closes 16:30
  BOT_D_gold_ny_breakout: no trade -- outside window: 03:05 London, opens 14:30 closes 20:00
  BOT_E_eurusd_london_breakout: no trade -- outside window: 03:05 London, opens 08:00 closes 17:00
  BOT_F_nas100_vwap_reversion: NOT ELIGIBLE -- regime TRANSITION is structurally wrong for this bot
  BOT_G_nas100_h4_pullback: NOT ELIGIBLE -- regime TRANSITION is structurally wrong for this bot
  BOT_H_gold_sweep_reclaim: no trade -- outside window: 03:05 London

  CIO: 0 candidate(s); 0 funded, 0.000% total risk

===== cycle 2026-08-19 02:06:01 UTC (host local 2026-08-18 19:06:01) =====
DEMO GATE OK -> 1514166963 FTMO-Demo equity 99430.84
  bar-vs-tick gap 2s (diagnostic only; freshness is decided by clock_state after exits and reconciliation)
PREFLIGHT OK -- account, clock, data, state, ledgers all verified
  CLOCK FEED_FRESH: feed advancing, age in band, host within tolerance
profit -0.51%  daily headroom 5.00%  total headroom 9.49%  trading days 2

  DESK CLOCK 2026-08-19 03:06 London (broker)
  MARKET EURUSD      STRONG_TREND,AT_HTF_LEVEL,RISK_OFF
  MARKET US100.cash  TRANSITION,COMPRESSION,AT_HTF_LEVEL,RISK_OFF
  MARKET US500.cash  WEAK_TREND,COMPRESSION,AT_HTF_LEVEL,RISK_ON
  MARKET XAUUSD      WEAK_TREND,AT_HTF_LEVEL,RISK_OFF
  BOT_A_gold_0630_breakout: no trade -- outside window: 03:06 London, opens 06:30 closes 16:00
  BOT_B_nas100_usopen_breakout: NOT ELIGIBLE -- regime TRANSITION is structurally wrong for this bot
  BOT_C_sp500_london_breakout: no trade -- outside window: 03:06 London, opens 08:00 closes 16:30
  BOT_D_gold_ny_breakout: no trade -- outside window: 03:06 London, opens 14:30 closes 20:00
  BOT_E_eurusd_london_breakout: no trade -- outside window: 03:06 London, opens 08:00 closes 17:00
  BOT_F_nas100_vwap_reversion: NOT ELIGIBLE -- regime TRANSITION is structurally wrong for this bot
  BOT_G_nas100_h4_pullback: NOT ELIGIBLE -- regime TRANSITION is structurally wrong for this bot
  BOT_H_gold_sweep_reclaim: no trade -- outside window: 03:06 London

  CIO: 0 candidate(s); 0 funded, 0.000% total risk

===== cycle 2026-08-19 02:07:01 UTC (host local 2026-08-18 19:07:01) =====
DEMO GATE OK -> 1514166963 FTMO-Demo equity 99430.84
  bar-vs-tick gap 2s (diagnostic only; freshness is decided by clock_state after exits and reconciliation)
PREFLIGHT OK -- account, clock, data, state, ledgers all verified
  CLOCK FEED_FRESH: feed advancing, age in band, host within tolerance
profit -0.51%  daily headroom 5.00%  total headroom 9.49%  trading days 2

  DESK CLOCK 2026-08-19 03:07 London (broker)
  MARKET EURUSD      STRONG_TREND,AT_HTF_LEVEL,RISK_OFF
  MARKET US100.cash  TRANSITION,COMPRESSION,AT_HTF_LEVEL,RISK_OFF
  MARKET US500.cash  WEAK_TREND,COMPRESSION,AT_HTF_LEVEL,RISK_ON
  MARKET XAUUSD      WEAK_TREND,AT_HTF_LEVEL,RISK_OFF
  BOT_A_gold_0630_breakout: no trade -- outside window: 03:07 London, opens 06:30 closes 16:00
  BOT_B_nas100_usopen_breakout: NOT ELIGIBLE -- regime TRANSITION is structurally wrong for this bot
  BOT_C_sp500_london_breakout: no trade -- outside window: 03:07 London, opens 08:00 closes 16:30
  BOT_D_gold_ny_breakout: no trade -- outside window: 03:07 London, opens 14:30 closes 20:00
  BOT_E_eurusd_london_breakout: no trade -- outside window: 03:07 London, opens 08:00 closes 17:00
  BOT_F_nas100_vwap_reversion: NOT ELIGIBLE -- regime TRANSITION is structurally wrong for this bot
  BOT_G_nas100_h4_pullback: NOT ELIGIBLE -- regime TRANSITION is structurally wrong for this bot
  BOT_H_gold_sweep_reclaim: no trade -- outside window: 03:07 London

  CIO: 0 candidate(s); 0 funded, 0.000% total risk

===== cycle 2026-08-19 02:08:01 UTC (host local 2026-08-18 19:08:01) =====
DEMO GATE OK -> 1514166963 FTMO-Demo equity 99430.84
  bar-vs-tick gap 2s (diagnostic only; freshness is decided by clock_state after exits and reconciliation)
PREFLIGHT OK -- account, clock, data, state, ledgers all verified
  CLOCK FEED_FRESH: feed advancing, age in band, host within tolerance
profit -0.51%  daily headroom 5.00%  total headroom 9.49%  trading days 2

  DESK CLOCK 2026-08-19 03:08 London (broker)
  MARKET EURUSD      STRONG_TREND,AT_HTF_LEVEL,RISK_OFF
  MARKET US100.cash  TRANSITION,COMPRESSION,AT_HTF_LEVEL,RISK_OFF
  MARKET US500.cash  WEAK_TREND,COMPRESSION,AT_HTF_LEVEL,RISK_ON
  MARKET XAUUSD      WEAK_TREND,AT_HTF_LEVEL,RISK_OFF
  BOT_A_gold_0630_breakout: no trade -- outside window: 03:08 London, opens 06:30 closes 16:00
  BOT_B_nas100_usopen_breakout: NOT ELIGIBLE -- regime TRANSITION is structurally wrong for this bot
  BOT_C_sp500_london_breakout: no trade -- outside window: 03:08 London, opens 08:00 closes 16:30
  BOT_D_gold_ny_breakout: no trade -- outside window: 03:08 London, opens 14:30 closes 20:00
  BOT_E_eurusd_london_breakout: no trade -- outside window: 03:08 London, opens 08:00 closes 17:00
  BOT_F_nas100_vwap_reversion: NOT ELIGIBLE -- regime TRANSITION is structurally wrong for this bot
  BOT_G_nas100_h4_pullback: NOT ELIGIBLE -- regime TRANSITION is structurally wrong for this bot
  BOT_H_gold_sweep_reclaim: no trade -- outside window: 03:08 London

  CIO: 0 candidate(s); 0 funded, 0.000% total risk

===== cycle 2026-08-19 02:09:01 UTC (host local 2026-08-18 19:09:01) =====
DEMO GATE OK -> 1514166963 FTMO-Demo equity 99430.84
  bar-vs-tick gap 2s (diagnostic only; freshness is decided by clock_state after exits and reconciliation)
PREFLIGHT OK -- account, clock, data, state, ledgers all verified
  CLOCK FEED_FRESH: feed advancing, age in band, host within tolerance
profit -0.51%  daily headroom 5.00%  total headroom 9.49%  trading days 2

  DESK CLOCK 2026-08-19 03:09 London (broker)
  MARKET EURUSD      STRONG_TREND,AT_HTF_LEVEL,RISK_OFF
  MARKET US100.cash  TRANSITION,COMPRESSION,AT_HTF_LEVEL,RISK_OFF
  MARKET US500.cash  WEAK_TREND,COMPRESSION,AT_HTF_LEVEL,RISK_OFF
  MARKET XAUUSD      WEAK_TREND,AT_HTF_LEVEL,RISK_OFF
  BOT_A_gold_0630_breakout: no trade -- outside window: 03:09 London, opens 06:30 closes 16:00
  BOT_B_nas100_usopen_breakout: NOT ELIGIBLE -- regime TRANSITION is structurally wrong for this bot
  BOT_C_sp500_london_breakout: no trade -- outside window: 03:09 London, opens 08:00 closes 16:30
  BOT_D_gold_ny_breakout: no trade -- outside window: 03:09 London, opens 14:30 closes 20:00
  BOT_E_eurusd_london_breakout: no trade -- outside window: 03:09 London, opens 08:00 closes 17:00
  BOT_F_nas100_vwap_reversion: NOT ELIGIBLE -- regime TRANSITION is structurally wrong for this bot
  BOT_G_nas100_h4_pullback: NOT ELIGIBLE -- regime TRANSITION is structurally wrong for this bot
  BOT_H_gold_sweep_reclaim: no trade -- outside window: 03:09 London

  CIO: 0 candidate(s); 0 funded, 0.000% total risk

===== cycle 2026-08-19 02:10:01 UTC (host local 2026-08-18 19:10:01) =====
DEMO GATE OK -> 1514166963 FTMO-Demo equity 99430.84
  bar-vs-tick gap 2s (diagnostic only; freshness is decided by clock_state after exits and reconciliation)
PREFLIGHT OK -- account, clock, data, state, ledgers all verified
  CLOCK FEED_FRESH: feed advancing, age in band, host within tolerance
profit -0.51%  daily headroom 5.00%  total headroom 9.49%  trading days 2

  DESK CLOCK 2026-08-19 03:10 London (broker)
  MARKET EURUSD      STRONG_TREND,AT_HTF_LEVEL,RISK_OFF
  MARKET US100.cash  TRANSITION,COMPRESSION,AT_HTF_LEVEL,RISK_OFF
  MARKET US500.cash  WEAK_TREND,COMPRESSION,AT_HTF_LEVEL,RISK_OFF
  MARKET XAUUSD      WEAK_TREND,AT_HTF_LEVEL,RISK_OFF
  BOT_A_gold_0630_breakout: no trade -- outside window: 03:10 London, opens 06:30 closes 16:00
  BOT_B_nas100_usopen_breakout: NOT ELIGIBLE -- regime TRANSITION is structurally wrong for this bot
  BOT_C_sp500_london_breakout: no trade -- outside window: 03:10 London, opens 08:00 closes 16:30
  BOT_D_gold_ny_breakout: no trade -- outside window: 03:10 London, opens 14:30 closes 20:00
  BOT_E_eurusd_london_breakout: no trade -- outside window: 03:10 London, opens 08:00 closes 17:00
  BOT_F_nas100_vwap_reversion: NOT ELIGIBLE -- regime TRANSITION is structurally wrong for this bot
  BOT_G_nas100_h4_pullback: NOT ELIGIBLE -- regime TRANSITION is structurally wrong for this bot
  BOT_H_gold_sweep_reclaim: no trade -- outside window: 03:10 London

  CIO: 0 candidate(s); 0 funded, 0.000% total risk

===== cycle 2026-08-19 02:11:01 UTC (host local 2026-08-18 19:11:01) =====
DEMO GATE OK -> 1514166963 FTMO-Demo equity 99430.84
  bar-vs-tick gap 2s (diagnostic only; freshness is decided by clock_state after exits and reconciliation)
PREFLIGHT OK -- account, clock, data, state, ledgers all verified
  CLOCK FEED_FRESH: feed advancing, age in band, host within tolerance
profit -0.51%  daily headroom 5.00%  total headroom 9.49%  trading days 2

  DESK CLOCK 2026-08-19 03:11 London (broker)
  MARKET EURUSD      STRONG_TREND,AT_HTF_LEVEL,RISK_OFF
  MARKET US100.cash  TRANSITION,COMPRESSION,AT_HTF_LEVEL,RISK_OFF
  MARKET US500.cash  WEAK_TREND,COMPRESSION,AT_HTF_LEVEL,RISK_OFF
  MARKET XAUUSD      WEAK_TREND,AT_HTF_LEVEL,RISK_OFF
  BOT_A_gold_0630_breakout: no trade -- outside window: 03:11 London, opens 06:30 closes 16:00
  BOT_B_nas100_usopen_breakout: NOT ELIGIBLE -- regime TRANSITION is structurally wrong for this bot
  BOT_C_sp500_london_breakout: no trade -- outside window: 03:11 London, opens 08:00 closes 16:30
  BOT_D_gold_ny_breakout: no trade -- outside window: 03:11 London, opens 14:30 closes 20:00
  BOT_E_eurusd_london_breakout: no trade -- outside window: 03:11 London, opens 08:00 closes 17:00
  BOT_F_nas100_vwap_reversion: NOT ELIGIBLE -- regime TRANSITION is structurally wrong for this bot
  BOT_G_nas100_h4_pullback: NOT ELIGIBLE -- regime TRANSITION is structurally wrong for this bot
  BOT_H_gold_sweep_reclaim: no trade -- outside window: 03:11 London

  CIO: 0 candidate(s); 0 funded, 0.000% total risk

===== cycle 2026-08-19 02:12:01 UTC (host local 2026-08-18 19:12:01) =====
DEMO GATE OK -> 1514166963 FTMO-Demo equity 99430.84
  bar-vs-tick gap 2s (diagnostic only; freshness is decided by clock_state after exits and reconciliation)
PREFLIGHT OK -- account, clock, data, state, ledgers all verified
  CLOCK FEED_FRESH: feed advancing, age in band, host within tolerance
profit -0.51%  daily headroom 5.00%  total headroom 9.49%  trading days 2

  DESK CLOCK 2026-08-19 03:12 London (broker)
  MARKET EURUSD      STRONG_TREND,AT_HTF_LEVEL,RISK_OFF
  MARKET US100.cash  TRANSITION,COMPRESSION,AT_HTF_LEVEL,RISK_OFF
  MARKET US500.cash  WEAK_TREND,COMPRESSION,AT_HTF_LEVEL,RISK_OFF
  MARKET XAUUSD      WEAK_TREND,AT_HTF_LEVEL,RISK_OFF
  BOT_A_gold_0630_breakout: no trade -- outside window: 03:12 London, opens 06:30 closes 16:00
  BOT_B_nas100_usopen_breakout: NOT ELIGIBLE -- regime TRANSITION is structurally wrong for this bot
  BOT_C_sp500_london_breakout: no trade -- outside window: 03:12 London, opens 08:00 closes 16:30
  BOT_D_gold_ny_breakout: no trade -- outside window: 03:12 London, opens 14:30 closes 20:00
  BOT_E_eurusd_london_breakout: no trade -- outside window: 03:12 London, opens 08:00 closes 17:00
  BOT_F_nas100_vwap_reversion: NOT ELIGIBLE -- regime TRANSITION is structurally wrong for this bot
  BOT_G_nas100_h4_pullback: NOT ELIGIBLE -- regime TRANSITION is structurally wrong for this bot
  BOT_H_gold_sweep_reclaim: no trade -- outside window: 03:12 London

  CIO: 0 candidate(s); 0 funded, 0.000% total risk

===== cycle 2026-08-19 02:13:01 UTC (host local 2026-08-18 19:13:01) =====
DEMO GATE OK -> 1514166963 FTMO-Demo equity 99430.84
  bar-vs-tick gap 2s (diagnostic only; freshness is decided by clock_state after exits and reconciliation)
PREFLIGHT OK -- account, clock, data, state, ledgers all verified
  CLOCK FEED_FRESH: feed advancing, age in band, host within tolerance
profit -0.51%  daily headroom 5.00%  total headroom 9.49%  trading days 2

  DESK CLOCK 2026-08-19 03:13 London (broker)
  MARKET EURUSD      STRONG_TREND,AT_HTF_LEVEL,RISK_OFF
  MARKET US100.cash  TRANSITION,COMPRESSION,AT_HTF_LEVEL,RISK_OFF
  MARKET US500.cash  WEAK_TREND,COMPRESSION,AT_HTF_LEVEL,RISK_OFF
  MARKET XAUUSD      WEAK_TREND,AT_HTF_LEVEL,RISK_OFF
  BOT_A_gold_0630_breakout: no trade -- outside window: 03:13 London, opens 06:30 closes 16:00
  BOT_B_nas100_usopen_breakout: NOT ELIGIBLE -- regime TRANSITION is structurally wrong for this bot
  BOT_C_sp500_london_breakout: no trade -- outside window: 03:13 London, opens 08:00 closes 16:30
  BOT_D_gold_ny_breakout: no trade -- outside window: 03:13 London, opens 14:30 closes 20:00
  BOT_E_eurusd_london_breakout: no trade -- outside window: 03:13 London, opens 08:00 closes 17:00
  BOT_F_nas100_vwap_reversion: NOT ELIGIBLE -- regime TRANSITION is structurally wrong for this bot
  BOT_G_nas100_h4_pullback: NOT ELIGIBLE -- regime TRANSITION is structurally wrong for this bot
  BOT_H_gold_sweep_reclaim: no trade -- outside window: 03:13 London

  CIO: 0 candidate(s); 0 funded, 0.000% total risk

===== cycle 2026-08-19 02:14:01 UTC (host local 2026-08-18 19:14:01) =====
DEMO GATE OK -> 1514166963 FTMO-Demo equity 99430.84
  bar-vs-tick gap 2s (diagnostic only; freshness is decided by clock_state after exits and reconciliation)
PREFLIGHT OK -- account, clock, data, state, ledgers all verified
  CLOCK FEED_FRESH: feed advancing, age in band, host within tolerance
profit -0.51%  daily headroom 5.00%  total headroom 9.49%  trading days 2

  DESK CLOCK 2026-08-19 03:14 London (broker)
  MARKET EURUSD      STRONG_TREND,AT_HTF_LEVEL,RISK_OFF
  MARKET US100.cash  TRANSITION,COMPRESSION,AT_HTF_LEVEL,RISK_OFF
  MARKET US500.cash  WEAK_TREND,COMPRESSION,AT_HTF_LEVEL,RISK_OFF
  MARKET XAUUSD      WEAK_TREND,AT_HTF_LEVEL,RISK_OFF
  BOT_A_gold_0630_breakout: no trade -- outside window: 03:14 London, opens 06:30 closes 16:00
  BOT_B_nas100_usopen_breakout: NOT ELIGIBLE -- regime TRANSITION is structurally wrong for this bot
  BOT_C_sp500_london_breakout: no trade -- outside window: 03:14 London, opens 08:00 closes 16:30
  BOT_D_gold_ny_breakout: no trade -- outside window: 03:14 London, opens 14:30 closes 20:00
  BOT_E_eurusd_london_breakout: no trade -- outside window: 03:14 London, opens 08:00 closes 17:00
  BOT_F_nas100_vwap_reversion: NOT ELIGIBLE -- regime TRANSITION is structurally wrong for this bot
  BOT_G_nas100_h4_pullback: NOT ELIGIBLE -- regime TRANSITION is structurally wrong for this bot
  BOT_H_gold_sweep_reclaim: no trade -- outside window: 03:14 London

  CIO: 0 candidate(s); 0 funded, 0.000% total risk

===== cycle 2026-08-19 02:15:01 UTC (host local 2026-08-18 19:15:01) =====
DEMO GATE OK -> 1514166963 FTMO-Demo equity 99430.84
  bar-vs-tick gap 2s (diagnostic only; freshness is decided by clock_state after exits and reconciliation)
PREFLIGHT OK -- account, clock, data, state, ledgers all verified
  CLOCK FEED_FRESH: feed advancing, age in band, host within tolerance
profit -0.51%  daily headroom 5.00%  total headroom 9.49%  trading days 2

  DESK CLOCK 2026-08-19 03:15 London (broker)
  MARKET EURUSD      STRONG_TREND,AT_HTF_LEVEL,RISK_OFF
  MARKET US100.cash  TRANSITION,COMPRESSION,AT_HTF_LEVEL,RISK_OFF
  MARKET US500.cash  WEAK_TREND,COMPRESSION,AT_HTF_LEVEL,RISK_OFF
  MARKET XAUUSD      WEAK_TREND,AT_HTF_LEVEL,RISK_OFF
  BOT_A_gold_0630_breakout: no trade -- outside window: 03:15 London, opens 06:30 closes 16:00
  BOT_B_nas100_usopen_breakout: NOT ELIGIBLE -- regime TRANSITION is structurally wrong for this bot
  BOT_C_sp500_london_breakout: no trade -- outside window: 03:15 London, opens 08:00 closes 16:30
  BOT_D_gold_ny_breakout: no trade -- outside window: 03:15 London, opens 14:30 closes 20:00
  BOT_E_eurusd_london_breakout: no trade -- outside window: 03:15 London, opens 08:00 closes 17:00
  BOT_F_nas100_vwap_reversion: NOT ELIGIBLE -- regime TRANSITION is structurally wrong for this bot
  BOT_G_nas100_h4_pullback: NOT ELIGIBLE -- regime TRANSITION is structurally wrong for this bot
  BOT_H_gold_sweep_reclaim: no trade -- outside window: 03:15 London

  CIO: 0 candidate(s); 0 funded, 0.000% total risk

===== cycle 2026-08-19 02:16:01 UTC (host local 2026-08-18 19:16:01) =====
DEMO GATE OK -> 1514166963 FTMO-Demo equity 99430.84
  bar-vs-tick gap 2s (diagnostic only; freshness is decided by clock_state after exits and reconciliation)
PREFLIGHT OK -- account, clock, data, state, ledgers all verified
  CLOCK FEED_FRESH: feed advancing, age in band, host within tolerance
profit -0.51%  daily headroom 5.00%  total headroom 9.49%  trading days 2

  DESK CLOCK 2026-08-19 03:16 London (broker)
  MARKET EURUSD      STRONG_TREND,AT_HTF_LEVEL,RISK_OFF
  MARKET US100.cash  TRANSITION,COMPRESSION,AT_HTF_LEVEL,RISK_OFF
  MARKET US500.cash  WEAK_TREND,COMPRESSION,AT_HTF_LEVEL,RISK_OFF
  MARKET XAUUSD      WEAK_TREND,AT_HTF_LEVEL,RISK_OFF
  BOT_A_gold_0630_breakout: no trade -- outside window: 03:16 London, opens 06:30 closes 16:00
  BOT_B_nas100_usopen_breakout: NOT ELIGIBLE -- regime TRANSITION is structurally wrong for this bot
  BOT_C_sp500_london_breakout: no trade -- outside window: 03:16 London, opens 08:00 closes 16:30
  BOT_D_gold_ny_breakout: no trade -- outside window: 03:16 London, opens 14:30 closes 20:00
  BOT_E_eurusd_london_breakout: no trade -- outside window: 03:16 London, opens 08:00 closes 17:00
  BOT_F_nas100_vwap_reversion: NOT ELIGIBLE -- regime TRANSITION is structurally wrong for this bot
  BOT_G_nas100_h4_pullback: NOT ELIGIBLE -- regime TRANSITION is structurally wrong for this bot
  BOT_H_gold_sweep_reclaim: no trade -- outside window: 03:16 London

  CIO: 0 candidate(s); 0 funded, 0.000% total risk

===== cycle 2026-08-19 02:17:01 UTC (host local 2026-08-18 19:17:01) =====
DEMO GATE OK -> 1514166963 FTMO-Demo equity 99430.84
  bar-vs-tick gap 2s (diagnostic only; freshness is decided by clock_state after exits and reconciliation)
PREFLIGHT OK -- account, clock, data, state, ledgers all verified
  CLOCK FEED_FRESH: feed advancing, age in band, host within tolerance
profit -0.51%  daily headroom 5.00%  total headroom 9.49%  trading days 2

  DESK CLOCK 2026-08-19 03:17 London (broker)
  MARKET EURUSD      STRONG_TREND,AT_HTF_LEVEL,RISK_OFF
  MARKET US100.cash  TRANSITION,COMPRESSION,AT_HTF_LEVEL,RISK_OFF
  MARKET US500.cash  WEAK_TREND,COMPRESSION,AT_HTF_LEVEL,RISK_OFF
  MARKET XAUUSD      WEAK_TREND,AT_HTF_LEVEL,RISK_OFF
  BOT_A_gold_0630_breakout: no trade -- outside window: 03:17 London, opens 06:30 closes 16:00
  BOT_B_nas100_usopen_breakout: NOT ELIGIBLE -- regime TRANSITION is structurally wrong for this bot
  BOT_C_sp500_london_breakout: no trade -- outside window: 03:17 London, opens 08:00 closes 16:30
  BOT_D_gold_ny_breakout: no trade -- outside window: 03:17 London, opens 14:30 closes 20:00
  BOT_E_eurusd_london_breakout: no trade -- outside window: 03:17 London, opens 08:00 closes 17:00
  BOT_F_nas100_vwap_reversion: NOT ELIGIBLE -- regime TRANSITION is structurally wrong for this bot
  BOT_G_nas100_h4_pullback: NOT ELIGIBLE -- regime TRANSITION is structurally wrong for this bot
  BOT_H_gold_sweep_reclaim: no trade -- outside window: 03:17 London

  CIO: 0 candidate(s); 0 funded, 0.000% total risk

===== cycle 2026-08-19 02:18:01 UTC (host local 2026-08-18 19:18:01) =====
DEMO GATE OK -> 1514166963 FTMO-Demo equity 99430.84
  bar-vs-tick gap 2s (diagnostic only; freshness is decided by clock_state after exits and reconciliation)
PREFLIGHT OK -- account, clock, data, state, ledgers all verified
  CLOCK FEED_FRESH: feed advancing, age in band, host within tolerance
profit -0.51%  daily headroom 5.00%  total headroom 9.49%  trading days 2

  DESK CLOCK 2026-08-19 03:18 London (broker)
  MARKET EURUSD      STRONG_TREND,AT_HTF_LEVEL,RISK_OFF
  MARKET US100.cash  TRANSITION,COMPRESSION,AT_HTF_LEVEL,RISK_OFF
  MARKET US500.cash  WEAK_TREND,COMPRESSION,AT_HTF_LEVEL,RISK_OFF
  MARKET XAUUSD      WEAK_TREND,AT_HTF_LEVEL,RISK_OFF
  BOT_A_gold_0630_breakout: no trade -- outside window: 03:18 London, opens 06:30 closes 16:00
  BOT_B_nas100_usopen_breakout: NOT ELIGIBLE -- regime TRANSITION is structurally wrong for this bot
  BOT_C_sp500_london_breakout: no trade -- outside window: 03:18 London, opens 08:00 closes 16:30
  BOT_D_gold_ny_breakout: no trade -- outside window: 03:18 London, opens 14:30 closes 20:00
  BOT_E_eurusd_london_breakout: no trade -- outside window: 03:18 London, opens 08:00 closes 17:00
  BOT_F_nas100_vwap_reversion: NOT ELIGIBLE -- regime TRANSITION is structurally wrong for this bot
  BOT_G_nas100_h4_pullback: NOT ELIGIBLE -- regime TRANSITION is structurally wrong for this bot
  BOT_H_gold_sweep_reclaim: no trade -- outside window: 03:18 London

  CIO: 0 candidate(s); 0 funded, 0.000% total risk

===== cycle 2026-08-19 02:19:01 UTC (host local 2026-08-18 19:19:01) =====
DEMO GATE OK -> 1514166963 FTMO-Demo equity 99430.84
  bar-vs-tick gap 2s (diagnostic only; freshness is decided by clock_state after exits and reconciliation)
PREFLIGHT OK -- account, clock, data, state, ledgers all verified
  CLOCK FEED_FRESH: feed advancing, age in band, host within tolerance
profit -0.51%  daily headroom 5.00%  total headroom 9.49%  trading days 2

  DESK CLOCK 2026-08-19 03:19 London (broker)
  MARKET EURUSD      STRONG_TREND,AT_HTF_LEVEL,RISK_OFF
  MARKET US100.cash  TRANSITION,COMPRESSION,AT_HTF_LEVEL,RISK_OFF
  MARKET US500.cash  WEAK_TREND,COMPRESSION,AT_HTF_LEVEL,RISK_OFF
  MARKET XAUUSD      WEAK_TREND,AT_HTF_LEVEL,RISK_OFF
  BOT_A_gold_0630_breakout: no trade -- outside window: 03:19 London, opens 06:30 closes 16:00
  BOT_B_nas100_usopen_breakout: NOT ELIGIBLE -- regime TRANSITION is structurally wrong for this bot
  BOT_C_sp500_london_breakout: no trade -- outside window: 03:19 London, opens 08:00 closes 16:30
  BOT_D_gold_ny_breakout: no trade -- outside window: 03:19 London, opens 14:30 closes 20:00
  BOT_E_eurusd_london_breakout: no trade -- outside window: 03:19 London, opens 08:00 closes 17:00
  BOT_F_nas100_vwap_reversion: NOT ELIGIBLE -- regime TRANSITION is structurally wrong for this bot
  BOT_G_nas100_h4_pullback: NOT ELIGIBLE -- regime TRANSITION is structurally wrong for this bot
  BOT_H_gold_sweep_reclaim: no trade -- outside window: 03:19 London

  CIO: 0 candidate(s); 0 funded, 0.000% total risk

===== cycle 2026-08-19 02:20:01 UTC (host local 2026-08-18 19:20:01) =====
DEMO GATE OK -> 1514166963 FTMO-Demo equity 99430.84
  bar-vs-tick gap 2s (diagnostic only; freshness is decided by clock_state after exits and reconciliation)
PREFLIGHT OK -- account, clock, data, state, ledgers all verified
  CLOCK FEED_FRESH: feed advancing, age in band, host within tolerance
profit -0.51%  daily headroom 5.00%  total headroom 9.49%  trading days 2

  DESK CLOCK 2026-08-19 03:20 London (broker)
  MARKET EURUSD      STRONG_TREND,AT_HTF_LEVEL,RISK_OFF
  MARKET US100.cash  TRANSITION,COMPRESSION,AT_HTF_LEVEL,RISK_OFF
  MARKET US500.cash  WEAK_TREND,COMPRESSION,AT_HTF_LEVEL,RISK_OFF
  MARKET XAUUSD      WEAK_TREND,AT_HTF_LEVEL,RISK_OFF
  BOT_A_gold_0630_breakout: no trade -- outside window: 03:20 London, opens 06:30 closes 16:00
  BOT_B_nas100_usopen_breakout: NOT ELIGIBLE -- regime TRANSITION is structurally wrong for this bot
  BOT_C_sp500_london_breakout: no trade -- outside window: 03:20 London, opens 08:00 closes 16:30
  BOT_D_gold_ny_breakout: no trade -- outside window: 03:20 London, opens 14:30 closes 20:00
  BOT_E_eurusd_london_breakout: no trade -- outside window: 03:20 London, opens 08:00 closes 17:00
  BOT_F_nas100_vwap_reversion: NOT ELIGIBLE -- regime TRANSITION is structurally wrong for this bot
  BOT_G_nas100_h4_pullback: NOT ELIGIBLE -- regime TRANSITION is structurally wrong for this bot
  BOT_H_gold_sweep_reclaim: no trade -- outside window: 03:20 London

  CIO: 0 candidate(s); 0 funded, 0.000% total risk

===== cycle 2026-08-19 02:21:01 UTC (host local 2026-08-18 19:21:01) =====
DEMO GATE OK -> 1514166963 FTMO-Demo equity 99430.84
  bar-vs-tick gap 2s (diagnostic only; freshness is decided by clock_state after exits and reconciliation)
PREFLIGHT OK -- account, clock, data, state, ledgers all verified
  CLOCK FEED_FRESH: feed advancing, age in band, host within tolerance
profit -0.51%  daily headroom 5.00%  total headroom 9.49%  trading days 2

  DESK CLOCK 2026-08-19 03:21 London (broker)
  MARKET EURUSD      STRONG_TREND,AT_HTF_LEVEL,RISK_OFF
  MARKET US100.cash  TRANSITION,COMPRESSION,AT_HTF_LEVEL,RISK_OFF
  MARKET US500.cash  WEAK_TREND,COMPRESSION,AT_HTF_LEVEL,RISK_OFF
  MARKET XAUUSD      WEAK_TREND,AT_HTF_LEVEL,RISK_OFF
  BOT_A_gold_0630_breakout: no trade -- outside window: 03:21 London, opens 06:30 closes 16:00
  BOT_B_nas100_usopen_breakout: NOT ELIGIBLE -- regime TRANSITION is structurally wrong for this bot
  BOT_C_sp500_london_breakout: no trade -- outside window: 03:21 London, opens 08:00 closes 16:30
  BOT_D_gold_ny_breakout: no trade -- outside window: 03:21 London, opens 14:30 closes 20:00
  BOT_E_eurusd_london_breakout: no trade -- outside window: 03:21 London, opens 08:00 closes 17:00
  BOT_F_nas100_vwap_reversion: NOT ELIGIBLE -- regime TRANSITION is structurally wrong for this bot
  BOT_G_nas100_h4_pullback: NOT ELIGIBLE -- regime TRANSITION is structurally wrong for this bot
  BOT_H_gold_sweep_reclaim: no trade -- outside window: 03:21 London

  CIO: 0 candidate(s); 0 funded, 0.000% total risk

===== cycle 2026-08-19 02:22:01 UTC (host local 2026-08-18 19:22:01) =====
DEMO GATE OK -> 1514166963 FTMO-Demo equity 99430.84
  bar-vs-tick gap 2s (diagnostic only; freshness is decided by clock_state after exits and reconciliation)
PREFLIGHT OK -- account, clock, data, state, ledgers all verified
  CLOCK FEED_FRESH: feed advancing, age in band, host within tolerance
profit -0.51%  daily headroom 5.00%  total headroom 9.49%  trading days 2

  DESK CLOCK 2026-08-19 03:22 London (broker)
  MARKET EURUSD      STRONG_TREND,AT_HTF_LEVEL,RISK_OFF
  MARKET US100.cash  TRANSITION,COMPRESSION,AT_HTF_LEVEL,RISK_OFF
  MARKET US500.cash  WEAK_TREND,COMPRESSION,AT_HTF_LEVEL,RISK_ON
  MARKET XAUUSD      WEAK_TREND,AT_HTF_LEVEL,RISK_OFF
  BOT_A_gold_0630_breakout: no trade -- outside window: 03:22 London, opens 06:30 closes 16:00
  BOT_B_nas100_usopen_breakout: NOT ELIGIBLE -- regime TRANSITION is structurally wrong for this bot
  BOT_C_sp500_london_breakout: no trade -- outside window: 03:22 London, opens 08:00 closes 16:30
  BOT_D_gold_ny_breakout: no trade -- outside window: 03:22 London, opens 14:30 closes 20:00
  BOT_E_eurusd_london_breakout: no trade -- outside window: 03:22 London, opens 08:00 closes 17:00
  BOT_F_nas100_vwap_reversion: NOT ELIGIBLE -- regime TRANSITION is structurally wrong for this bot
  BOT_G_nas100_h4_pullback: NOT ELIGIBLE -- regime TRANSITION is structurally wrong for this bot
  BOT_H_gold_sweep_reclaim: no trade -- outside window: 03:22 London

  CIO: 0 candidate(s); 0 funded, 0.000% total risk

===== cycle 2026-08-19 02:23:01 UTC (host local 2026-08-18 19:23:01) =====
DEMO GATE OK -> 1514166963 FTMO-Demo equity 99430.84
  bar-vs-tick gap 2s (diagnostic only; freshness is decided by clock_state after exits and reconciliation)
PREFLIGHT OK -- account, clock, data, state, ledgers all verified
  CLOCK FEED_FRESH: feed advancing, age in band, host within tolerance
profit -0.51%  daily headroom 5.00%  total headroom 9.49%  trading days 2

  DESK CLOCK 2026-08-19 03:23 London (broker)
  MARKET EURUSD      STRONG_TREND,AT_HTF_LEVEL,RISK_OFF
  MARKET US100.cash  TRANSITION,COMPRESSION,AT_HTF_LEVEL,RISK_OFF
  MARKET US500.cash  WEAK_TREND,COMPRESSION,AT_HTF_LEVEL,RISK_OFF
  MARKET XAUUSD      WEAK_TREND,AT_HTF_LEVEL,RISK_OFF
  BOT_A_gold_0630_breakout: no trade -- outside window: 03:23 London, opens 06:30 closes 16:00
  BOT_B_nas100_usopen_breakout: NOT ELIGIBLE -- regime TRANSITION is structurally wrong for this bot
  BOT_C_sp500_london_breakout: no trade -- outside window: 03:23 London, opens 08:00 closes 16:30
  BOT_D_gold_ny_breakout: no trade -- outside window: 03:23 London, opens 14:30 closes 20:00
  BOT_E_eurusd_london_breakout: no trade -- outside window: 03:23 London, opens 08:00 closes 17:00
  BOT_F_nas100_vwap_reversion: NOT ELIGIBLE -- regime TRANSITION is structurally wrong for this bot
  BOT_G_nas100_h4_pullback: NOT ELIGIBLE -- regime TRANSITION is structurally wrong for this bot
  BOT_H_gold_sweep_reclaim: no trade -- outside window: 03:23 London

  CIO: 0 candidate(s); 0 funded, 0.000% total risk

===== cycle 2026-08-19 02:24:01 UTC (host local 2026-08-18 19:24:01) =====
DEMO GATE OK -> 1514166963 FTMO-Demo equity 99430.84
  bar-vs-tick gap 2s (diagnostic only; freshness is decided by clock_state after exits and reconciliation)
PREFLIGHT OK -- account, clock, data, state, ledgers all verified
  CLOCK FEED_FRESH: feed advancing, age in band, host within tolerance
profit -0.51%  daily headroom 5.00%  total headroom 9.49%  trading days 2

  DESK CLOCK 2026-08-19 03:24 London (broker)
  MARKET EURUSD      STRONG_TREND,AT_HTF_LEVEL,RISK_OFF
  MARKET US100.cash  TRANSITION,COMPRESSION,AT_HTF_LEVEL,RISK_OFF
  MARKET US500.cash  WEAK_TREND,COMPRESSION,AT_HTF_LEVEL,RISK_ON
  MARKET XAUUSD      WEAK_TREND,AT_HTF_LEVEL,RISK_ON
  BOT_A_gold_0630_breakout: no trade -- outside window: 03:24 London, opens 06:30 closes 16:00
  BOT_B_nas100_usopen_breakout: NOT ELIGIBLE -- regime TRANSITION is structurally wrong for this bot
  BOT_C_sp500_london_breakout: no trade -- outside window: 03:24 London, opens 08:00 closes 16:30
  BOT_D_gold_ny_breakout: no trade -- outside window: 03:24 London, opens 14:30 closes 20:00
  BOT_E_eurusd_london_breakout: no trade -- outside window: 03:24 London, opens 08:00 closes 17:00
  BOT_F_nas100_vwap_reversion: NOT ELIGIBLE -- regime TRANSITION is structurally wrong for this bot
  BOT_G_nas100_h4_pullback: NOT ELIGIBLE -- regime TRANSITION is structurally wrong for this bot
  BOT_H_gold_sweep_reclaim: no trade -- outside window: 03:24 London

  CIO: 0 candidate(s); 0 funded, 0.000% total risk

===== cycle 2026-08-19 02:25:01 UTC (host local 2026-08-18 19:25:01) =====
DEMO GATE OK -> 1514166963 FTMO-Demo equity 99430.84
  bar-vs-tick gap 2s (diagnostic only; freshness is decided by clock_state after exits and reconciliation)
PREFLIGHT OK -- account, clock, data, state, ledgers all verified
  CLOCK FEED_FRESH: feed advancing, age in band, host within tolerance
profit -0.51%  daily headroom 5.00%  total headroom 9.49%  trading days 2

  DESK CLOCK 2026-08-19 03:25 London (broker)
  MARKET EURUSD      STRONG_TREND,AT_HTF_LEVEL,RISK_OFF
  MARKET US100.cash  TRANSITION,COMPRESSION,AT_HTF_LEVEL,RISK_OFF
  MARKET US500.cash  WEAK_TREND,COMPRESSION,AT_HTF_LEVEL,RISK_ON
  MARKET XAUUSD      WEAK_TREND,AT_HTF_LEVEL,RISK_OFF
  BOT_A_gold_0630_breakout: no trade -- outside window: 03:25 London, opens 06:30 closes 16:00
  BOT_B_nas100_usopen_breakout: NOT ELIGIBLE -- regime TRANSITION is structurally wrong for this bot
  BOT_C_sp500_london_breakout: no trade -- outside window: 03:25 London, opens 08:00 closes 16:30
  BOT_D_gold_ny_breakout: no trade -- outside window: 03:25 London, opens 14:30 closes 20:00
  BOT_E_eurusd_london_breakout: no trade -- outside window: 03:25 London, opens 08:00 closes 17:00
  BOT_F_nas100_vwap_reversion: NOT ELIGIBLE -- regime TRANSITION is structurally wrong for this bot
  BOT_G_nas100_h4_pullback: NOT ELIGIBLE -- regime TRANSITION is structurally wrong for this bot
  BOT_H_gold_sweep_reclaim: no trade -- outside window: 03:25 London

  CIO: 0 candidate(s); 0 funded, 0.000% total risk

===== cycle 2026-08-19 02:26:01 UTC (host local 2026-08-18 19:26:01) =====
DEMO GATE OK -> 1514166963 FTMO-Demo equity 99430.84
  bar-vs-tick gap 2s (diagnostic only; freshness is decided by clock_state after exits and reconciliation)
PREFLIGHT OK -- account, clock, data, state, ledgers all verified
  CLOCK FEED_FRESH: feed advancing, age in band, host within tolerance
profit -0.51%  daily headroom 5.00%  total headroom 9.49%  trading days 2

  DESK CLOCK 2026-08-19 03:26 London (broker)
  MARKET EURUSD      STRONG_TREND,AT_HTF_LEVEL,RISK_OFF
  MARKET US100.cash  TRANSITION,COMPRESSION,AT_HTF_LEVEL,RISK_OFF
  MARKET US500.cash  WEAK_TREND,COMPRESSION,AT_HTF_LEVEL,RISK_ON
  MARKET XAUUSD      WEAK_TREND,AT_HTF_LEVEL,RISK_ON
  BOT_A_gold_0630_breakout: no trade -- outside window: 03:26 London, opens 06:30 closes 16:00
  BOT_B_nas100_usopen_breakout: NOT ELIGIBLE -- regime TRANSITION is structurally wrong for this bot
  BOT_C_sp500_london_breakout: no trade -- outside window: 03:26 London, opens 08:00 closes 16:30
  BOT_D_gold_ny_breakout: no trade -- outside window: 03:26 London, opens 14:30 closes 20:00
  BOT_E_eurusd_london_breakout: no trade -- outside window: 03:26 London, opens 08:00 closes 17:00
  BOT_F_nas100_vwap_reversion: NOT ELIGIBLE -- regime TRANSITION is structurally wrong for this bot
  BOT_G_nas100_h4_pullback: NOT ELIGIBLE -- regime TRANSITION is structurally wrong for this bot
  BOT_H_gold_sweep_reclaim: no trade -- outside window: 03:26 London

  CIO: 0 candidate(s); 0 funded, 0.000% total risk

===== cycle 2026-08-19 02:27:01 UTC (host local 2026-08-18 19:27:01) =====
DEMO GATE OK -> 1514166963 FTMO-Demo equity 99430.84
  bar-vs-tick gap 2s (diagnostic only; freshness is decided by clock_state after exits and reconciliation)
PREFLIGHT OK -- account, clock, data, state, ledgers all verified
  CLOCK FEED_FRESH: feed advancing, age in band, host within tolerance
profit -0.51%  daily headroom 5.00%  total headroom 9.49%  trading days 2

  DESK CLOCK 2026-08-19 03:27 London (broker)
  MARKET EURUSD      STRONG_TREND,AT_HTF_LEVEL,RISK_OFF
  MARKET US100.cash  TRANSITION,COMPRESSION,AT_HTF_LEVEL,RISK_OFF
  MARKET US500.cash  WEAK_TREND,COMPRESSION,AT_HTF_LEVEL,RISK_OFF
  MARKET XAUUSD      WEAK_TREND,AT_HTF_LEVEL,RISK_OFF
  BOT_A_gold_0630_breakout: no trade -- outside window: 03:27 London, opens 06:30 closes 16:00
  BOT_B_nas100_usopen_breakout: NOT ELIGIBLE -- regime TRANSITION is structurally wrong for this bot
  BOT_C_sp500_london_breakout: no trade -- outside window: 03:27 London, opens 08:00 closes 16:30
  BOT_D_gold_ny_breakout: no trade -- outside window: 03:27 London, opens 14:30 closes 20:00
  BOT_E_eurusd_london_breakout: no trade -- outside window: 03:27 London, opens 08:00 closes 17:00
  BOT_F_nas100_vwap_reversion: NOT ELIGIBLE -- regime TRANSITION is structurally wrong for this bot
  BOT_G_nas100_h4_pullback: NOT ELIGIBLE -- regime TRANSITION is structurally wrong for this bot
  BOT_H_gold_sweep_reclaim: no trade -- outside window: 03:27 London

  CIO: 0 candidate(s); 0 funded, 0.000% total risk

===== cycle 2026-08-19 02:28:01 UTC (host local 2026-08-18 19:28:01) =====
DEMO GATE OK -> 1514166963 FTMO-Demo equity 99430.84
  bar-vs-tick gap 2s (diagnostic only; freshness is decided by clock_state after exits and reconciliation)
PREFLIGHT OK -- account, clock, data, state, ledgers all verified
  CLOCK FEED_FRESH: feed advancing, age in band, host within tolerance
profit -0.51%  daily headroom 5.00%  total headroom 9.49%  trading days 2

  DESK CLOCK 2026-08-19 03:28 London (broker)
  MARKET EURUSD      STRONG_TREND,AT_HTF_LEVEL,RISK_OFF
  MARKET US100.cash  TRANSITION,COMPRESSION,AT_HTF_LEVEL,RISK_OFF
  MARKET US500.cash  WEAK_TREND,COMPRESSION,AT_HTF_LEVEL,RISK_OFF
  MARKET XAUUSD      WEAK_TREND,AT_HTF_LEVEL,RISK_OFF
  BOT_A_gold_0630_breakout: no trade -- outside window: 03:28 London, opens 06:30 closes 16:00
  BOT_B_nas100_usopen_breakout: NOT ELIGIBLE -- regime TRANSITION is structurally wrong for this bot
  BOT_C_sp500_london_breakout: no trade -- outside window: 03:28 London, opens 08:00 closes 16:30
  BOT_D_gold_ny_breakout: no trade -- outside window: 03:28 London, opens 14:30 closes 20:00
  BOT_E_eurusd_london_breakout: no trade -- outside window: 03:28 London, opens 08:00 closes 17:00
  BOT_F_nas100_vwap_reversion: NOT ELIGIBLE -- regime TRANSITION is structurally wrong for this bot
  BOT_G_nas100_h4_pullback: NOT ELIGIBLE -- regime TRANSITION is structurally wrong for this bot
  BOT_H_gold_sweep_reclaim: no trade -- outside window: 03:28 London

  CIO: 0 candidate(s); 0 funded, 0.000% total risk

===== cycle 2026-08-19 02:29:01 UTC (host local 2026-08-18 19:29:01) =====
DEMO GATE OK -> 1514166963 FTMO-Demo equity 99430.84
  bar-vs-tick gap 2s (diagnostic only; freshness is decided by clock_state after exits and reconciliation)
PREFLIGHT OK -- account, clock, data, state, ledgers all verified
  CLOCK FEED_FRESH: feed advancing, age in band, host within tolerance
profit -0.51%  daily headroom 5.00%  total headroom 9.49%  trading days 2

  DESK CLOCK 2026-08-19 03:29 London (broker)
  MARKET EURUSD      STRONG_TREND,AT_HTF_LEVEL,RISK_OFF
  MARKET US100.cash  TRANSITION,COMPRESSION,AT_HTF_LEVEL,RISK_OFF
  MARKET US500.cash  WEAK_TREND,COMPRESSION,AT_HTF_LEVEL,RISK_OFF
  MARKET XAUUSD      WEAK_TREND,AT_HTF_LEVEL,RISK_OFF
  BOT_A_gold_0630_breakout: no trade -- outside window: 03:29 London, opens 06:30 closes 16:00
  BOT_B_nas100_usopen_breakout: NOT ELIGIBLE -- regime TRANSITION is structurally wrong for this bot
  BOT_C_sp500_london_breakout: no trade -- outside window: 03:29 London, opens 08:00 closes 16:30
  BOT_D_gold_ny_breakout: no trade -- outside window: 03:29 London, opens 14:30 closes 20:00
  BOT_E_eurusd_london_breakout: no trade -- outside window: 03:29 London, opens 08:00 closes 17:00
  BOT_F_nas100_vwap_reversion: NOT ELIGIBLE -- regime TRANSITION is structurally wrong for this bot
  BOT_G_nas100_h4_pullback: NOT ELIGIBLE -- regime TRANSITION is structurally wrong for this bot
  BOT_H_gold_sweep_reclaim: no trade -- outside window: 03:29 London

  CIO: 0 candidate(s); 0 funded, 0.000% total risk

===== cycle 2026-08-19 02:30:01 UTC (host local 2026-08-18 19:30:01) =====
DEMO GATE OK -> 1514166963 FTMO-Demo equity 99430.84
  bar-vs-tick gap 2s (diagnostic only; freshness is decided by clock_state after exits and reconciliation)
PREFLIGHT OK -- account, clock, data, state, ledgers all verified
  CLOCK FEED_FRESH: feed advancing, age in band, host within tolerance
profit -0.51%  daily headroom 5.00%  total headroom 9.49%  trading days 2

  DESK CLOCK 2026-08-19 03:30 London (broker)
  MARKET EURUSD      STRONG_TREND,AT_HTF_LEVEL,RISK_OFF
  MARKET US100.cash  TRANSITION,COMPRESSION,AT_HTF_LEVEL,RISK_OFF
  MARKET US500.cash  WEAK_TREND,COMPRESSION,AT_HTF_LEVEL,RISK_OFF
  MARKET XAUUSD      WEAK_TREND,AT_HTF_LEVEL,RISK_OFF
  BOT_A_gold_0630_breakout: no trade -- outside window: 03:30 London, opens 06:30 closes 16:00
  BOT_B_nas100_usopen_breakout: NOT ELIGIBLE -- regime TRANSITION is structurally wrong for this bot
  BOT_C_sp500_london_breakout: no trade -- outside window: 03:30 London, opens 08:00 closes 16:30
  BOT_D_gold_ny_breakout: no trade -- outside window: 03:30 London, opens 14:30 closes 20:00
  BOT_E_eurusd_london_breakout: no trade -- outside window: 03:30 London, opens 08:00 closes 17:00
  BOT_F_nas100_vwap_reversion: NOT ELIGIBLE -- regime TRANSITION is structurally wrong for this bot
  BOT_G_nas100_h4_pullback: NOT ELIGIBLE -- regime TRANSITION is structurally wrong for this bot
  BOT_H_gold_sweep_reclaim: no trade -- outside window: 03:30 London

  CIO: 0 candidate(s); 0 funded, 0.000% total risk

===== cycle 2026-08-19 02:31:01 UTC (host local 2026-08-18 19:31:01) =====
DEMO GATE OK -> 1514166963 FTMO-Demo equity 99430.84
  bar-vs-tick gap 2s (diagnostic only; freshness is decided by clock_state after exits and reconciliation)
PREFLIGHT OK -- account, clock, data, state, ledgers all verified
  CLOCK FEED_FRESH: feed advancing, age in band, host within tolerance
profit -0.51%  daily headroom 5.00%  total headroom 9.49%  trading days 2

  DESK CLOCK 2026-08-19 03:31 London (broker)
  MARKET EURUSD      STRONG_TREND,AT_HTF_LEVEL,RISK_OFF
  MARKET US100.cash  TRANSITION,COMPRESSION,AT_HTF_LEVEL,RISK_OFF
  MARKET US500.cash  WEAK_TREND,COMPRESSION,AT_HTF_LEVEL,RISK_OFF
  MARKET XAUUSD      WEAK_TREND,AT_HTF_LEVEL,RISK_OFF
  BOT_A_gold_0630_breakout: no trade -- outside window: 03:31 London, opens 06:30 closes 16:00
  BOT_B_nas100_usopen_breakout: NOT ELIGIBLE -- regime TRANSITION is structurally wrong for this bot
  BOT_C_sp500_london_breakout: no trade -- outside window: 03:31 London, opens 08:00 closes 16:30
  BOT_D_gold_ny_breakout: no trade -- outside window: 03:31 London, opens 14:30 closes 20:00
  BOT_E_eurusd_london_breakout: no trade -- outside window: 03:31 London, opens 08:00 closes 17:00
  BOT_F_nas100_vwap_reversion: NOT ELIGIBLE -- regime TRANSITION is structurally wrong for this bot
  BOT_G_nas100_h4_pullback: NOT ELIGIBLE -- regime TRANSITION is structurally wrong for this bot
  BOT_H_gold_sweep_reclaim: no trade -- outside window: 03:31 London

  CIO: 0 candidate(s); 0 funded, 0.000% total risk

===== cycle 2026-08-19 02:32:01 UTC (host local 2026-08-18 19:32:01) =====
DEMO GATE OK -> 1514166963 FTMO-Demo equity 99430.84
  bar-vs-tick gap 2s (diagnostic only; freshness is decided by clock_state after exits and reconciliation)
PREFLIGHT OK -- account, clock, data, state, ledgers all verified
  CLOCK FEED_FRESH: feed advancing, age in band, host within tolerance
profit -0.51%  daily headroom 5.00%  total headroom 9.49%  trading days 2

  DESK CLOCK 2026-08-19 03:32 London (broker)
  MARKET EURUSD      STRONG_TREND,AT_HTF_LEVEL,RISK_OFF
  MARKET US100.cash  TRANSITION,COMPRESSION,AT_HTF_LEVEL,RISK_OFF
  MARKET US500.cash  WEAK_TREND,COMPRESSION,AT_HTF_LEVEL,RISK_OFF
  MARKET XAUUSD      WEAK_TREND,AT_HTF_LEVEL,RISK_OFF
  BOT_A_gold_0630_breakout: no trade -- outside window: 03:32 London, opens 06:30 closes 16:00
  BOT_B_nas100_usopen_breakout: NOT ELIGIBLE -- regime TRANSITION is structurally wrong for this bot
  BOT_C_sp500_london_breakout: no trade -- outside window: 03:32 London, opens 08:00 closes 16:30
  BOT_D_gold_ny_breakout: no trade -- outside window: 03:32 London, opens 14:30 closes 20:00
  BOT_E_eurusd_london_breakout: no trade -- outside window: 03:32 London, opens 08:00 closes 17:00
  BOT_F_nas100_vwap_reversion: NOT ELIGIBLE -- regime TRANSITION is structurally wrong for this bot
  BOT_G_nas100_h4_pullback: NOT ELIGIBLE -- regime TRANSITION is structurally wrong for this bot
  BOT_H_gold_sweep_reclaim: no trade -- outside window: 03:32 London

  CIO: 0 candidate(s); 0 funded, 0.000% total risk

===== cycle 2026-08-19 02:33:01 UTC (host local 2026-08-18 19:33:01) =====
DEMO GATE OK -> 1514166963 FTMO-Demo equity 99430.84
  bar-vs-tick gap 2s (diagnostic only; freshness is decided by clock_state after exits and reconciliation)
PREFLIGHT OK -- account, clock, data, state, ledgers all verified
  CLOCK FEED_FRESH: feed advancing, age in band, host within tolerance
profit -0.51%  daily headroom 5.00%  total headroom 9.49%  trading days 2

  DESK CLOCK 2026-08-19 03:33 London (broker)
  MARKET EURUSD      STRONG_TREND,AT_HTF_LEVEL,RISK_OFF
  MARKET US100.cash  TRANSITION,COMPRESSION,AT_HTF_LEVEL,RISK_OFF
  MARKET US500.cash  WEAK_TREND,COMPRESSION,AT_HTF_LEVEL,RISK_OFF
  MARKET XAUUSD      WEAK_TREND,AT_HTF_LEVEL,RISK_OFF
  BOT_A_gold_0630_breakout: no trade -- outside window: 03:33 London, opens 06:30 closes 16:00
  BOT_B_nas100_usopen_breakout: NOT ELIGIBLE -- regime TRANSITION is structurally wrong for this bot
  BOT_C_sp500_london_breakout: no trade -- outside window: 03:33 London, opens 08:00 closes 16:30
  BOT_D_gold_ny_breakout: no trade -- outside window: 03:33 London, opens 14:30 closes 20:00
  BOT_E_eurusd_london_breakout: no trade -- outside window: 03:33 London, opens 08:00 closes 17:00
  BOT_F_nas100_vwap_reversion: NOT ELIGIBLE -- regime TRANSITION is structurally wrong for this bot
  BOT_G_nas100_h4_pullback: NOT ELIGIBLE -- regime TRANSITION is structurally wrong for this bot
  BOT_H_gold_sweep_reclaim: no trade -- outside window: 03:33 London

  CIO: 0 candidate(s); 0 funded, 0.000% total risk

===== cycle 2026-08-19 02:34:01 UTC (host local 2026-08-18 19:34:01) =====
DEMO GATE OK -> 1514166963 FTMO-Demo equity 99430.84
  bar-vs-tick gap 2s (diagnostic only; freshness is decided by clock_state after exits and reconciliation)
PREFLIGHT OK -- account, clock, data, state, ledgers all verified
  CLOCK FEED_FRESH: feed advancing, age in band, host within tolerance
profit -0.51%  daily headroom 5.00%  total headroom 9.49%  trading days 2

  DESK CLOCK 2026-08-19 03:34 London (broker)
  MARKET EURUSD      STRONG_TREND,AT_HTF_LEVEL,RISK_OFF
  MARKET US100.cash  TRANSITION,COMPRESSION,AT_HTF_LEVEL,RISK_OFF
  MARKET US500.cash  WEAK_TREND,COMPRESSION,AT_HTF_LEVEL,RISK_OFF
  MARKET XAUUSD      WEAK_TREND,AT_HTF_LEVEL,RISK_OFF
  BOT_A_gold_0630_breakout: no trade -- outside window: 03:34 London, opens 06:30 closes 16:00
  BOT_B_nas100_usopen_breakout: NOT ELIGIBLE -- regime TRANSITION is structurally wrong for this bot
  BOT_C_sp500_london_breakout: no trade -- outside window: 03:34 London, opens 08:00 closes 16:30
  BOT_D_gold_ny_breakout: no trade -- outside window: 03:34 London, opens 14:30 closes 20:00
  BOT_E_eurusd_london_breakout: no trade -- outside window: 03:34 London, opens 08:00 closes 17:00
  BOT_F_nas100_vwap_reversion: NOT ELIGIBLE -- regime TRANSITION is structurally wrong for this bot
  BOT_G_nas100_h4_pullback: NOT ELIGIBLE -- regime TRANSITION is structurally wrong for this bot
  BOT_H_gold_sweep_reclaim: no trade -- outside window: 03:34 London

  CIO: 0 candidate(s); 0 funded, 0.000% total risk

===== cycle 2026-08-19 02:35:01 UTC (host local 2026-08-18 19:35:01) =====
DEMO GATE OK -> 1514166963 FTMO-Demo equity 99430.84
  bar-vs-tick gap 2s (diagnostic only; freshness is decided by clock_state after exits and reconciliation)
PREFLIGHT OK -- account, clock, data, state, ledgers all verified
  CLOCK FEED_FRESH: feed advancing, age in band, host within tolerance
profit -0.51%  daily headroom 5.00%  total headroom 9.49%  trading days 2

  DESK CLOCK 2026-08-19 03:35 London (broker)
  MARKET EURUSD      STRONG_TREND,AT_HTF_LEVEL,RISK_OFF
  MARKET US100.cash  TRANSITION,COMPRESSION,AT_HTF_LEVEL,RISK_OFF
  MARKET US500.cash  WEAK_TREND,COMPRESSION,AT_HTF_LEVEL,RISK_OFF
  MARKET XAUUSD      WEAK_TREND,AT_HTF_LEVEL,RISK_OFF
  BOT_A_gold_0630_breakout: no trade -- outside window: 03:35 London, opens 06:30 closes 16:00
  BOT_B_nas100_usopen_breakout: NOT ELIGIBLE -- regime TRANSITION is structurally wrong for this bot
  BOT_C_sp500_london_breakout: no trade -- outside window: 03:35 London, opens 08:00 closes 16:30
  BOT_D_gold_ny_breakout: no trade -- outside window: 03:35 London, opens 14:30 closes 20:00
  BOT_E_eurusd_london_breakout: no trade -- outside window: 03:35 London, opens 08:00 closes 17:00
  BOT_F_nas100_vwap_reversion: NOT ELIGIBLE -- regime TRANSITION is structurally wrong for this bot
  BOT_G_nas100_h4_pullback: NOT ELIGIBLE -- regime TRANSITION is structurally wrong for this bot
  BOT_H_gold_sweep_reclaim: no trade -- outside window: 03:35 London

  CIO: 0 candidate(s); 0 funded, 0.000% total risk

===== cycle 2026-08-19 02:36:01 UTC (host local 2026-08-18 19:36:01) =====
DEMO GATE OK -> 1514166963 FTMO-Demo equity 99430.84
  bar-vs-tick gap 2s (diagnostic only; freshness is decided by clock_state after exits and reconciliation)
PREFLIGHT OK -- account, clock, data, state, ledgers all verified
  CLOCK FEED_FRESH: feed advancing, age in band, host within tolerance
profit -0.51%  daily headroom 5.00%  total headroom 9.49%  trading days 2

  DESK CLOCK 2026-08-19 03:36 London (broker)
  MARKET EURUSD      STRONG_TREND,AT_HTF_LEVEL,RISK_OFF
  MARKET US100.cash  TRANSITION,COMPRESSION,AT_HTF_LEVEL,RISK_OFF
  MARKET US500.cash  WEAK_TREND,COMPRESSION,AT_HTF_LEVEL,RISK_OFF
  MARKET XAUUSD      WEAK_TREND,AT_HTF_LEVEL,RISK_OFF
  BOT_A_gold_0630_breakout: no trade -- outside window: 03:36 London, opens 06:30 closes 16:00
  BOT_B_nas100_usopen_breakout: NOT ELIGIBLE -- regime TRANSITION is structurally wrong for this bot
  BOT_C_sp500_london_breakout: no trade -- outside window: 03:36 London, opens 08:00 closes 16:30
  BOT_D_gold_ny_breakout: no trade -- outside window: 03:36 London, opens 14:30 closes 20:00
  BOT_E_eurusd_london_breakout: no trade -- outside window: 03:36 London, opens 08:00 closes 17:00
  BOT_F_nas100_vwap_reversion: NOT ELIGIBLE -- regime TRANSITION is structurally wrong for this bot
  BOT_G_nas100_h4_pullback: NOT ELIGIBLE -- regime TRANSITION is structurally wrong for this bot
  BOT_H_gold_sweep_reclaim: no trade -- outside window: 03:36 London

  CIO: 0 candidate(s); 0 funded, 0.000% total risk

===== cycle 2026-08-19 02:37:01 UTC (host local 2026-08-18 19:37:01) =====
DEMO GATE OK -> 1514166963 FTMO-Demo equity 99430.84
  bar-vs-tick gap 2s (diagnostic only; freshness is decided by clock_state after exits and reconciliation)
PREFLIGHT OK -- account, clock, data, state, ledgers all verified
  CLOCK FEED_FRESH: feed advancing, age in band, host within tolerance
profit -0.51%  daily headroom 5.00%  total headroom 9.49%  trading days 2

  DESK CLOCK 2026-08-19 03:37 London (broker)
  MARKET EURUSD      STRONG_TREND,AT_HTF_LEVEL,RISK_OFF
  MARKET US100.cash  TRANSITION,COMPRESSION,AT_HTF_LEVEL,RISK_OFF
  MARKET US500.cash  WEAK_TREND,COMPRESSION,AT_HTF_LEVEL,RISK_OFF
  MARKET XAUUSD      WEAK_TREND,AT_HTF_LEVEL,RISK_OFF
  BOT_A_gold_0630_breakout: no trade -- outside window: 03:37 London, opens 06:30 closes 16:00
  BOT_B_nas100_usopen_breakout: NOT ELIGIBLE -- regime TRANSITION is structurally wrong for this bot
  BOT_C_sp500_london_breakout: no trade -- outside window: 03:37 London, opens 08:00 closes 16:30
  BOT_D_gold_ny_breakout: no trade -- outside window: 03:37 London, opens 14:30 closes 20:00
  BOT_E_eurusd_london_breakout: no trade -- outside window: 03:37 London, opens 08:00 closes 17:00
  BOT_F_nas100_vwap_reversion: NOT ELIGIBLE -- regime TRANSITION is structurally wrong for this bot
  BOT_G_nas100_h4_pullback: NOT ELIGIBLE -- regime TRANSITION is structurally wrong for this bot
  BOT_H_gold_sweep_reclaim: no trade -- outside window: 03:37 London

  CIO: 0 candidate(s); 0 funded, 0.000% total risk

===== cycle 2026-08-19 02:38:01 UTC (host local 2026-08-18 19:38:01) =====
DEMO GATE OK -> 1514166963 FTMO-Demo equity 99430.84
  bar-vs-tick gap 2s (diagnostic only; freshness is decided by clock_state after exits and reconciliation)
PREFLIGHT OK -- account, clock, data, state, ledgers all verified
  CLOCK FEED_FRESH: feed advancing, age in band, host within tolerance
profit -0.51%  daily headroom 5.00%  total headroom 9.49%  trading days 2

  DESK CLOCK 2026-08-19 03:38 London (broker)
  MARKET EURUSD      STRONG_TREND,AT_HTF_LEVEL,RISK_OFF
  MARKET US100.cash  TRANSITION,COMPRESSION,AT_HTF_LEVEL,RISK_OFF
  MARKET US500.cash  WEAK_TREND,COMPRESSION,AT_HTF_LEVEL,RISK_OFF
  MARKET XAUUSD      WEAK_TREND,AT_HTF_LEVEL,RISK_OFF
  BOT_A_gold_0630_breakout: no trade -- outside window: 03:38 London, opens 06:30 closes 16:00
  BOT_B_nas100_usopen_breakout: NOT ELIGIBLE -- regime TRANSITION is structurally wrong for this bot
  BOT_C_sp500_london_breakout: no trade -- outside window: 03:38 London, opens 08:00 closes 16:30
  BOT_D_gold_ny_breakout: no trade -- outside window: 03:38 London, opens 14:30 closes 20:00
  BOT_E_eurusd_london_breakout: no trade -- outside window: 03:38 London, opens 08:00 closes 17:00
  BOT_F_nas100_vwap_reversion: NOT ELIGIBLE -- regime TRANSITION is structurally wrong for this bot
  BOT_G_nas100_h4_pullback: NOT ELIGIBLE -- regime TRANSITION is structurally wrong for this bot
  BOT_H_gold_sweep_reclaim: no trade -- outside window: 03:38 London

  CIO: 0 candidate(s); 0 funded, 0.000% total risk

===== cycle 2026-08-19 02:39:01 UTC (host local 2026-08-18 19:39:01) =====
DEMO GATE OK -> 1514166963 FTMO-Demo equity 99430.84
  bar-vs-tick gap 2s (diagnostic only; freshness is decided by clock_state after exits and reconciliation)
PREFLIGHT OK -- account, clock, data, state, ledgers all verified
  CLOCK FEED_FRESH: feed advancing, age in band, host within tolerance
profit -0.51%  daily headroom 5.00%  total headroom 9.49%  trading days 2

  DESK CLOCK 2026-08-19 03:39 London (broker)
  MARKET EURUSD      STRONG_TREND,AT_HTF_LEVEL,RISK_OFF
  MARKET US100.cash  TRANSITION,COMPRESSION,AT_HTF_LEVEL,RISK_OFF
  MARKET US500.cash  WEAK_TREND,COMPRESSION,AT_HTF_LEVEL,RISK_OFF
  MARKET XAUUSD      WEAK_TREND,AT_HTF_LEVEL,RISK_OFF
  BOT_A_gold_0630_breakout: no trade -- outside window: 03:39 London, opens 06:30 closes 16:00
  BOT_B_nas100_usopen_breakout: NOT ELIGIBLE -- regime TRANSITION is structurally wrong for this bot
  BOT_C_sp500_london_breakout: no trade -- outside window: 03:39 London, opens 08:00 closes 16:30
  BOT_D_gold_ny_breakout: no trade -- outside window: 03:39 London, opens 14:30 closes 20:00
  BOT_E_eurusd_london_breakout: no trade -- outside window: 03:39 London, opens 08:00 closes 17:00
  BOT_F_nas100_vwap_reversion: NOT ELIGIBLE -- regime TRANSITION is structurally wrong for this bot
  BOT_G_nas100_h4_pullback: NOT ELIGIBLE -- regime TRANSITION is structurally wrong for this bot
  BOT_H_gold_sweep_reclaim: no trade -- outside window: 03:39 London

  CIO: 0 candidate(s); 0 funded, 0.000% total risk

===== cycle 2026-08-19 02:40:01 UTC (host local 2026-08-18 19:40:01) =====
DEMO GATE OK -> 1514166963 FTMO-Demo equity 99430.84
  bar-vs-tick gap 2s (diagnostic only; freshness is decided by clock_state after exits and reconciliation)
PREFLIGHT OK -- account, clock, data, state, ledgers all verified
  CLOCK FEED_FRESH: feed advancing, age in band, host within tolerance
profit -0.51%  daily headroom 5.00%  total headroom 9.49%  trading days 2

  DESK CLOCK 2026-08-19 03:40 London (broker)
  MARKET EURUSD      STRONG_TREND,AT_HTF_LEVEL,RISK_OFF
  MARKET US100.cash  TRANSITION,COMPRESSION,AT_HTF_LEVEL,RISK_OFF
  MARKET US500.cash  WEAK_TREND,COMPRESSION,AT_HTF_LEVEL,RISK_OFF
  MARKET XAUUSD      WEAK_TREND,AT_HTF_LEVEL,RISK_OFF
  BOT_A_gold_0630_breakout: no trade -- outside window: 03:40 London, opens 06:30 closes 16:00
  BOT_B_nas100_usopen_breakout: NOT ELIGIBLE -- regime TRANSITION is structurally wrong for this bot
  BOT_C_sp500_london_breakout: no trade -- outside window: 03:40 London, opens 08:00 closes 16:30
  BOT_D_gold_ny_breakout: no trade -- outside window: 03:40 London, opens 14:30 closes 20:00
  BOT_E_eurusd_london_breakout: no trade -- outside window: 03:40 London, opens 08:00 closes 17:00
  BOT_F_nas100_vwap_reversion: NOT ELIGIBLE -- regime TRANSITION is structurally wrong for this bot
  BOT_G_nas100_h4_pullback: NOT ELIGIBLE -- regime TRANSITION is structurally wrong for this bot
  BOT_H_gold_sweep_reclaim: no trade -- outside window: 03:40 London

  CIO: 0 candidate(s); 0 funded, 0.000% total risk

===== cycle 2026-08-19 02:41:01 UTC (host local 2026-08-18 19:41:01) =====
DEMO GATE OK -> 1514166963 FTMO-Demo equity 99430.84
  bar-vs-tick gap 2s (diagnostic only; freshness is decided by clock_state after exits and reconciliation)
PREFLIGHT OK -- account, clock, data, state, ledgers all verified
  CLOCK FEED_FRESH: feed advancing, age in band, host within tolerance
profit -0.51%  daily headroom 5.00%  total headroom 9.49%  trading days 2

  DESK CLOCK 2026-08-19 03:41 London (broker)
  MARKET EURUSD      STRONG_TREND,AT_HTF_LEVEL,RISK_OFF
  MARKET US100.cash  TRANSITION,COMPRESSION,AT_HTF_LEVEL,RISK_OFF
  MARKET US500.cash  WEAK_TREND,COMPRESSION,AT_HTF_LEVEL,RISK_OFF
  MARKET XAUUSD      WEAK_TREND,AT_HTF_LEVEL,RISK_OFF
  BOT_A_gold_0630_breakout: no trade -- outside window: 03:41 London, opens 06:30 closes 16:00
  BOT_B_nas100_usopen_breakout: NOT ELIGIBLE -- regime TRANSITION is structurally wrong for this bot
  BOT_C_sp500_london_breakout: no trade -- outside window: 03:41 London, opens 08:00 closes 16:30
  BOT_D_gold_ny_breakout: no trade -- outside window: 03:41 London, opens 14:30 closes 20:00
  BOT_E_eurusd_london_breakout: no trade -- outside window: 03:41 London, opens 08:00 closes 17:00
  BOT_F_nas100_vwap_reversion: NOT ELIGIBLE -- regime TRANSITION is structurally wrong for this bot
  BOT_G_nas100_h4_pullback: NOT ELIGIBLE -- regime TRANSITION is structurally wrong for this bot
  BOT_H_gold_sweep_reclaim: no trade -- outside window: 03:41 London

  CIO: 0 candidate(s); 0 funded, 0.000% total risk

===== cycle 2026-08-19 02:42:01 UTC (host local 2026-08-18 19:42:01) =====
DEMO GATE OK -> 1514166963 FTMO-Demo equity 99430.84
  bar-vs-tick gap 2s (diagnostic only; freshness is decided by clock_state after exits and reconciliation)
PREFLIGHT OK -- account, clock, data, state, ledgers all verified
  CLOCK FEED_FRESH: feed advancing, age in band, host within tolerance
profit -0.51%  daily headroom 5.00%  total headroom 9.49%  trading days 2

  DESK CLOCK 2026-08-19 03:42 London (broker)
  MARKET EURUSD      STRONG_TREND,AT_HTF_LEVEL,RISK_OFF
  MARKET US100.cash  TRANSITION,COMPRESSION,AT_HTF_LEVEL,RISK_OFF
  MARKET US500.cash  WEAK_TREND,COMPRESSION,AT_HTF_LEVEL,RISK_OFF
  MARKET XAUUSD      WEAK_TREND,AT_HTF_LEVEL,RISK_OFF
  BOT_A_gold_0630_breakout: no trade -- outside window: 03:42 London, opens 06:30 closes 16:00
  BOT_B_nas100_usopen_breakout: NOT ELIGIBLE -- regime TRANSITION is structurally wrong for this bot
  BOT_C_sp500_london_breakout: no trade -- outside window: 03:42 London, opens 08:00 closes 16:30
  BOT_D_gold_ny_breakout: no trade -- outside window: 03:42 London, opens 14:30 closes 20:00
  BOT_E_eurusd_london_breakout: no trade -- outside window: 03:42 London, opens 08:00 closes 17:00
  BOT_F_nas100_vwap_reversion: NOT ELIGIBLE -- regime TRANSITION is structurally wrong for this bot
  BOT_G_nas100_h4_pullback: NOT ELIGIBLE -- regime TRANSITION is structurally wrong for this bot
  BOT_H_gold_sweep_reclaim: no trade -- outside window: 03:42 London

  CIO: 0 candidate(s); 0 funded, 0.000% total risk

===== cycle 2026-08-19 02:43:01 UTC (host local 2026-08-18 19:43:01) =====
DEMO GATE OK -> 1514166963 FTMO-Demo equity 99430.84
  bar-vs-tick gap 2s (diagnostic only; freshness is decided by clock_state after exits and reconciliation)
PREFLIGHT OK -- account, clock, data, state, ledgers all verified
  CLOCK FEED_FRESH: feed advancing, age in band, host within tolerance
profit -0.51%  daily headroom 5.00%  total headroom 9.49%  trading days 2

  DESK CLOCK 2026-08-19 03:43 London (broker)
  MARKET EURUSD      STRONG_TREND,AT_HTF_LEVEL,RISK_OFF
  MARKET US100.cash  TRANSITION,COMPRESSION,AT_HTF_LEVEL,RISK_OFF
  MARKET US500.cash  WEAK_TREND,COMPRESSION,AT_HTF_LEVEL,RISK_OFF
  MARKET XAUUSD      WEAK_TREND,AT_HTF_LEVEL,RISK_OFF
  BOT_A_gold_0630_breakout: no trade -- outside window: 03:43 London, opens 06:30 closes 16:00
  BOT_B_nas100_usopen_breakout: NOT ELIGIBLE -- regime TRANSITION is structurally wrong for this bot
  BOT_C_sp500_london_breakout: no trade -- outside window: 03:43 London, opens 08:00 closes 16:30
  BOT_D_gold_ny_breakout: no trade -- outside window: 03:43 London, opens 14:30 closes 20:00
  BOT_E_eurusd_london_breakout: no trade -- outside window: 03:43 London, opens 08:00 closes 17:00
  BOT_F_nas100_vwap_reversion: NOT ELIGIBLE -- regime TRANSITION is structurally wrong for this bot
  BOT_G_nas100_h4_pullback: NOT ELIGIBLE -- regime TRANSITION is structurally wrong for this bot
  BOT_H_gold_sweep_reclaim: no trade -- outside window: 03:43 London

  CIO: 0 candidate(s); 0 funded, 0.000% total risk

===== cycle 2026-08-19 02:44:01 UTC (host local 2026-08-18 19:44:01) =====
DEMO GATE OK -> 1514166963 FTMO-Demo equity 99430.84
  bar-vs-tick gap 2s (diagnostic only; freshness is decided by clock_state after exits and reconciliation)
PREFLIGHT OK -- account, clock, data, state, ledgers all verified
  CLOCK FEED_FRESH: feed advancing, age in band, host within tolerance
profit -0.51%  daily headroom 5.00%  total headroom 9.49%  trading days 2

  DESK CLOCK 2026-08-19 03:44 London (broker)
  MARKET EURUSD      STRONG_TREND,AT_HTF_LEVEL,RISK_OFF
  MARKET US100.cash  TRANSITION,COMPRESSION,AT_HTF_LEVEL,RISK_OFF
  MARKET US500.cash  WEAK_TREND,COMPRESSION,AT_HTF_LEVEL,RISK_OFF
  MARKET XAUUSD      WEAK_TREND,AT_HTF_LEVEL,RISK_OFF
  BOT_A_gold_0630_breakout: no trade -- outside window: 03:44 London, opens 06:30 closes 16:00
  BOT_B_nas100_usopen_breakout: NOT ELIGIBLE -- regime TRANSITION is structurally wrong for this bot
  BOT_C_sp500_london_breakout: no trade -- outside window: 03:44 London, opens 08:00 closes 16:30
  BOT_D_gold_ny_breakout: no trade -- outside window: 03:44 London, opens 14:30 closes 20:00
  BOT_E_eurusd_london_breakout: no trade -- outside window: 03:44 London, opens 08:00 closes 17:00
  BOT_F_nas100_vwap_reversion: NOT ELIGIBLE -- regime TRANSITION is structurally wrong for this bot
  BOT_G_nas100_h4_pullback: NOT ELIGIBLE -- regime TRANSITION is structurally wrong for this bot
  BOT_H_gold_sweep_reclaim: no trade -- outside window: 03:44 London

  CIO: 0 candidate(s); 0 funded, 0.000% total risk

===== cycle 2026-08-19 02:45:01 UTC (host local 2026-08-18 19:45:01) =====
DEMO GATE OK -> 1514166963 FTMO-Demo equity 99430.84
  bar-vs-tick gap 2s (diagnostic only; freshness is decided by clock_state after exits and reconciliation)
PREFLIGHT OK -- account, clock, data, state, ledgers all verified
  CLOCK FEED_FRESH: feed advancing, age in band, host within tolerance
profit -0.51%  daily headroom 5.00%  total headroom 9.49%  trading days 2

  DESK CLOCK 2026-08-19 03:45 London (broker)
  MARKET EURUSD      STRONG_TREND,AT_HTF_LEVEL,RISK_OFF
  MARKET US100.cash  TRANSITION,COMPRESSION,AT_HTF_LEVEL,RISK_OFF
  MARKET US500.cash  WEAK_TREND,COMPRESSION,AT_HTF_LEVEL,RISK_OFF
  MARKET XAUUSD      WEAK_TREND,AT_HTF_LEVEL,RISK_OFF
  BOT_A_gold_0630_breakout: no trade -- outside window: 03:45 London, opens 06:30 closes 16:00
  BOT_B_nas100_usopen_breakout: NOT ELIGIBLE -- regime TRANSITION is structurally wrong for this bot
  BOT_C_sp500_london_breakout: no trade -- outside window: 03:45 London, opens 08:00 closes 16:30
  BOT_D_gold_ny_breakout: no trade -- outside window: 03:45 London, opens 14:30 closes 20:00
  BOT_E_eurusd_london_breakout: no trade -- outside window: 03:45 London, opens 08:00 closes 17:00
  BOT_F_nas100_vwap_reversion: NOT ELIGIBLE -- regime TRANSITION is structurally wrong for this bot
  BOT_G_nas100_h4_pullback: NOT ELIGIBLE -- regime TRANSITION is structurally wrong for this bot
  BOT_H_gold_sweep_reclaim: no trade -- outside window: 03:45 London

  CIO: 0 candidate(s); 0 funded, 0.000% total risk

===== cycle 2026-08-19 02:46:01 UTC (host local 2026-08-18 19:46:01) =====
DEMO GATE OK -> 1514166963 FTMO-Demo equity 99430.84
  bar-vs-tick gap 2s (diagnostic only; freshness is decided by clock_state after exits and reconciliation)
PREFLIGHT OK -- account, clock, data, state, ledgers all verified
  CLOCK FEED_FRESH: feed advancing, age in band, host within tolerance
profit -0.51%  daily headroom 5.00%  total headroom 9.49%  trading days 2

  DESK CLOCK 2026-08-19 03:46 London (broker)
  MARKET EURUSD      STRONG_TREND,AT_HTF_LEVEL,RISK_OFF
  MARKET US100.cash  TRANSITION,COMPRESSION,AT_HTF_LEVEL,RISK_OFF
  MARKET US500.cash  WEAK_TREND,COMPRESSION,AT_HTF_LEVEL,RISK_OFF
  MARKET XAUUSD      WEAK_TREND,AT_HTF_LEVEL,RISK_OFF
  BOT_A_gold_0630_breakout: no trade -- outside window: 03:46 London, opens 06:30 closes 16:00
  BOT_B_nas100_usopen_breakout: NOT ELIGIBLE -- regime TRANSITION is structurally wrong for this bot
  BOT_C_sp500_london_breakout: no trade -- outside window: 03:46 London, opens 08:00 closes 16:30
  BOT_D_gold_ny_breakout: no trade -- outside window: 03:46 London, opens 14:30 closes 20:00
  BOT_E_eurusd_london_breakout: no trade -- outside window: 03:46 London, opens 08:00 closes 17:00
  BOT_F_nas100_vwap_reversion: NOT ELIGIBLE -- regime TRANSITION is structurally wrong for this bot
  BOT_G_nas100_h4_pullback: NOT ELIGIBLE -- regime TRANSITION is structurally wrong for this bot
  BOT_H_gold_sweep_reclaim: no trade -- outside window: 03:46 London

  CIO: 0 candidate(s); 0 funded, 0.000% total risk

===== cycle 2026-08-19 02:47:01 UTC (host local 2026-08-18 19:47:01) =====
DEMO GATE OK -> 1514166963 FTMO-Demo equity 99430.84
  bar-vs-tick gap 2s (diagnostic only; freshness is decided by clock_state after exits and reconciliation)
PREFLIGHT OK -- account, clock, data, state, ledgers all verified
  CLOCK FEED_FRESH: feed advancing, age in band, host within tolerance
profit -0.51%  daily headroom 5.00%  total headroom 9.49%  trading days 2

  DESK CLOCK 2026-08-19 03:47 London (broker)
  MARKET EURUSD      STRONG_TREND,AT_HTF_LEVEL,RISK_OFF
  MARKET US100.cash  TRANSITION,COMPRESSION,AT_HTF_LEVEL,RISK_OFF
  MARKET US500.cash  WEAK_TREND,COMPRESSION,AT_HTF_LEVEL,RISK_OFF
  MARKET XAUUSD      WEAK_TREND,AT_HTF_LEVEL,RISK_OFF
  BOT_A_gold_0630_breakout: no trade -- outside window: 03:47 London, opens 06:30 closes 16:00
  BOT_B_nas100_usopen_breakout: NOT ELIGIBLE -- regime TRANSITION is structurally wrong for this bot
  BOT_C_sp500_london_breakout: no trade -- outside window: 03:47 London, opens 08:00 closes 16:30
  BOT_D_gold_ny_breakout: no trade -- outside window: 03:47 London, opens 14:30 closes 20:00
  BOT_E_eurusd_london_breakout: no trade -- outside window: 03:47 London, opens 08:00 closes 17:00
  BOT_F_nas100_vwap_reversion: NOT ELIGIBLE -- regime TRANSITION is structurally wrong for this bot
  BOT_G_nas100_h4_pullback: NOT ELIGIBLE -- regime TRANSITION is structurally wrong for this bot
  BOT_H_gold_sweep_reclaim: no trade -- outside window: 03:47 London

  CIO: 0 candidate(s); 0 funded, 0.000% total risk

===== cycle 2026-08-19 02:48:01 UTC (host local 2026-08-18 19:48:01) =====
DEMO GATE OK -> 1514166963 FTMO-Demo equity 99430.84
  bar-vs-tick gap 2s (diagnostic only; freshness is decided by clock_state after exits and reconciliation)
PREFLIGHT OK -- account, clock, data, state, ledgers all verified
  CLOCK FEED_FRESH: feed advancing, age in band, host within tolerance
profit -0.51%  daily headroom 5.00%  total headroom 9.49%  trading days 2

  DESK CLOCK 2026-08-19 03:48 London (broker)
  MARKET EURUSD      STRONG_TREND,AT_HTF_LEVEL,RISK_OFF
  MARKET US100.cash  TRANSITION,COMPRESSION,AT_HTF_LEVEL,RISK_OFF
  MARKET US500.cash  WEAK_TREND,COMPRESSION,AT_HTF_LEVEL,RISK_OFF
  MARKET XAUUSD      WEAK_TREND,AT_HTF_LEVEL,RISK_OFF
  BOT_A_gold_0630_breakout: no trade -- outside window: 03:48 London, opens 06:30 closes 16:00
  BOT_B_nas100_usopen_breakout: NOT ELIGIBLE -- regime TRANSITION is structurally wrong for this bot
  BOT_C_sp500_london_breakout: no trade -- outside window: 03:48 London, opens 08:00 closes 16:30
  BOT_D_gold_ny_breakout: no trade -- outside window: 03:48 London, opens 14:30 closes 20:00
  BOT_E_eurusd_london_breakout: no trade -- outside window: 03:48 London, opens 08:00 closes 17:00
  BOT_F_nas100_vwap_reversion: NOT ELIGIBLE -- regime TRANSITION is structurally wrong for this bot
  BOT_G_nas100_h4_pullback: NOT ELIGIBLE -- regime TRANSITION is structurally wrong for this bot
  BOT_H_gold_sweep_reclaim: no trade -- outside window: 03:48 London

  CIO: 0 candidate(s); 0 funded, 0.000% total risk

===== cycle 2026-08-19 02:49:01 UTC (host local 2026-08-18 19:49:01) =====
DEMO GATE OK -> 1514166963 FTMO-Demo equity 99430.84
  bar-vs-tick gap 2s (diagnostic only; freshness is decided by clock_state after exits and reconciliation)
PREFLIGHT OK -- account, clock, data, state, ledgers all verified
  CLOCK FEED_FRESH: feed advancing, age in band, host within tolerance
profit -0.51%  daily headroom 5.00%  total headroom 9.49%  trading days 2

  DESK CLOCK 2026-08-19 03:49 London (broker)
  MARKET EURUSD      STRONG_TREND,AT_HTF_LEVEL,RISK_OFF
  MARKET US100.cash  TRANSITION,COMPRESSION,AT_HTF_LEVEL,RISK_OFF
  MARKET US500.cash  WEAK_TREND,COMPRESSION,AT_HTF_LEVEL,RISK_OFF
  MARKET XAUUSD      WEAK_TREND,AT_HTF_LEVEL,RISK_OFF
  BOT_A_gold_0630_breakout: no trade -- outside window: 03:49 London, opens 06:30 closes 16:00
  BOT_B_nas100_usopen_breakout: NOT ELIGIBLE -- regime TRANSITION is structurally wrong for this bot
  BOT_C_sp500_london_breakout: no trade -- outside window: 03:49 London, opens 08:00 closes 16:30
  BOT_D_gold_ny_breakout: no trade -- outside window: 03:49 London, opens 14:30 closes 20:00
  BOT_E_eurusd_london_breakout: no trade -- outside window: 03:49 London, opens 08:00 closes 17:00
  BOT_F_nas100_vwap_reversion: NOT ELIGIBLE -- regime TRANSITION is structurally wrong for this bot
  BOT_G_nas100_h4_pullback: NOT ELIGIBLE -- regime TRANSITION is structurally wrong for this bot
  BOT_H_gold_sweep_reclaim: no trade -- outside window: 03:49 London

  CIO: 0 candidate(s); 0 funded, 0.000% total risk

===== cycle 2026-08-19 02:50:01 UTC (host local 2026-08-18 19:50:01) =====
DEMO GATE OK -> 1514166963 FTMO-Demo equity 99430.84
  bar-vs-tick gap 2s (diagnostic only; freshness is decided by clock_state after exits and reconciliation)
PREFLIGHT OK -- account, clock, data, state, ledgers all verified
  CLOCK FEED_FRESH: feed advancing, age in band, host within tolerance
profit -0.51%  daily headroom 5.00%  total headroom 9.49%  trading days 2

  DESK CLOCK 2026-08-19 03:50 London (broker)
  MARKET EURUSD      STRONG_TREND,AT_HTF_LEVEL,RISK_OFF
  MARKET US100.cash  TRANSITION,COMPRESSION,AT_HTF_LEVEL,RISK_OFF
  MARKET US500.cash  WEAK_TREND,COMPRESSION,AT_HTF_LEVEL,RISK_OFF
  MARKET XAUUSD      WEAK_TREND,AT_HTF_LEVEL,RISK_OFF
  BOT_A_gold_0630_breakout: no trade -- outside window: 03:50 London, opens 06:30 closes 16:00
  BOT_B_nas100_usopen_breakout: NOT ELIGIBLE -- regime TRANSITION is structurally wrong for this bot
  BOT_C_sp500_london_breakout: no trade -- outside window: 03:50 London, opens 08:00 closes 16:30
  BOT_D_gold_ny_breakout: no trade -- outside window: 03:50 London, opens 14:30 closes 20:00
  BOT_E_eurusd_london_breakout: no trade -- outside window: 03:50 London, opens 08:00 closes 17:00
  BOT_F_nas100_vwap_reversion: NOT ELIGIBLE -- regime TRANSITION is structurally wrong for this bot
  BOT_G_nas100_h4_pullback: NOT ELIGIBLE -- regime TRANSITION is structurally wrong for this bot
  BOT_H_gold_sweep_reclaim: no trade -- outside window: 03:50 London

  CIO: 0 candidate(s); 0 funded, 0.000% total risk

===== cycle 2026-08-19 02:51:01 UTC (host local 2026-08-18 19:51:01) =====
DEMO GATE OK -> 1514166963 FTMO-Demo equity 99430.84
  bar-vs-tick gap 2s (diagnostic only; freshness is decided by clock_state after exits and reconciliation)
PREFLIGHT OK -- account, clock, data, state, ledgers all verified
  CLOCK FEED_FRESH: feed advancing, age in band, host within tolerance
profit -0.51%  daily headroom 5.00%  total headroom 9.49%  trading days 2

  DESK CLOCK 2026-08-19 03:51 London (broker)
  MARKET EURUSD      STRONG_TREND,AT_HTF_LEVEL,RISK_OFF
  MARKET US100.cash  TRANSITION,COMPRESSION,AT_HTF_LEVEL,RISK_OFF
  MARKET US500.cash  WEAK_TREND,COMPRESSION,AT_HTF_LEVEL,RISK_OFF
  MARKET XAUUSD      WEAK_TREND,AT_HTF_LEVEL,RISK_OFF
  BOT_A_gold_0630_breakout: no trade -- outside window: 03:51 London, opens 06:30 closes 16:00
  BOT_B_nas100_usopen_breakout: NOT ELIGIBLE -- regime TRANSITION is structurally wrong for this bot
  BOT_C_sp500_london_breakout: no trade -- outside window: 03:51 London, opens 08:00 closes 16:30
  BOT_D_gold_ny_breakout: no trade -- outside window: 03:51 London, opens 14:30 closes 20:00
  BOT_E_eurusd_london_breakout: no trade -- outside window: 03:51 London, opens 08:00 closes 17:00
  BOT_F_nas100_vwap_reversion: NOT ELIGIBLE -- regime TRANSITION is structurally wrong for this bot
  BOT_G_nas100_h4_pullback: NOT ELIGIBLE -- regime TRANSITION is structurally wrong for this bot
  BOT_H_gold_sweep_reclaim: no trade -- outside window: 03:51 London

  CIO: 0 candidate(s); 0 funded, 0.000% total risk

===== cycle 2026-08-19 02:52:01 UTC (host local 2026-08-18 19:52:01) =====
DEMO GATE OK -> 1514166963 FTMO-Demo equity 99430.84
  bar-vs-tick gap 2s (diagnostic only; freshness is decided by clock_state after exits and reconciliation)
PREFLIGHT OK -- account, clock, data, state, ledgers all verified
  CLOCK FEED_FRESH: feed advancing, age in band, host within tolerance
profit -0.51%  daily headroom 5.00%  total headroom 9.49%  trading days 2

  DESK CLOCK 2026-08-19 03:52 London (broker)
  MARKET EURUSD      STRONG_TREND,AT_HTF_LEVEL,RISK_OFF
  MARKET US100.cash  TRANSITION,COMPRESSION,AT_HTF_LEVEL,RISK_OFF
  MARKET US500.cash  WEAK_TREND,COMPRESSION,AT_HTF_LEVEL,RISK_OFF
  MARKET XAUUSD      WEAK_TREND,AT_HTF_LEVEL,RISK_OFF
  BOT_A_gold_0630_breakout: no trade -- outside window: 03:52 London, opens 06:30 closes 16:00
  BOT_B_nas100_usopen_breakout: NOT ELIGIBLE -- regime TRANSITION is structurally wrong for this bot
  BOT_C_sp500_london_breakout: no trade -- outside window: 03:52 London, opens 08:00 closes 16:30
  BOT_D_gold_ny_breakout: no trade -- outside window: 03:52 London, opens 14:30 closes 20:00
  BOT_E_eurusd_london_breakout: no trade -- outside window: 03:52 London, opens 08:00 closes 17:00
  BOT_F_nas100_vwap_reversion: NOT ELIGIBLE -- regime TRANSITION is structurally wrong for this bot
  BOT_G_nas100_h4_pullback: NOT ELIGIBLE -- regime TRANSITION is structurally wrong for this bot
  BOT_H_gold_sweep_reclaim: no trade -- outside window: 03:52 London

  CIO: 0 candidate(s); 0 funded, 0.000% total risk

===== cycle 2026-08-19 02:53:01 UTC (host local 2026-08-18 19:53:01) =====
DEMO GATE OK -> 1514166963 FTMO-Demo equity 99430.84
  bar-vs-tick gap 2s (diagnostic only; freshness is decided by clock_state after exits and reconciliation)
PREFLIGHT OK -- account, clock, data, state, ledgers all verified
  CLOCK FEED_FRESH: feed advancing, age in band, host within tolerance
profit -0.51%  daily headroom 5.00%  total headroom 9.49%  trading days 2

  DESK CLOCK 2026-08-19 03:53 London (broker)
  MARKET EURUSD      STRONG_TREND,AT_HTF_LEVEL,RISK_OFF
  MARKET US100.cash  TRANSITION,COMPRESSION,AT_HTF_LEVEL,RISK_OFF
  MARKET US500.cash  WEAK_TREND,COMPRESSION,AT_HTF_LEVEL,RISK_OFF
  MARKET XAUUSD      WEAK_TREND,AT_HTF_LEVEL,RISK_OFF
  BOT_A_gold_0630_breakout: no trade -- outside window: 03:53 London, opens 06:30 closes 16:00
  BOT_B_nas100_usopen_breakout: NOT ELIGIBLE -- regime TRANSITION is structurally wrong for this bot
  BOT_C_sp500_london_breakout: no trade -- outside window: 03:53 London, opens 08:00 closes 16:30
  BOT_D_gold_ny_breakout: no trade -- outside window: 03:53 London, opens 14:30 closes 20:00
  BOT_E_eurusd_london_breakout: no trade -- outside window: 03:53 London, opens 08:00 closes 17:00
  BOT_F_nas100_vwap_reversion: NOT ELIGIBLE -- regime TRANSITION is structurally wrong for this bot
  BOT_G_nas100_h4_pullback: NOT ELIGIBLE -- regime TRANSITION is structurally wrong for this bot
  BOT_H_gold_sweep_reclaim: no trade -- outside window: 03:53 London

  CIO: 0 candidate(s); 0 funded, 0.000% total risk

===== cycle 2026-08-19 02:54:01 UTC (host local 2026-08-18 19:54:01) =====
DEMO GATE OK -> 1514166963 FTMO-Demo equity 99430.84
  bar-vs-tick gap 2s (diagnostic only; freshness is decided by clock_state after exits and reconciliation)
PREFLIGHT OK -- account, clock, data, state, ledgers all verified
  CLOCK FEED_FRESH: feed advancing, age in band, host within tolerance
profit -0.51%  daily headroom 5.00%  total headroom 9.49%  trading days 2

  DESK CLOCK 2026-08-19 03:54 London (broker)
  MARKET EURUSD      STRONG_TREND,AT_HTF_LEVEL,RISK_OFF
  MARKET US100.cash  TRANSITION,COMPRESSION,AT_HTF_LEVEL,RISK_OFF
  MARKET US500.cash  WEAK_TREND,COMPRESSION,AT_HTF_LEVEL,RISK_OFF
  MARKET XAUUSD      WEAK_TREND,AT_HTF_LEVEL,RISK_OFF
  BOT_A_gold_0630_breakout: no trade -- outside window: 03:54 London, opens 06:30 closes 16:00
  BOT_B_nas100_usopen_breakout: NOT ELIGIBLE -- regime TRANSITION is structurally wrong for this bot
  BOT_C_sp500_london_breakout: no trade -- outside window: 03:54 London, opens 08:00 closes 16:30
  BOT_D_gold_ny_breakout: no trade -- outside window: 03:54 London, opens 14:30 closes 20:00
  BOT_E_eurusd_london_breakout: no trade -- outside window: 03:54 London, opens 08:00 closes 17:00
  BOT_F_nas100_vwap_reversion: NOT ELIGIBLE -- regime TRANSITION is structurally wrong for this bot
  BOT_G_nas100_h4_pullback: NOT ELIGIBLE -- regime TRANSITION is structurally wrong for this bot
  BOT_H_gold_sweep_reclaim: no trade -- outside window: 03:54 London

  CIO: 0 candidate(s); 0 funded, 0.000% total risk

===== cycle 2026-08-19 02:55:01 UTC (host local 2026-08-18 19:55:01) =====
DEMO GATE OK -> 1514166963 FTMO-Demo equity 99430.84
  bar-vs-tick gap 2s (diagnostic only; freshness is decided by clock_state after exits and reconciliation)
PREFLIGHT OK -- account, clock, data, state, ledgers all verified
  CLOCK FEED_FRESH: feed advancing, age in band, host within tolerance
profit -0.51%  daily headroom 5.00%  total headroom 9.49%  trading days 2

  DESK CLOCK 2026-08-19 03:55 London (broker)
  MARKET EURUSD      STRONG_TREND,AT_HTF_LEVEL,RISK_OFF
  MARKET US100.cash  TRANSITION,COMPRESSION,AT_HTF_LEVEL,RISK_OFF
  MARKET US500.cash  WEAK_TREND,COMPRESSION,AT_HTF_LEVEL,RISK_OFF
  MARKET XAUUSD      WEAK_TREND,AT_HTF_LEVEL,RISK_OFF
  BOT_A_gold_0630_breakout: no trade -- outside window: 03:55 London, opens 06:30 closes 16:00
  BOT_B_nas100_usopen_breakout: NOT ELIGIBLE -- regime TRANSITION is structurally wrong for this bot
  BOT_C_sp500_london_breakout: no trade -- outside window: 03:55 London, opens 08:00 closes 16:30
  BOT_D_gold_ny_breakout: no trade -- outside window: 03:55 London, opens 14:30 closes 20:00
  BOT_E_eurusd_london_breakout: no trade -- outside window: 03:55 London, opens 08:00 closes 17:00
  BOT_F_nas100_vwap_reversion: NOT ELIGIBLE -- regime TRANSITION is structurally wrong for this bot
  BOT_G_nas100_h4_pullback: NOT ELIGIBLE -- regime TRANSITION is structurally wrong for this bot
  BOT_H_gold_sweep_reclaim: no trade -- outside window: 03:55 London

  CIO: 0 candidate(s); 0 funded, 0.000% total risk

===== cycle 2026-08-19 02:56:01 UTC (host local 2026-08-18 19:56:01) =====
DEMO GATE OK -> 1514166963 FTMO-Demo equity 99430.84
  bar-vs-tick gap 2s (diagnostic only; freshness is decided by clock_state after exits and reconciliation)
PREFLIGHT OK -- account, clock, data, state, ledgers all verified
  CLOCK FEED_FRESH: feed advancing, age in band, host within tolerance
profit -0.51%  daily headroom 5.00%  total headroom 9.49%  trading days 2

  DESK CLOCK 2026-08-19 03:56 London (broker)
  MARKET EURUSD      STRONG_TREND,AT_HTF_LEVEL,RISK_OFF
  MARKET US100.cash  TRANSITION,COMPRESSION,AT_HTF_LEVEL,RISK_OFF
  MARKET US500.cash  WEAK_TREND,COMPRESSION,AT_HTF_LEVEL,RISK_OFF
  MARKET XAUUSD      WEAK_TREND,AT_HTF_LEVEL,RISK_OFF
  BOT_A_gold_0630_breakout: no trade -- outside window: 03:56 London, opens 06:30 closes 16:00
  BOT_B_nas100_usopen_breakout: NOT ELIGIBLE -- regime TRANSITION is structurally wrong for this bot
  BOT_C_sp500_london_breakout: no trade -- outside window: 03:56 London, opens 08:00 closes 16:30
  BOT_D_gold_ny_breakout: no trade -- outside window: 03:56 London, opens 14:30 closes 20:00
  BOT_E_eurusd_london_breakout: no trade -- outside window: 03:56 London, opens 08:00 closes 17:00
  BOT_F_nas100_vwap_reversion: NOT ELIGIBLE -- regime TRANSITION is structurally wrong for this bot
  BOT_G_nas100_h4_pullback: NOT ELIGIBLE -- regime TRANSITION is structurally wrong for this bot
  BOT_H_gold_sweep_reclaim: no trade -- outside window: 03:56 London

  CIO: 0 candidate(s); 0 funded, 0.000% total risk

===== cycle 2026-08-19 02:57:01 UTC (host local 2026-08-18 19:57:01) =====
DEMO GATE OK -> 1514166963 FTMO-Demo equity 99430.84
  bar-vs-tick gap 2s (diagnostic only; freshness is decided by clock_state after exits and reconciliation)
PREFLIGHT OK -- account, clock, data, state, ledgers all verified
  CLOCK FEED_FRESH: feed advancing, age in band, host within tolerance
profit -0.51%  daily headroom 5.00%  total headroom 9.49%  trading days 2

  DESK CLOCK 2026-08-19 03:57 London (broker)
  MARKET EURUSD      STRONG_TREND,AT_HTF_LEVEL,RISK_OFF
  MARKET US100.cash  TRANSITION,COMPRESSION,AT_HTF_LEVEL,RISK_OFF
  MARKET US500.cash  WEAK_TREND,COMPRESSION,AT_HTF_LEVEL,RISK_OFF
  MARKET XAUUSD      WEAK_TREND,AT_HTF_LEVEL,RISK_OFF
  BOT_A_gold_0630_breakout: no trade -- outside window: 03:57 London, opens 06:30 closes 16:00
  BOT_B_nas100_usopen_breakout: NOT ELIGIBLE -- regime TRANSITION is structurally wrong for this bot
  BOT_C_sp500_london_breakout: no trade -- outside window: 03:57 London, opens 08:00 closes 16:30
  BOT_D_gold_ny_breakout: no trade -- outside window: 03:57 London, opens 14:30 closes 20:00
  BOT_E_eurusd_london_breakout: no trade -- outside window: 03:57 London, opens 08:00 closes 17:00
  BOT_F_nas100_vwap_reversion: NOT ELIGIBLE -- regime TRANSITION is structurally wrong for this bot
  BOT_G_nas100_h4_pullback: NOT ELIGIBLE -- regime TRANSITION is structurally wrong for this bot
  BOT_H_gold_sweep_reclaim: no trade -- outside window: 03:57 London

  CIO: 0 candidate(s); 0 funded, 0.000% total risk

===== cycle 2026-08-19 02:58:02 UTC (host local 2026-08-18 19:58:02) =====
DEMO GATE OK -> 1514166963 FTMO-Demo equity 99430.84
  bar-vs-tick gap 2s (diagnostic only; freshness is decided by clock_state after exits and reconciliation)
PREFLIGHT OK -- account, clock, data, state, ledgers all verified
  CLOCK FEED_FRESH: feed advancing, age in band, host within tolerance
profit -0.51%  daily headroom 5.00%  total headroom 9.49%  trading days 2

  DESK CLOCK 2026-08-19 03:58 London (broker)
  MARKET EURUSD      STRONG_TREND,AT_HTF_LEVEL,RISK_OFF
  MARKET US100.cash  TRANSITION,COMPRESSION,AT_HTF_LEVEL,RISK_OFF
  MARKET US500.cash  WEAK_TREND,COMPRESSION,AT_HTF_LEVEL,RISK_OFF
  MARKET XAUUSD      WEAK_TREND,AT_HTF_LEVEL,RISK_OFF
  BOT_A_gold_0630_breakout: no trade -- outside window: 03:58 London, opens 06:30 closes 16:00
  BOT_B_nas100_usopen_breakout: NOT ELIGIBLE -- regime TRANSITION is structurally wrong for this bot
  BOT_C_sp500_london_breakout: no trade -- outside window: 03:58 London, opens 08:00 closes 16:30
  BOT_D_gold_ny_breakout: no trade -- outside window: 03:58 London, opens 14:30 closes 20:00
  BOT_E_eurusd_london_breakout: no trade -- outside window: 03:58 London, opens 08:00 closes 17:00
  BOT_F_nas100_vwap_reversion: NOT ELIGIBLE -- regime TRANSITION is structurally wrong for this bot
  BOT_G_nas100_h4_pullback: NOT ELIGIBLE -- regime TRANSITION is structurally wrong for this bot
  BOT_H_gold_sweep_reclaim: no trade -- outside window: 03:58 London

  CIO: 0 candidate(s); 0 funded, 0.000% total risk

===== cycle 2026-08-19 02:59:01 UTC (host local 2026-08-18 19:59:01) =====
DEMO GATE OK -> 1514166963 FTMO-Demo equity 99430.84
  bar-vs-tick gap 2s (diagnostic only; freshness is decided by clock_state after exits and reconciliation)
PREFLIGHT OK -- account, clock, data, state, ledgers all verified
  CLOCK FEED_FRESH: feed advancing, age in band, host within tolerance
profit -0.51%  daily headroom 5.00%  total headroom 9.49%  trading days 2

  DESK CLOCK 2026-08-19 03:59 London (broker)
  MARKET EURUSD      STRONG_TREND,AT_HTF_LEVEL,RISK_OFF
  MARKET US100.cash  TRANSITION,COMPRESSION,AT_HTF_LEVEL,RISK_OFF
  MARKET US500.cash  WEAK_TREND,COMPRESSION,AT_HTF_LEVEL,RISK_OFF
  MARKET XAUUSD      WEAK_TREND,AT_HTF_LEVEL,RISK_OFF
  BOT_A_gold_0630_breakout: no trade -- outside window: 03:59 London, opens 06:30 closes 16:00
  BOT_B_nas100_usopen_breakout: NOT ELIGIBLE -- regime TRANSITION is structurally wrong for this bot
  BOT_C_sp500_london_breakout: no trade -- outside window: 03:59 London, opens 08:00 closes 16:30
  BOT_D_gold_ny_breakout: no trade -- outside window: 03:59 London, opens 14:30 closes 20:00
  BOT_E_eurusd_london_breakout: no trade -- outside window: 03:59 London, opens 08:00 closes 17:00
  BOT_F_nas100_vwap_reversion: NOT ELIGIBLE -- regime TRANSITION is structurally wrong for this bot
  BOT_G_nas100_h4_pullback: NOT ELIGIBLE -- regime TRANSITION is structurally wrong for this bot
  BOT_H_gold_sweep_reclaim: no trade -- outside window: 03:59 London

  CIO: 0 candidate(s); 0 funded, 0.000% total risk

===== cycle 2026-08-19 03:00:02 UTC (host local 2026-08-18 20:00:02) =====
DEMO GATE OK -> 1514166963 FTMO-Demo equity 99430.84
  bar-vs-tick gap 2s (diagnostic only; freshness is decided by clock_state after exits and reconciliation)
PREFLIGHT OK -- account, clock, data, state, ledgers all verified
  CLOCK FEED_FRESH: feed advancing, age in band, host within tolerance
profit -0.51%  daily headroom 5.00%  total headroom 9.49%  trading days 2

  DESK CLOCK 2026-08-19 04:00 London (broker)
  MARKET EURUSD      STRONG_TREND,AT_HTF_LEVEL,RISK_OFF
  MARKET US100.cash  TRANSITION,COMPRESSION,AT_HTF_LEVEL,RISK_OFF
  MARKET US500.cash  WEAK_TREND,COMPRESSION,AT_HTF_LEVEL,RISK_OFF
  MARKET XAUUSD      WEAK_TREND,AT_HTF_LEVEL,RISK_OFF
  BOT_A_gold_0630_breakout: no trade -- outside window: 04:00 London, opens 06:30 closes 16:00
  BOT_B_nas100_usopen_breakout: NOT ELIGIBLE -- regime TRANSITION is structurally wrong for this bot
  BOT_C_sp500_london_breakout: no trade -- outside window: 04:00 London, opens 08:00 closes 16:30
  BOT_D_gold_ny_breakout: no trade -- outside window: 04:00 London, opens 14:30 closes 20:00
  BOT_E_eurusd_london_breakout: no trade -- outside window: 04:00 London, opens 08:00 closes 17:00
  BOT_F_nas100_vwap_reversion: NOT ELIGIBLE -- regime TRANSITION is structurally wrong for this bot
  BOT_G_nas100_h4_pullback: NOT ELIGIBLE -- regime TRANSITION is structurally wrong for this bot
  BOT_H_gold_sweep_reclaim: no trade -- outside window: 04:00 London

  CIO: 0 candidate(s); 0 funded, 0.000% total risk

===== cycle 2026-08-19 03:01:02 UTC (host local 2026-08-18 20:01:02) =====
DEMO GATE OK -> 1514166963 FTMO-Demo equity 99430.84
  bar-vs-tick gap 2s (diagnostic only; freshness is decided by clock_state after exits and reconciliation)
PREFLIGHT OK -- account, clock, data, state, ledgers all verified
  CLOCK FEED_FRESH: feed advancing, age in band, host within tolerance
profit -0.51%  daily headroom 5.00%  total headroom 9.49%  trading days 2

  DESK CLOCK 2026-08-19 04:01 London (broker)
  MARKET EURUSD      STRONG_TREND,AT_HTF_LEVEL,RISK_OFF
  MARKET US100.cash  TRANSITION,COMPRESSION,AT_HTF_LEVEL,RISK_OFF
  MARKET US500.cash  WEAK_TREND,COMPRESSION,AT_HTF_LEVEL,RISK_OFF
  MARKET XAUUSD      WEAK_TREND,AT_HTF_LEVEL,RISK_OFF
  BOT_A_gold_0630_breakout: no trade -- outside window: 04:01 London, opens 06:30 closes 16:00
  BOT_B_nas100_usopen_breakout: NOT ELIGIBLE -- regime TRANSITION is structurally wrong for this bot
  BOT_C_sp500_london_breakout: no trade -- outside window: 04:01 London, opens 08:00 closes 16:30
  BOT_D_gold_ny_breakout: no trade -- outside window: 04:01 London, opens 14:30 closes 20:00
  BOT_E_eurusd_london_breakout: no trade -- outside window: 04:01 London, opens 08:00 closes 17:00
  BOT_F_nas100_vwap_reversion: NOT ELIGIBLE -- regime TRANSITION is structurally wrong for this bot
  BOT_G_nas100_h4_pullback: NOT ELIGIBLE -- regime TRANSITION is structurally wrong for this bot
  BOT_H_gold_sweep_reclaim: no trade -- outside window: 04:01 London

  CIO: 0 candidate(s); 0 funded, 0.000% total risk

===== cycle 2026-08-19 03:02:01 UTC (host local 2026-08-18 20:02:01) =====
DEMO GATE OK -> 1514166963 FTMO-Demo equity 99430.84
  bar-vs-tick gap 2s (diagnostic only; freshness is decided by clock_state after exits and reconciliation)
PREFLIGHT OK -- account, clock, data, state, ledgers all verified
  CLOCK FEED_FRESH: feed advancing, age in band, host within tolerance
profit -0.51%  daily headroom 5.00%  total headroom 9.49%  trading days 2

  DESK CLOCK 2026-08-19 04:02 London (broker)
  MARKET EURUSD      STRONG_TREND,AT_HTF_LEVEL,RISK_OFF
  MARKET US100.cash  TRANSITION,COMPRESSION,AT_HTF_LEVEL,RISK_OFF
  MARKET US500.cash  WEAK_TREND,COMPRESSION,AT_HTF_LEVEL,RISK_ON
  MARKET XAUUSD      WEAK_TREND,AT_HTF_LEVEL,RISK_OFF
  BOT_A_gold_0630_breakout: no trade -- outside window: 04:02 London, opens 06:30 closes 16:00
  BOT_B_nas100_usopen_breakout: NOT ELIGIBLE -- regime TRANSITION is structurally wrong for this bot
  BOT_C_sp500_london_breakout: no trade -- outside window: 04:02 London, opens 08:00 closes 16:30
  BOT_D_gold_ny_breakout: no trade -- outside window: 04:02 London, opens 14:30 closes 20:00
  BOT_E_eurusd_london_breakout: no trade -- outside window: 04:02 London, opens 08:00 closes 17:00
  BOT_F_nas100_vwap_reversion: NOT ELIGIBLE -- regime TRANSITION is structurally wrong for this bot
  BOT_G_nas100_h4_pullback: NOT ELIGIBLE -- regime TRANSITION is structurally wrong for this bot
  BOT_H_gold_sweep_reclaim: no trade -- outside window: 04:02 London

  CIO: 0 candidate(s); 0 funded, 0.000% total risk

===== cycle 2026-08-19 03:03:02 UTC (host local 2026-08-18 20:03:02) =====
DEMO GATE OK -> 1514166963 FTMO-Demo equity 99430.84
  bar-vs-tick gap 2s (diagnostic only; freshness is decided by clock_state after exits and reconciliation)
PREFLIGHT OK -- account, clock, data, state, ledgers all verified
  CLOCK FEED_FRESH: feed advancing, age in band, host within tolerance
profit -0.51%  daily headroom 5.00%  total headroom 9.49%  trading days 2

  DESK CLOCK 2026-08-19 04:03 London (broker)
  MARKET EURUSD      STRONG_TREND,AT_HTF_LEVEL,RISK_OFF
  MARKET US100.cash  TRANSITION,COMPRESSION,AT_HTF_LEVEL,RISK_OFF
  MARKET US500.cash  WEAK_TREND,COMPRESSION,AT_HTF_LEVEL,RISK_OFF
  MARKET XAUUSD      WEAK_TREND,AT_HTF_LEVEL,RISK_OFF
  BOT_A_gold_0630_breakout: no trade -- outside window: 04:03 London, opens 06:30 closes 16:00
  BOT_B_nas100_usopen_breakout: NOT ELIGIBLE -- regime TRANSITION is structurally wrong for this bot
  BOT_C_sp500_london_breakout: no trade -- outside window: 04:03 London, opens 08:00 closes 16:30
  BOT_D_gold_ny_breakout: no trade -- outside window: 04:03 London, opens 14:30 closes 20:00
  BOT_E_eurusd_london_breakout: no trade -- outside window: 04:03 London, opens 08:00 closes 17:00
  BOT_F_nas100_vwap_reversion: NOT ELIGIBLE -- regime TRANSITION is structurally wrong for this bot
  BOT_G_nas100_h4_pullback: NOT ELIGIBLE -- regime TRANSITION is structurally wrong for this bot
  BOT_H_gold_sweep_reclaim: no trade -- outside window: 04:03 London

  CIO: 0 candidate(s); 0 funded, 0.000% total risk

===== cycle 2026-08-19 03:04:02 UTC (host local 2026-08-18 20:04:02) =====
DEMO GATE OK -> 1514166963 FTMO-Demo equity 99430.84
  bar-vs-tick gap 2s (diagnostic only; freshness is decided by clock_state after exits and reconciliation)
PREFLIGHT OK -- account, clock, data, state, ledgers all verified
  CLOCK FEED_FRESH: feed advancing, age in band, host within tolerance
profit -0.51%  daily headroom 5.00%  total headroom 9.49%  trading days 2

  DESK CLOCK 2026-08-19 04:04 London (broker)
  MARKET EURUSD      STRONG_TREND,AT_HTF_LEVEL,RISK_OFF
  MARKET US100.cash  TRANSITION,COMPRESSION,AT_HTF_LEVEL,RISK_OFF
  MARKET US500.cash  WEAK_TREND,COMPRESSION,AT_HTF_LEVEL,RISK_OFF
  MARKET XAUUSD      WEAK_TREND,AT_HTF_LEVEL,RISK_OFF
  BOT_A_gold_0630_breakout: no trade -- outside window: 04:04 London, opens 06:30 closes 16:00
  BOT_B_nas100_usopen_breakout: NOT ELIGIBLE -- regime TRANSITION is structurally wrong for this bot
  BOT_C_sp500_london_breakout: no trade -- outside window: 04:04 London, opens 08:00 closes 16:30
  BOT_D_gold_ny_breakout: no trade -- outside window: 04:04 London, opens 14:30 closes 20:00
  BOT_E_eurusd_london_breakout: no trade -- outside window: 04:04 London, opens 08:00 closes 17:00
  BOT_F_nas100_vwap_reversion: NOT ELIGIBLE -- regime TRANSITION is structurally wrong for this bot
  BOT_G_nas100_h4_pullback: NOT ELIGIBLE -- regime TRANSITION is structurally wrong for this bot
  BOT_H_gold_sweep_reclaim: no trade -- outside window: 04:04 London

  CIO: 0 candidate(s); 0 funded, 0.000% total risk

===== cycle 2026-08-19 03:05:02 UTC (host local 2026-08-18 20:05:02) =====
DEMO GATE OK -> 1514166963 FTMO-Demo equity 99430.84
  bar-vs-tick gap 2s (diagnostic only; freshness is decided by clock_state after exits and reconciliation)
PREFLIGHT OK -- account, clock, data, state, ledgers all verified
  CLOCK FEED_FRESH: feed advancing, age in band, host within tolerance
profit -0.51%  daily headroom 5.00%  total headroom 9.49%  trading days 2

  DESK CLOCK 2026-08-19 04:05 London (broker)
  MARKET EURUSD      STRONG_TREND,AT_HTF_LEVEL,RISK_OFF
  MARKET US100.cash  TRANSITION,COMPRESSION,AT_HTF_LEVEL,RISK_OFF
  MARKET US500.cash  WEAK_TREND,COMPRESSION,AT_HTF_LEVEL,RISK_OFF
  MARKET XAUUSD      WEAK_TREND,AT_HTF_LEVEL,RISK_OFF
  BOT_A_gold_0630_breakout: no trade -- outside window: 04:05 London, opens 06:30 closes 16:00
  BOT_B_nas100_usopen_breakout: NOT ELIGIBLE -- regime TRANSITION is structurally wrong for this bot
  BOT_C_sp500_london_breakout: no trade -- outside window: 04:05 London, opens 08:00 closes 16:30
  BOT_D_gold_ny_breakout: no trade -- outside window: 04:05 London, opens 14:30 closes 20:00
  BOT_E_eurusd_london_breakout: no trade -- outside window: 04:05 London, opens 08:00 closes 17:00
  BOT_F_nas100_vwap_reversion: NOT ELIGIBLE -- regime TRANSITION is structurally wrong for this bot
  BOT_G_nas100_h4_pullback: NOT ELIGIBLE -- regime TRANSITION is structurally wrong for this bot
  BOT_H_gold_sweep_reclaim: no trade -- outside window: 04:05 London

  CIO: 0 candidate(s); 0 funded, 0.000% total risk

===== cycle 2026-08-19 03:06:02 UTC (host local 2026-08-18 20:06:02) =====
DEMO GATE OK -> 1514166963 FTMO-Demo equity 99430.84
  bar-vs-tick gap 2s (diagnostic only; freshness is decided by clock_state after exits and reconciliation)
PREFLIGHT OK -- account, clock, data, state, ledgers all verified
  CLOCK FEED_FRESH: feed advancing, age in band, host within tolerance
profit -0.51%  daily headroom 5.00%  total headroom 9.49%  trading days 2

  DESK CLOCK 2026-08-19 04:06 London (broker)
  MARKET EURUSD      STRONG_TREND,AT_HTF_LEVEL,RISK_OFF
  MARKET US100.cash  TRANSITION,COMPRESSION,AT_HTF_LEVEL,RISK_OFF
  MARKET US500.cash  WEAK_TREND,COMPRESSION,AT_HTF_LEVEL,RISK_OFF
  MARKET XAUUSD      WEAK_TREND,AT_HTF_LEVEL,RISK_OFF
  BOT_A_gold_0630_breakout: no trade -- outside window: 04:06 London, opens 06:30 closes 16:00
  BOT_B_nas100_usopen_breakout: NOT ELIGIBLE -- regime TRANSITION is structurally wrong for this bot
  BOT_C_sp500_london_breakout: no trade -- outside window: 04:06 London, opens 08:00 closes 16:30
  BOT_D_gold_ny_breakout: no trade -- outside window: 04:06 London, opens 14:30 closes 20:00
  BOT_E_eurusd_london_breakout: no trade -- outside window: 04:06 London, opens 08:00 closes 17:00
  BOT_F_nas100_vwap_reversion: NOT ELIGIBLE -- regime TRANSITION is structurally wrong for this bot
  BOT_G_nas100_h4_pullback: NOT ELIGIBLE -- regime TRANSITION is structurally wrong for this bot
  BOT_H_gold_sweep_reclaim: no trade -- outside window: 04:06 London

  CIO: 0 candidate(s); 0 funded, 0.000% total risk

===== cycle 2026-08-19 03:07:02 UTC (host local 2026-08-18 20:07:02) =====
DEMO GATE OK -> 1514166963 FTMO-Demo equity 99430.84
  bar-vs-tick gap 2s (diagnostic only; freshness is decided by clock_state after exits and reconciliation)
PREFLIGHT OK -- account, clock, data, state, ledgers all verified
  CLOCK FEED_FRESH: feed advancing, age in band, host within tolerance
profit -0.51%  daily headroom 5.00%  total headroom 9.49%  trading days 2

  DESK CLOCK 2026-08-19 04:07 London (broker)
  MARKET EURUSD      STRONG_TREND,AT_HTF_LEVEL,RISK_OFF
  MARKET US100.cash  TRANSITION,COMPRESSION,AT_HTF_LEVEL,RISK_OFF
  MARKET US500.cash  WEAK_TREND,COMPRESSION,AT_HTF_LEVEL,RISK_OFF
  MARKET XAUUSD      WEAK_TREND,AT_HTF_LEVEL,RISK_OFF
  BOT_A_gold_0630_breakout: no trade -- outside window: 04:07 London, opens 06:30 closes 16:00
  BOT_B_nas100_usopen_breakout: NOT ELIGIBLE -- regime TRANSITION is structurally wrong for this bot
  BOT_C_sp500_london_breakout: no trade -- outside window: 04:07 London, opens 08:00 closes 16:30
  BOT_D_gold_ny_breakout: no trade -- outside window: 04:07 London, opens 14:30 closes 20:00
  BOT_E_eurusd_london_breakout: no trade -- outside window: 04:07 London, opens 08:00 closes 17:00
  BOT_F_nas100_vwap_reversion: NOT ELIGIBLE -- regime TRANSITION is structurally wrong for this bot
  BOT_G_nas100_h4_pullback: NOT ELIGIBLE -- regime TRANSITION is structurally wrong for this bot
  BOT_H_gold_sweep_reclaim: no trade -- outside window: 04:07 London

  CIO: 0 candidate(s); 0 funded, 0.000% total risk

===== cycle 2026-08-19 03:08:02 UTC (host local 2026-08-18 20:08:02) =====
DEMO GATE OK -> 1514166963 FTMO-Demo equity 99430.84
  bar-vs-tick gap 2s (diagnostic only; freshness is decided by clock_state after exits and reconciliation)
PREFLIGHT OK -- account, clock, data, state, ledgers all verified
  CLOCK FEED_FRESH: feed advancing, age in band, host within tolerance
profit -0.51%  daily headroom 5.00%  total headroom 9.49%  trading days 2

  DESK CLOCK 2026-08-19 04:08 London (broker)
  MARKET EURUSD      STRONG_TREND,AT_HTF_LEVEL,RISK_OFF
  MARKET US100.cash  TRANSITION,COMPRESSION,AT_HTF_LEVEL,RISK_OFF
  MARKET US500.cash  WEAK_TREND,COMPRESSION,AT_HTF_LEVEL,RISK_OFF
  MARKET XAUUSD      WEAK_TREND,AT_HTF_LEVEL,RISK_OFF
  BOT_A_gold_0630_breakout: no trade -- outside window: 04:08 London, opens 06:30 closes 16:00
  BOT_B_nas100_usopen_breakout: NOT ELIGIBLE -- regime TRANSITION is structurally wrong for this bot
  BOT_C_sp500_london_breakout: no trade -- outside window: 04:08 London, opens 08:00 closes 16:30
  BOT_D_gold_ny_breakout: no trade -- outside window: 04:08 London, opens 14:30 closes 20:00
  BOT_E_eurusd_london_breakout: no trade -- outside window: 04:08 London, opens 08:00 closes 17:00
  BOT_F_nas100_vwap_reversion: NOT ELIGIBLE -- regime TRANSITION is structurally wrong for this bot
  BOT_G_nas100_h4_pullback: NOT ELIGIBLE -- regime TRANSITION is structurally wrong for this bot
  BOT_H_gold_sweep_reclaim: no trade -- outside window: 04:08 London

  CIO: 0 candidate(s); 0 funded, 0.000% total risk

===== cycle 2026-08-19 03:09:02 UTC (host local 2026-08-18 20:09:02) =====
DEMO GATE OK -> 1514166963 FTMO-Demo equity 99430.84
  bar-vs-tick gap 2s (diagnostic only; freshness is decided by clock_state after exits and reconciliation)
PREFLIGHT OK -- account, clock, data, state, ledgers all verified
  CLOCK FEED_FRESH: feed advancing, age in band, host within tolerance
profit -0.51%  daily headroom 5.00%  total headroom 9.49%  trading days 2

  DESK CLOCK 2026-08-19 04:09 London (broker)
  MARKET EURUSD      STRONG_TREND,AT_HTF_LEVEL,RISK_OFF
  MARKET US100.cash  TRANSITION,COMPRESSION,AT_HTF_LEVEL,RISK_OFF
  MARKET US500.cash  WEAK_TREND,COMPRESSION,AT_HTF_LEVEL,RISK_OFF
  MARKET XAUUSD      WEAK_TREND,AT_HTF_LEVEL,RISK_OFF
  BOT_A_gold_0630_breakout: no trade -- outside window: 04:09 London, opens 06:30 closes 16:00
  BOT_B_nas100_usopen_breakout: NOT ELIGIBLE -- regime TRANSITION is structurally wrong for this bot
  BOT_C_sp500_london_breakout: no trade -- outside window: 04:09 London, opens 08:00 closes 16:30
  BOT_D_gold_ny_breakout: no trade -- outside window: 04:09 London, opens 14:30 closes 20:00
  BOT_E_eurusd_london_breakout: no trade -- outside window: 04:09 London, opens 08:00 closes 17:00
  BOT_F_nas100_vwap_reversion: NOT ELIGIBLE -- regime TRANSITION is structurally wrong for this bot
  BOT_G_nas100_h4_pullback: NOT ELIGIBLE -- regime TRANSITION is structurally wrong for this bot
  BOT_H_gold_sweep_reclaim: no trade -- outside window: 04:09 London

  CIO: 0 candidate(s); 0 funded, 0.000% total risk

===== cycle 2026-08-19 03:10:02 UTC (host local 2026-08-18 20:10:02) =====
DEMO GATE OK -> 1514166963 FTMO-Demo equity 99430.84
  bar-vs-tick gap 2s (diagnostic only; freshness is decided by clock_state after exits and reconciliation)
PREFLIGHT OK -- account, clock, data, state, ledgers all verified
  CLOCK FEED_FRESH: feed advancing, age in band, host within tolerance
profit -0.51%  daily headroom 5.00%  total headroom 9.49%  trading days 2

  DESK CLOCK 2026-08-19 04:10 London (broker)
  MARKET EURUSD      STRONG_TREND,AT_HTF_LEVEL,RISK_OFF
  MARKET US100.cash  TRANSITION,COMPRESSION,AT_HTF_LEVEL,RISK_OFF
  MARKET US500.cash  WEAK_TREND,COMPRESSION,AT_HTF_LEVEL,RISK_OFF
  MARKET XAUUSD      WEAK_TREND,AT_HTF_LEVEL,RISK_OFF
  BOT_A_gold_0630_breakout: no trade -- outside window: 04:10 London, opens 06:30 closes 16:00
  BOT_B_nas100_usopen_breakout: NOT ELIGIBLE -- regime TRANSITION is structurally wrong for this bot
  BOT_C_sp500_london_breakout: no trade -- outside window: 04:10 London, opens 08:00 closes 16:30
  BOT_D_gold_ny_breakout: no trade -- outside window: 04:10 London, opens 14:30 closes 20:00
  BOT_E_eurusd_london_breakout: no trade -- outside window: 04:10 London, opens 08:00 closes 17:00
  BOT_F_nas100_vwap_reversion: NOT ELIGIBLE -- regime TRANSITION is structurally wrong for this bot
  BOT_G_nas100_h4_pullback: NOT ELIGIBLE -- regime TRANSITION is structurally wrong for this bot
  BOT_H_gold_sweep_reclaim: no trade -- outside window: 04:10 London

  CIO: 0 candidate(s); 0 funded, 0.000% total risk

===== cycle 2026-08-19 03:11:02 UTC (host local 2026-08-18 20:11:02) =====
DEMO GATE OK -> 1514166963 FTMO-Demo equity 99430.84
  bar-vs-tick gap 2s (diagnostic only; freshness is decided by clock_state after exits and reconciliation)
PREFLIGHT OK -- account, clock, data, state, ledgers all verified
  CLOCK FEED_FRESH: feed advancing, age in band, host within tolerance
profit -0.51%  daily headroom 5.00%  total headroom 9.49%  trading days 2

  DESK CLOCK 2026-08-19 04:11 London (broker)
  MARKET EURUSD      STRONG_TREND,AT_HTF_LEVEL,RISK_OFF
  MARKET US100.cash  TRANSITION,COMPRESSION,AT_HTF_LEVEL,RISK_OFF
  MARKET US500.cash  WEAK_TREND,COMPRESSION,AT_HTF_LEVEL,RISK_OFF
  MARKET XAUUSD      WEAK_TREND,AT_HTF_LEVEL,RISK_OFF
  BOT_A_gold_0630_breakout: no trade -- outside window: 04:11 London, opens 06:30 closes 16:00
  BOT_B_nas100_usopen_breakout: NOT ELIGIBLE -- regime TRANSITION is structurally wrong for this bot
  BOT_C_sp500_london_breakout: no trade -- outside window: 04:11 London, opens 08:00 closes 16:30
  BOT_D_gold_ny_breakout: no trade -- outside window: 04:11 London, opens 14:30 closes 20:00
  BOT_E_eurusd_london_breakout: no trade -- outside window: 04:11 London, opens 08:00 closes 17:00
  BOT_F_nas100_vwap_reversion: NOT ELIGIBLE -- regime TRANSITION is structurally wrong for this bot
  BOT_G_nas100_h4_pullback: NOT ELIGIBLE -- regime TRANSITION is structurally wrong for this bot
  BOT_H_gold_sweep_reclaim: no trade -- outside window: 04:11 London

  CIO: 0 candidate(s); 0 funded, 0.000% total risk

===== cycle 2026-08-19 03:12:02 UTC (host local 2026-08-18 20:12:02) =====
DEMO GATE OK -> 1514166963 FTMO-Demo equity 99430.84
  bar-vs-tick gap 2s (diagnostic only; freshness is decided by clock_state after exits and reconciliation)
PREFLIGHT OK -- account, clock, data, state, ledgers all verified
  CLOCK FEED_FRESH: feed advancing, age in band, host within tolerance
profit -0.51%  daily headroom 5.00%  total headroom 9.49%  trading days 2

  DESK CLOCK 2026-08-19 04:12 London (broker)
  MARKET EURUSD      STRONG_TREND,AT_HTF_LEVEL,RISK_OFF
  MARKET US100.cash  TRANSITION,COMPRESSION,AT_HTF_LEVEL,RISK_OFF
  MARKET US500.cash  WEAK_TREND,COMPRESSION,AT_HTF_LEVEL,RISK_OFF
  MARKET XAUUSD      WEAK_TREND,AT_HTF_LEVEL,RISK_OFF
  BOT_A_gold_0630_breakout: no trade -- outside window: 04:12 London, opens 06:30 closes 16:00
  BOT_B_nas100_usopen_breakout: NOT ELIGIBLE -- regime TRANSITION is structurally wrong for this bot
  BOT_C_sp500_london_breakout: no trade -- outside window: 04:12 London, opens 08:00 closes 16:30
  BOT_D_gold_ny_breakout: no trade -- outside window: 04:12 London, opens 14:30 closes 20:00
  BOT_E_eurusd_london_breakout: no trade -- outside window: 04:12 London, opens 08:00 closes 17:00
  BOT_F_nas100_vwap_reversion: NOT ELIGIBLE -- regime TRANSITION is structurally wrong for this bot
  BOT_G_nas100_h4_pullback: NOT ELIGIBLE -- regime TRANSITION is structurally wrong for this bot
  BOT_H_gold_sweep_reclaim: no trade -- outside window: 04:12 London

  CIO: 0 candidate(s); 0 funded, 0.000% total risk

===== cycle 2026-08-19 03:13:02 UTC (host local 2026-08-18 20:13:02) =====
DEMO GATE OK -> 1514166963 FTMO-Demo equity 99430.84
  bar-vs-tick gap 2s (diagnostic only; freshness is decided by clock_state after exits and reconciliation)
PREFLIGHT OK -- account, clock, data, state, ledgers all verified
  CLOCK FEED_FRESH: feed advancing, age in band, host within tolerance
profit -0.51%  daily headroom 5.00%  total headroom 9.49%  trading days 2

  DESK CLOCK 2026-08-19 04:13 London (broker)
  MARKET EURUSD      STRONG_TREND,AT_HTF_LEVEL,RISK_OFF
  MARKET US100.cash  TRANSITION,COMPRESSION,AT_HTF_LEVEL,RISK_OFF
  MARKET US500.cash  WEAK_TREND,COMPRESSION,AT_HTF_LEVEL,RISK_OFF
  MARKET XAUUSD      WEAK_TREND,AT_HTF_LEVEL,RISK_OFF
  BOT_A_gold_0630_breakout: no trade -- outside window: 04:13 London, opens 06:30 closes 16:00
  BOT_B_nas100_usopen_breakout: NOT ELIGIBLE -- regime TRANSITION is structurally wrong for this bot
  BOT_C_sp500_london_breakout: no trade -- outside window: 04:13 London, opens 08:00 closes 16:30
  BOT_D_gold_ny_breakout: no trade -- outside window: 04:13 London, opens 14:30 closes 20:00
  BOT_E_eurusd_london_breakout: no trade -- outside window: 04:13 London, opens 08:00 closes 17:00
  BOT_F_nas100_vwap_reversion: NOT ELIGIBLE -- regime TRANSITION is structurally wrong for this bot
  BOT_G_nas100_h4_pullback: NOT ELIGIBLE -- regime TRANSITION is structurally wrong for this bot
  BOT_H_gold_sweep_reclaim: no trade -- outside window: 04:13 London

  CIO: 0 candidate(s); 0 funded, 0.000% total risk

===== cycle 2026-08-19 03:14:02 UTC (host local 2026-08-18 20:14:02) =====
DEMO GATE OK -> 1514166963 FTMO-Demo equity 99430.84
  bar-vs-tick gap 2s (diagnostic only; freshness is decided by clock_state after exits and reconciliation)
PREFLIGHT OK -- account, clock, data, state, ledgers all verified
  CLOCK FEED_FRESH: feed advancing, age in band, host within tolerance
profit -0.51%  daily headroom 5.00%  total headroom 9.49%  trading days 2

  DESK CLOCK 2026-08-19 04:14 London (broker)
  MARKET EURUSD      STRONG_TREND,AT_HTF_LEVEL,RISK_OFF
  MARKET US100.cash  TRANSITION,COMPRESSION,AT_HTF_LEVEL,RISK_OFF
  MARKET US500.cash  WEAK_TREND,COMPRESSION,AT_HTF_LEVEL,RISK_OFF
  MARKET XAUUSD      WEAK_TREND,AT_HTF_LEVEL,RISK_OFF
  BOT_A_gold_0630_breakout: no trade -- outside window: 04:14 London, opens 06:30 closes 16:00
  BOT_B_nas100_usopen_breakout: NOT ELIGIBLE -- regime TRANSITION is structurally wrong for this bot
  BOT_C_sp500_london_breakout: no trade -- outside window: 04:14 London, opens 08:00 closes 16:30
  BOT_D_gold_ny_breakout: no trade -- outside window: 04:14 London, opens 14:30 closes 20:00
  BOT_E_eurusd_london_breakout: no trade -- outside window: 04:14 London, opens 08:00 closes 17:00
  BOT_F_nas100_vwap_reversion: NOT ELIGIBLE -- regime TRANSITION is structurally wrong for this bot
  BOT_G_nas100_h4_pullback: NOT ELIGIBLE -- regime TRANSITION is structurally wrong for this bot
  BOT_H_gold_sweep_reclaim: no trade -- outside window: 04:14 London

  CIO: 0 candidate(s); 0 funded, 0.000% total risk

===== cycle 2026-08-19 03:15:02 UTC (host local 2026-08-18 20:15:02) =====
DEMO GATE OK -> 1514166963 FTMO-Demo equity 99430.84
  bar-vs-tick gap 2s (diagnostic only; freshness is decided by clock_state after exits and reconciliation)
PREFLIGHT OK -- account, clock, data, state, ledgers all verified
  CLOCK FEED_FRESH: feed advancing, age in band, host within tolerance
profit -0.51%  daily headroom 5.00%  total headroom 9.49%  trading days 2

  DESK CLOCK 2026-08-19 04:15 London (broker)
  MARKET EURUSD      STRONG_TREND,AT_HTF_LEVEL,RISK_OFF
  MARKET US100.cash  TRANSITION,COMPRESSION,AT_HTF_LEVEL,RISK_OFF
  MARKET US500.cash  WEAK_TREND,COMPRESSION,AT_HTF_LEVEL,RISK_OFF
  MARKET XAUUSD      WEAK_TREND,AT_HTF_LEVEL,RISK_OFF
  BOT_A_gold_0630_breakout: no trade -- outside window: 04:15 London, opens 06:30 closes 16:00
  BOT_B_nas100_usopen_breakout: NOT ELIGIBLE -- regime TRANSITION is structurally wrong for this bot
  BOT_C_sp500_london_breakout: no trade -- outside window: 04:15 London, opens 08:00 closes 16:30
  BOT_D_gold_ny_breakout: no trade -- outside window: 04:15 London, opens 14:30 closes 20:00
  BOT_E_eurusd_london_breakout: no trade -- outside window: 04:15 London, opens 08:00 closes 17:00
  BOT_F_nas100_vwap_reversion: NOT ELIGIBLE -- regime TRANSITION is structurally wrong for this bot
  BOT_G_nas100_h4_pullback: NOT ELIGIBLE -- regime TRANSITION is structurally wrong for this bot
  BOT_H_gold_sweep_reclaim: no trade -- outside window: 04:15 London

  CIO: 0 candidate(s); 0 funded, 0.000% total risk

===== cycle 2026-08-19 03:16:02 UTC (host local 2026-08-18 20:16:02) =====
DEMO GATE OK -> 1514166963 FTMO-Demo equity 99430.84
  bar-vs-tick gap 2s (diagnostic only; freshness is decided by clock_state after exits and reconciliation)
PREFLIGHT OK -- account, clock, data, state, ledgers all verified
  CLOCK FEED_FRESH: feed advancing, age in band, host within tolerance
profit -0.51%  daily headroom 5.00%  total headroom 9.49%  trading days 2

  DESK CLOCK 2026-08-19 04:16 London (broker)
  MARKET EURUSD      STRONG_TREND,AT_HTF_LEVEL,RISK_OFF
  MARKET US100.cash  TRANSITION,COMPRESSION,AT_HTF_LEVEL,RISK_OFF
  MARKET US500.cash  WEAK_TREND,COMPRESSION,AT_HTF_LEVEL,RISK_OFF
  MARKET XAUUSD      WEAK_TREND,AT_HTF_LEVEL,RISK_OFF
  BOT_A_gold_0630_breakout: no trade -- outside window: 04:16 London, opens 06:30 closes 16:00
  BOT_B_nas100_usopen_breakout: NOT ELIGIBLE -- regime TRANSITION is structurally wrong for this bot
  BOT_C_sp500_london_breakout: no trade -- outside window: 04:16 London, opens 08:00 closes 16:30
  BOT_D_gold_ny_breakout: no trade -- outside window: 04:16 London, opens 14:30 closes 20:00
  BOT_E_eurusd_london_breakout: no trade -- outside window: 04:16 London, opens 08:00 closes 17:00
  BOT_F_nas100_vwap_reversion: NOT ELIGIBLE -- regime TRANSITION is structurally wrong for this bot
  BOT_G_nas100_h4_pullback: NOT ELIGIBLE -- regime TRANSITION is structurally wrong for this bot
  BOT_H_gold_sweep_reclaim: no trade -- outside window: 04:16 London

  CIO: 0 candidate(s); 0 funded, 0.000% total risk

===== cycle 2026-08-19 03:17:02 UTC (host local 2026-08-18 20:17:02) =====
DEMO GATE OK -> 1514166963 FTMO-Demo equity 99430.84
  bar-vs-tick gap 2s (diagnostic only; freshness is decided by clock_state after exits and reconciliation)
PREFLIGHT OK -- account, clock, data, state, ledgers all verified
  CLOCK FEED_FRESH: feed advancing, age in band, host within tolerance
profit -0.51%  daily headroom 5.00%  total headroom 9.49%  trading days 2

  DESK CLOCK 2026-08-19 04:17 London (broker)
  MARKET EURUSD      STRONG_TREND,AT_HTF_LEVEL,RISK_OFF
  MARKET US100.cash  TRANSITION,COMPRESSION,AT_HTF_LEVEL,RISK_OFF
  MARKET US500.cash  WEAK_TREND,COMPRESSION,AT_HTF_LEVEL,RISK_OFF
  MARKET XAUUSD      WEAK_TREND,AT_HTF_LEVEL,RISK_OFF
  BOT_A_gold_0630_breakout: no trade -- outside window: 04:17 London, opens 06:30 closes 16:00
  BOT_B_nas100_usopen_breakout: NOT ELIGIBLE -- regime TRANSITION is structurally wrong for this bot
  BOT_C_sp500_london_breakout: no trade -- outside window: 04:17 London, opens 08:00 closes 16:30
  BOT_D_gold_ny_breakout: no trade -- outside window: 04:17 London, opens 14:30 closes 20:00
  BOT_E_eurusd_london_breakout: no trade -- outside window: 04:17 London, opens 08:00 closes 17:00
  BOT_F_nas100_vwap_reversion: NOT ELIGIBLE -- regime TRANSITION is structurally wrong for this bot
  BOT_G_nas100_h4_pullback: NOT ELIGIBLE -- regime TRANSITION is structurally wrong for this bot
  BOT_H_gold_sweep_reclaim: no trade -- outside window: 04:17 London

  CIO: 0 candidate(s); 0 funded, 0.000% total risk

===== cycle 2026-08-19 03:18:02 UTC (host local 2026-08-18 20:18:02) =====
DEMO GATE OK -> 1514166963 FTMO-Demo equity 99430.84
  bar-vs-tick gap 2s (diagnostic only; freshness is decided by clock_state after exits and reconciliation)
PREFLIGHT OK -- account, clock, data, state, ledgers all verified
  CLOCK FEED_FRESH: feed advancing, age in band, host within tolerance
profit -0.51%  daily headroom 5.00%  total headroom 9.49%  trading days 2

  DESK CLOCK 2026-08-19 04:18 London (broker)
  MARKET EURUSD      STRONG_TREND,AT_HTF_LEVEL,RISK_OFF
  MARKET US100.cash  TRANSITION,COMPRESSION,AT_HTF_LEVEL,RISK_OFF
  MARKET US500.cash  WEAK_TREND,COMPRESSION,AT_HTF_LEVEL,RISK_OFF
  MARKET XAUUSD      WEAK_TREND,AT_HTF_LEVEL,RISK_OFF
  BOT_A_gold_0630_breakout: no trade -- outside window: 04:18 London, opens 06:30 closes 16:00
  BOT_B_nas100_usopen_breakout: NOT ELIGIBLE -- regime TRANSITION is structurally wrong for this bot
  BOT_C_sp500_london_breakout: no trade -- outside window: 04:18 London, opens 08:00 closes 16:30
  BOT_D_gold_ny_breakout: no trade -- outside window: 04:18 London, opens 14:30 closes 20:00
  BOT_E_eurusd_london_breakout: no trade -- outside window: 04:18 London, opens 08:00 closes 17:00
  BOT_F_nas100_vwap_reversion: NOT ELIGIBLE -- regime TRANSITION is structurally wrong for this bot
  BOT_G_nas100_h4_pullback: NOT ELIGIBLE -- regime TRANSITION is structurally wrong for this bot
  BOT_H_gold_sweep_reclaim: no trade -- outside window: 04:18 London

  CIO: 0 candidate(s); 0 funded, 0.000% total risk

===== cycle 2026-08-19 03:19:02 UTC (host local 2026-08-18 20:19:02) =====
DEMO GATE OK -> 1514166963 FTMO-Demo equity 99430.84
  bar-vs-tick gap 2s (diagnostic only; freshness is decided by clock_state after exits and reconciliation)
PREFLIGHT OK -- account, clock, data, state, ledgers all verified
  CLOCK FEED_FRESH: feed advancing, age in band, host within tolerance
profit -0.51%  daily headroom 5.00%  total headroom 9.49%  trading days 2

  DESK CLOCK 2026-08-19 04:19 London (broker)
  MARKET EURUSD      STRONG_TREND,AT_HTF_LEVEL,RISK_OFF
  MARKET US100.cash  TRANSITION,COMPRESSION,AT_HTF_LEVEL,RISK_OFF
  MARKET US500.cash  WEAK_TREND,COMPRESSION,AT_HTF_LEVEL,RISK_OFF
  MARKET XAUUSD      WEAK_TREND,AT_HTF_LEVEL,RISK_OFF
  BOT_A_gold_0630_breakout: no trade -- outside window: 04:19 London, opens 06:30 closes 16:00
  BOT_B_nas100_usopen_breakout: NOT ELIGIBLE -- regime TRANSITION is structurally wrong for this bot
  BOT_C_sp500_london_breakout: no trade -- outside window: 04:19 London, opens 08:00 closes 16:30
  BOT_D_gold_ny_breakout: no trade -- outside window: 04:19 London, opens 14:30 closes 20:00
  BOT_E_eurusd_london_breakout: no trade -- outside window: 04:19 London, opens 08:00 closes 17:00
  BOT_F_nas100_vwap_reversion: NOT ELIGIBLE -- regime TRANSITION is structurally wrong for this bot
  BOT_G_nas100_h4_pullback: NOT ELIGIBLE -- regime TRANSITION is structurally wrong for this bot
  BOT_H_gold_sweep_reclaim: no trade -- outside window: 04:19 London

  CIO: 0 candidate(s); 0 funded, 0.000% total risk

===== cycle 2026-08-19 03:20:02 UTC (host local 2026-08-18 20:20:02) =====
DEMO GATE OK -> 1514166963 FTMO-Demo equity 99430.84
  bar-vs-tick gap 2s (diagnostic only; freshness is decided by clock_state after exits and reconciliation)
PREFLIGHT OK -- account, clock, data, state, ledgers all verified
  CLOCK FEED_FRESH: feed advancing, age in band, host within tolerance
profit -0.51%  daily headroom 5.00%  total headroom 9.49%  trading days 2

  DESK CLOCK 2026-08-19 04:20 London (broker)
  MARKET EURUSD      STRONG_TREND,AT_HTF_LEVEL,RISK_OFF
  MARKET US100.cash  TRANSITION,COMPRESSION,AT_HTF_LEVEL,RISK_OFF
  MARKET US500.cash  WEAK_TREND,COMPRESSION,AT_HTF_LEVEL,RISK_OFF
  MARKET XAUUSD      WEAK_TREND,AT_HTF_LEVEL,RISK_OFF
  BOT_A_gold_0630_breakout: no trade -- outside window: 04:20 London, opens 06:30 closes 16:00
  BOT_B_nas100_usopen_breakout: NOT ELIGIBLE -- regime TRANSITION is structurally wrong for this bot
  BOT_C_sp500_london_breakout: no trade -- outside window: 04:20 London, opens 08:00 closes 16:30
  BOT_D_gold_ny_breakout: no trade -- outside window: 04:20 London, opens 14:30 closes 20:00
  BOT_E_eurusd_london_breakout: no trade -- outside window: 04:20 London, opens 08:00 closes 17:00
  BOT_F_nas100_vwap_reversion: NOT ELIGIBLE -- regime TRANSITION is structurally wrong for this bot
  BOT_G_nas100_h4_pullback: NOT ELIGIBLE -- regime TRANSITION is structurally wrong for this bot
  BOT_H_gold_sweep_reclaim: no trade -- outside window: 04:20 London

  CIO: 0 candidate(s); 0 funded, 0.000% total risk

===== cycle 2026-08-19 03:21:02 UTC (host local 2026-08-18 20:21:02) =====
DEMO GATE OK -> 1514166963 FTMO-Demo equity 99430.84
  bar-vs-tick gap 2s (diagnostic only; freshness is decided by clock_state after exits and reconciliation)
PREFLIGHT OK -- account, clock, data, state, ledgers all verified
  CLOCK FEED_FRESH: feed advancing, age in band, host within tolerance
profit -0.51%  daily headroom 5.00%  total headroom 9.49%  trading days 2

  DESK CLOCK 2026-08-19 04:21 London (broker)
  MARKET EURUSD      STRONG_TREND,AT_HTF_LEVEL,RISK_OFF
  MARKET US100.cash  TRANSITION,COMPRESSION,AT_HTF_LEVEL,RISK_OFF
  MARKET US500.cash  WEAK_TREND,COMPRESSION,AT_HTF_LEVEL,RISK_OFF
  MARKET XAUUSD      WEAK_TREND,AT_HTF_LEVEL,RISK_OFF
  BOT_A_gold_0630_breakout: no trade -- outside window: 04:21 London, opens 06:30 closes 16:00
  BOT_B_nas100_usopen_breakout: NOT ELIGIBLE -- regime TRANSITION is structurally wrong for this bot
  BOT_C_sp500_london_breakout: no trade -- outside window: 04:21 London, opens 08:00 closes 16:30
  BOT_D_gold_ny_breakout: no trade -- outside window: 04:21 London, opens 14:30 closes 20:00
  BOT_E_eurusd_london_breakout: no trade -- outside window: 04:21 London, opens 08:00 closes 17:00
  BOT_F_nas100_vwap_reversion: NOT ELIGIBLE -- regime TRANSITION is structurally wrong for this bot
  BOT_G_nas100_h4_pullback: NOT ELIGIBLE -- regime TRANSITION is structurally wrong for this bot
  BOT_H_gold_sweep_reclaim: no trade -- outside window: 04:21 London

  CIO: 0 candidate(s); 0 funded, 0.000% total risk

===== cycle 2026-08-19 03:22:02 UTC (host local 2026-08-18 20:22:02) =====
DEMO GATE OK -> 1514166963 FTMO-Demo equity 99430.84
  bar-vs-tick gap 2s (diagnostic only; freshness is decided by clock_state after exits and reconciliation)
PREFLIGHT OK -- account, clock, data, state, ledgers all verified
  CLOCK FEED_FRESH: feed advancing, age in band, host within tolerance
profit -0.51%  daily headroom 5.00%  total headroom 9.49%  trading days 2

  DESK CLOCK 2026-08-19 04:22 London (broker)
  MARKET EURUSD      STRONG_TREND,AT_HTF_LEVEL,RISK_OFF
  MARKET US100.cash  TRANSITION,COMPRESSION,AT_HTF_LEVEL,RISK_OFF
  MARKET US500.cash  WEAK_TREND,COMPRESSION,AT_HTF_LEVEL,RISK_OFF
  MARKET XAUUSD      WEAK_TREND,AT_HTF_LEVEL,RISK_OFF
  BOT_A_gold_0630_breakout: no trade -- outside window: 04:22 London, opens 06:30 closes 16:00
  BOT_B_nas100_usopen_breakout: NOT ELIGIBLE -- regime TRANSITION is structurally wrong for this bot
  BOT_C_sp500_london_breakout: no trade -- outside window: 04:22 London, opens 08:00 closes 16:30
  BOT_D_gold_ny_breakout: no trade -- outside window: 04:22 London, opens 14:30 closes 20:00
  BOT_E_eurusd_london_breakout: no trade -- outside window: 04:22 London, opens 08:00 closes 17:00
  BOT_F_nas100_vwap_reversion: NOT ELIGIBLE -- regime TRANSITION is structurally wrong for this bot
  BOT_G_nas100_h4_pullback: NOT ELIGIBLE -- regime TRANSITION is structurally wrong for this bot
  BOT_H_gold_sweep_reclaim: no trade -- outside window: 04:22 London

  CIO: 0 candidate(s); 0 funded, 0.000% total risk

===== cycle 2026-08-19 03:23:02 UTC (host local 2026-08-18 20:23:02) =====
DEMO GATE OK -> 1514166963 FTMO-Demo equity 99430.84
  bar-vs-tick gap 3s (diagnostic only; freshness is decided by clock_state after exits and reconciliation)
PREFLIGHT OK -- account, clock, data, state, ledgers all verified
  CLOCK FEED_FRESH: feed advancing, age in band, host within tolerance
profit -0.51%  daily headroom 5.00%  total headroom 9.49%  trading days 2

  DESK CLOCK 2026-08-19 04:23 London (broker)
  MARKET EURUSD      STRONG_TREND,AT_HTF_LEVEL,RISK_OFF
  MARKET US100.cash  TRANSITION,COMPRESSION,AT_HTF_LEVEL,RISK_OFF
  MARKET US500.cash  WEAK_TREND,COMPRESSION,AT_HTF_LEVEL,RISK_OFF
  MARKET XAUUSD      WEAK_TREND,AT_HTF_LEVEL,RISK_OFF
  BOT_A_gold_0630_breakout: no trade -- outside window: 04:23 London, opens 06:30 closes 16:00
  BOT_B_nas100_usopen_breakout: NOT ELIGIBLE -- regime TRANSITION is structurally wrong for this bot
  BOT_C_sp500_london_breakout: no trade -- outside window: 04:23 London, opens 08:00 closes 16:30
  BOT_D_gold_ny_breakout: no trade -- outside window: 04:23 London, opens 14:30 closes 20:00
  BOT_E_eurusd_london_breakout: no trade -- outside window: 04:23 London, opens 08:00 closes 17:00
  BOT_F_nas100_vwap_reversion: NOT ELIGIBLE -- regime TRANSITION is structurally wrong for this bot
  BOT_G_nas100_h4_pullback: NOT ELIGIBLE -- regime TRANSITION is structurally wrong for this bot
  BOT_H_gold_sweep_reclaim: no trade -- outside window: 04:23 London

  CIO: 0 candidate(s); 0 funded, 0.000% total risk

===== cycle 2026-08-19 03:24:02 UTC (host local 2026-08-18 20:24:02) =====
DEMO GATE OK -> 1514166963 FTMO-Demo equity 99430.84
  bar-vs-tick gap 2s (diagnostic only; freshness is decided by clock_state after exits and reconciliation)
PREFLIGHT OK -- account, clock, data, state, ledgers all verified
  CLOCK FEED_FRESH: feed advancing, age in band, host within tolerance
profit -0.51%  daily headroom 5.00%  total headroom 9.49%  trading days 2

  DESK CLOCK 2026-08-19 04:24 London (broker)
  MARKET EURUSD      STRONG_TREND,AT_HTF_LEVEL,RISK_OFF
  MARKET US100.cash  TRANSITION,COMPRESSION,AT_HTF_LEVEL,RISK_OFF
  MARKET US500.cash  WEAK_TREND,COMPRESSION,AT_HTF_LEVEL,RISK_OFF
  MARKET XAUUSD      WEAK_TREND,AT_HTF_LEVEL,RISK_OFF
  BOT_A_gold_0630_breakout: no trade -- outside window: 04:24 London, opens 06:30 closes 16:00
  BOT_B_nas100_usopen_breakout: NOT ELIGIBLE -- regime TRANSITION is structurally wrong for this bot
  BOT_C_sp500_london_breakout: no trade -- outside window: 04:24 London, opens 08:00 closes 16:30
  BOT_D_gold_ny_breakout: no trade -- outside window: 04:24 London, opens 14:30 closes 20:00
  BOT_E_eurusd_london_breakout: no trade -- outside window: 04:24 London, opens 08:00 closes 17:00
  BOT_F_nas100_vwap_reversion: NOT ELIGIBLE -- regime TRANSITION is structurally wrong for this bot
  BOT_G_nas100_h4_pullback: NOT ELIGIBLE -- regime TRANSITION is structurally wrong for this bot
  BOT_H_gold_sweep_reclaim: no trade -- outside window: 04:24 London

  CIO: 0 candidate(s); 0 funded, 0.000% total risk

===== cycle 2026-08-19 03:25:02 UTC (host local 2026-08-18 20:25:02) =====
DEMO GATE OK -> 1514166963 FTMO-Demo equity 99430.84
  bar-vs-tick gap 2s (diagnostic only; freshness is decided by clock_state after exits and reconciliation)
PREFLIGHT OK -- account, clock, data, state, ledgers all verified
  CLOCK FEED_FRESH: feed advancing, age in band, host within tolerance
profit -0.51%  daily headroom 5.00%  total headroom 9.49%  trading days 2

  DESK CLOCK 2026-08-19 04:25 London (broker)
  MARKET EURUSD      STRONG_TREND,AT_HTF_LEVEL,RISK_OFF
  MARKET US100.cash  TRANSITION,COMPRESSION,AT_HTF_LEVEL,RISK_OFF
  MARKET US500.cash  WEAK_TREND,COMPRESSION,AT_HTF_LEVEL,RISK_OFF
  MARKET XAUUSD      WEAK_TREND,AT_HTF_LEVEL,RISK_OFF
  BOT_A_gold_0630_breakout: no trade -- outside window: 04:25 London, opens 06:30 closes 16:00
  BOT_B_nas100_usopen_breakout: NOT ELIGIBLE -- regime TRANSITION is structurally wrong for this bot
  BOT_C_sp500_london_breakout: no trade -- outside window: 04:25 London, opens 08:00 closes 16:30
  BOT_D_gold_ny_breakout: no trade -- outside window: 04:25 London, opens 14:30 closes 20:00
  BOT_E_eurusd_london_breakout: no trade -- outside window: 04:25 London, opens 08:00 closes 17:00
  BOT_F_nas100_vwap_reversion: NOT ELIGIBLE -- regime TRANSITION is structurally wrong for this bot
  BOT_G_nas100_h4_pullback: NOT ELIGIBLE -- regime TRANSITION is structurally wrong for this bot
  BOT_H_gold_sweep_reclaim: no trade -- outside window: 04:25 London

  CIO: 0 candidate(s); 0 funded, 0.000% total risk

===== cycle 2026-08-19 03:26:02 UTC (host local 2026-08-18 20:26:02) =====
DEMO GATE OK -> 1514166963 FTMO-Demo equity 99430.84
  bar-vs-tick gap 2s (diagnostic only; freshness is decided by clock_state after exits and reconciliation)
PREFLIGHT OK -- account, clock, data, state, ledgers all verified
  CLOCK FEED_FRESH: feed advancing, age in band, host within tolerance
profit -0.51%  daily headroom 5.00%  total headroom 9.49%  trading days 2

  DESK CLOCK 2026-08-19 04:26 London (broker)
  MARKET EURUSD      STRONG_TREND,AT_HTF_LEVEL,RISK_OFF
  MARKET US100.cash  TRANSITION,COMPRESSION,AT_HTF_LEVEL,RISK_OFF
  MARKET US500.cash  WEAK_TREND,COMPRESSION,AT_HTF_LEVEL,RISK_OFF
  MARKET XAUUSD      WEAK_TREND,AT_HTF_LEVEL,RISK_OFF
  BOT_A_gold_0630_breakout: no trade -- outside window: 04:26 London, opens 06:30 closes 16:00
  BOT_B_nas100_usopen_breakout: NOT ELIGIBLE -- regime TRANSITION is structurally wrong for this bot
  BOT_C_sp500_london_breakout: no trade -- outside window: 04:26 London, opens 08:00 closes 16:30
  BOT_D_gold_ny_breakout: no trade -- outside window: 04:26 London, opens 14:30 closes 20:00
  BOT_E_eurusd_london_breakout: no trade -- outside window: 04:26 London, opens 08:00 closes 17:00
  BOT_F_nas100_vwap_reversion: NOT ELIGIBLE -- regime TRANSITION is structurally wrong for this bot
  BOT_G_nas100_h4_pullback: NOT ELIGIBLE -- regime TRANSITION is structurally wrong for this bot
  BOT_H_gold_sweep_reclaim: no trade -- outside window: 04:26 London

  CIO: 0 candidate(s); 0 funded, 0.000% total risk

===== cycle 2026-08-19 03:27:01 UTC (host local 2026-08-18 20:27:01) =====
DEMO GATE OK -> 1514166963 FTMO-Demo equity 99430.84
  bar-vs-tick gap 1s (diagnostic only; freshness is decided by clock_state after exits and reconciliation)
PREFLIGHT OK -- account, clock, data, state, ledgers all verified
  CLOCK FEED_FRESH: feed advancing, age in band, host within tolerance
profit -0.51%  daily headroom 5.00%  total headroom 9.49%  trading days 2

  DESK CLOCK 2026-08-19 04:27 London (broker)
  MARKET EURUSD      STRONG_TREND,AT_HTF_LEVEL,RISK_OFF
  MARKET US100.cash  TRANSITION,COMPRESSION,AT_HTF_LEVEL,RISK_OFF
  MARKET US500.cash  WEAK_TREND,COMPRESSION,AT_HTF_LEVEL,RISK_OFF
  MARKET XAUUSD      WEAK_TREND,AT_HTF_LEVEL,RISK_OFF
  BOT_A_gold_0630_breakout: no trade -- outside window: 04:27 London, opens 06:30 closes 16:00
  BOT_B_nas100_usopen_breakout: NOT ELIGIBLE -- regime TRANSITION is structurally wrong for this bot
  BOT_C_sp500_london_breakout: no trade -- outside window: 04:27 London, opens 08:00 closes 16:30
  BOT_D_gold_ny_breakout: no trade -- outside window: 04:27 London, opens 14:30 closes 20:00
  BOT_E_eurusd_london_breakout: no trade -- outside window: 04:27 London, opens 08:00 closes 17:00
  BOT_F_nas100_vwap_reversion: NOT ELIGIBLE -- regime TRANSITION is structurally wrong for this bot
  BOT_G_nas100_h4_pullback: NOT ELIGIBLE -- regime TRANSITION is structurally wrong for this bot
  BOT_H_gold_sweep_reclaim: no trade -- outside window: 04:27 London

  CIO: 0 candidate(s); 0 funded, 0.000% total risk

===== cycle 2026-08-19 03:28:01 UTC (host local 2026-08-18 20:28:01) =====
DEMO GATE OK -> 1514166963 FTMO-Demo equity 99430.84
  bar-vs-tick gap 1s (diagnostic only; freshness is decided by clock_state after exits and reconciliation)
PREFLIGHT OK -- account, clock, data, state, ledgers all verified
  CLOCK FEED_FRESH: feed advancing, age in band, host within tolerance
profit -0.51%  daily headroom 5.00%  total headroom 9.49%  trading days 2

  DESK CLOCK 2026-08-19 04:28 London (broker)
  MARKET EURUSD      STRONG_TREND,AT_HTF_LEVEL,RISK_OFF
  MARKET US100.cash  TRANSITION,COMPRESSION,AT_HTF_LEVEL,RISK_OFF
  MARKET US500.cash  WEAK_TREND,COMPRESSION,AT_HTF_LEVEL,RISK_OFF
  MARKET XAUUSD      WEAK_TREND,AT_HTF_LEVEL,RISK_OFF
  BOT_A_gold_0630_breakout: no trade -- outside window: 04:28 London, opens 06:30 closes 16:00
  BOT_B_nas100_usopen_breakout: NOT ELIGIBLE -- regime TRANSITION is structurally wrong for this bot
  BOT_C_sp500_london_breakout: no trade -- outside window: 04:28 London, opens 08:00 closes 16:30
  BOT_D_gold_ny_breakout: no trade -- outside window: 04:28 London, opens 14:30 closes 20:00
  BOT_E_eurusd_london_breakout: no trade -- outside window: 04:28 London, opens 08:00 closes 17:00
  BOT_F_nas100_vwap_reversion: NOT ELIGIBLE -- regime TRANSITION is structurally wrong for this bot
  BOT_G_nas100_h4_pullback: NOT ELIGIBLE -- regime TRANSITION is structurally wrong for this bot
  BOT_H_gold_sweep_reclaim: no trade -- outside window: 04:28 London

  CIO: 0 candidate(s); 0 funded, 0.000% total risk

===== cycle 2026-08-19 03:29:01 UTC (host local 2026-08-18 20:29:01) =====
DEMO GATE OK -> 1514166963 FTMO-Demo equity 99430.84
  bar-vs-tick gap 1s (diagnostic only; freshness is decided by clock_state after exits and reconciliation)
PREFLIGHT OK -- account, clock, data, state, ledgers all verified
  CLOCK FEED_FRESH: feed advancing, age in band, host within tolerance
profit -0.51%  daily headroom 5.00%  total headroom 9.49%  trading days 2

  DESK CLOCK 2026-08-19 04:29 London (broker)
  MARKET EURUSD      STRONG_TREND,AT_HTF_LEVEL,RISK_OFF
  MARKET US100.cash  TRANSITION,COMPRESSION,AT_HTF_LEVEL,RISK_OFF
  MARKET US500.cash  WEAK_TREND,COMPRESSION,AT_HTF_LEVEL,RISK_OFF
  MARKET XAUUSD      WEAK_TREND,AT_HTF_LEVEL,RISK_OFF
  BOT_A_gold_0630_breakout: no trade -- outside window: 04:29 London, opens 06:30 closes 16:00
  BOT_B_nas100_usopen_breakout: NOT ELIGIBLE -- regime TRANSITION is structurally wrong for this bot
  BOT_C_sp500_london_breakout: no trade -- outside window: 04:29 London, opens 08:00 closes 16:30
  BOT_D_gold_ny_breakout: no trade -- outside window: 04:29 London, opens 14:30 closes 20:00
  BOT_E_eurusd_london_breakout: no trade -- outside window: 04:29 London, opens 08:00 closes 17:00
  BOT_F_nas100_vwap_reversion: NOT ELIGIBLE -- regime TRANSITION is structurally wrong for this bot
  BOT_G_nas100_h4_pullback: NOT ELIGIBLE -- regime TRANSITION is structurally wrong for this bot
  BOT_H_gold_sweep_reclaim: no trade -- outside window: 04:29 London

  CIO: 0 candidate(s); 0 funded, 0.000% total risk

===== cycle 2026-08-19 03:30:01 UTC (host local 2026-08-18 20:30:01) =====
DEMO GATE OK -> 1514166963 FTMO-Demo equity 99430.84
  bar-vs-tick gap 1s (diagnostic only; freshness is decided by clock_state after exits and reconciliation)
PREFLIGHT OK -- account, clock, data, state, ledgers all verified
  CLOCK FEED_FRESH: feed advancing, age in band, host within tolerance
profit -0.51%  daily headroom 5.00%  total headroom 9.49%  trading days 2

  DESK CLOCK 2026-08-19 04:30 London (broker)
  MARKET EURUSD      STRONG_TREND,AT_HTF_LEVEL,RISK_OFF
  MARKET US100.cash  TRANSITION,COMPRESSION,AT_HTF_LEVEL,RISK_OFF
  MARKET US500.cash  WEAK_TREND,COMPRESSION,AT_HTF_LEVEL,RISK_OFF
  MARKET XAUUSD      WEAK_TREND,AT_HTF_LEVEL,RISK_OFF
  BOT_A_gold_0630_breakout: no trade -- outside window: 04:30 London, opens 06:30 closes 16:00
  BOT_B_nas100_usopen_breakout: NOT ELIGIBLE -- regime TRANSITION is structurally wrong for this bot
  BOT_C_sp500_london_breakout: no trade -- outside window: 04:30 London, opens 08:00 closes 16:30
  BOT_D_gold_ny_breakout: no trade -- outside window: 04:30 London, opens 14:30 closes 20:00
  BOT_E_eurusd_london_breakout: no trade -- outside window: 04:30 London, opens 08:00 closes 17:00
  BOT_F_nas100_vwap_reversion: NOT ELIGIBLE -- regime TRANSITION is structurally wrong for this bot
  BOT_G_nas100_h4_pullback: NOT ELIGIBLE -- regime TRANSITION is structurally wrong for this bot
  BOT_H_gold_sweep_reclaim: no trade -- outside window: 04:30 London

  CIO: 0 candidate(s); 0 funded, 0.000% total risk

===== cycle 2026-08-19 03:31:01 UTC (host local 2026-08-18 20:31:01) =====
DEMO GATE OK -> 1514166963 FTMO-Demo equity 99430.84
  bar-vs-tick gap 1s (diagnostic only; freshness is decided by clock_state after exits and reconciliation)
PREFLIGHT OK -- account, clock, data, state, ledgers all verified
  CLOCK FEED_FRESH: feed advancing, age in band, host within tolerance
profit -0.51%  daily headroom 5.00%  total headroom 9.49%  trading days 2

  DESK CLOCK 2026-08-19 04:31 London (broker)
  MARKET EURUSD      STRONG_TREND,AT_HTF_LEVEL,RISK_OFF
  MARKET US100.cash  TRANSITION,COMPRESSION,AT_HTF_LEVEL,RISK_OFF
  MARKET US500.cash  WEAK_TREND,COMPRESSION,AT_HTF_LEVEL,RISK_OFF
  MARKET XAUUSD      WEAK_TREND,AT_HTF_LEVEL,RISK_OFF
  BOT_A_gold_0630_breakout: no trade -- outside window: 04:31 London, opens 06:30 closes 16:00
  BOT_B_nas100_usopen_breakout: NOT ELIGIBLE -- regime TRANSITION is structurally wrong for this bot
  BOT_C_sp500_london_breakout: no trade -- outside window: 04:31 London, opens 08:00 closes 16:30
  BOT_D_gold_ny_breakout: no trade -- outside window: 04:31 London, opens 14:30 closes 20:00
  BOT_E_eurusd_london_breakout: no trade -- outside window: 04:31 London, opens 08:00 closes 17:00
  BOT_F_nas100_vwap_reversion: NOT ELIGIBLE -- regime TRANSITION is structurally wrong for this bot
  BOT_G_nas100_h4_pullback: NOT ELIGIBLE -- regime TRANSITION is structurally wrong for this bot
  BOT_H_gold_sweep_reclaim: no trade -- outside window: 04:31 London

  CIO: 0 candidate(s); 0 funded, 0.000% total risk

===== cycle 2026-08-19 03:32:01 UTC (host local 2026-08-18 20:32:01) =====
DEMO GATE OK -> 1514166963 FTMO-Demo equity 99430.84
  bar-vs-tick gap 1s (diagnostic only; freshness is decided by clock_state after exits and reconciliation)
PREFLIGHT OK -- account, clock, data, state, ledgers all verified
  CLOCK FEED_FRESH: feed advancing, age in band, host within tolerance
profit -0.51%  daily headroom 5.00%  total headroom 9.49%  trading days 2

  DESK CLOCK 2026-08-19 04:32 London (broker)
  MARKET EURUSD      STRONG_TREND,AT_HTF_LEVEL,RISK_OFF
  MARKET US100.cash  TRANSITION,COMPRESSION,AT_HTF_LEVEL,RISK_OFF
  MARKET US500.cash  WEAK_TREND,COMPRESSION,AT_HTF_LEVEL,RISK_OFF
  MARKET XAUUSD      WEAK_TREND,AT_HTF_LEVEL,RISK_OFF
  BOT_A_gold_0630_breakout: no trade -- outside window: 04:32 London, opens 06:30 closes 16:00
  BOT_B_nas100_usopen_breakout: NOT ELIGIBLE -- regime TRANSITION is structurally wrong for this bot
  BOT_C_sp500_london_breakout: no trade -- outside window: 04:32 London, opens 08:00 closes 16:30
  BOT_D_gold_ny_breakout: no trade -- outside window: 04:32 London, opens 14:30 closes 20:00
  BOT_E_eurusd_london_breakout: no trade -- outside window: 04:32 London, opens 08:00 closes 17:00
  BOT_F_nas100_vwap_reversion: NOT ELIGIBLE -- regime TRANSITION is structurally wrong for this bot
  BOT_G_nas100_h4_pullback: NOT ELIGIBLE -- regime TRANSITION is structurally wrong for this bot
  BOT_H_gold_sweep_reclaim: no trade -- outside window: 04:32 London

  CIO: 0 candidate(s); 0 funded, 0.000% total risk

===== cycle 2026-08-19 03:33:01 UTC (host local 2026-08-18 20:33:01) =====
DEMO GATE OK -> 1514166963 FTMO-Demo equity 99430.84
  bar-vs-tick gap 2s (diagnostic only; freshness is decided by clock_state after exits and reconciliation)
PREFLIGHT OK -- account, clock, data, state, ledgers all verified
  CLOCK FEED_FRESH: feed advancing, age in band, host within tolerance
profit -0.51%  daily headroom 5.00%  total headroom 9.49%  trading days 2

  DESK CLOCK 2026-08-19 04:33 London (broker)
  MARKET EURUSD      STRONG_TREND,AT_HTF_LEVEL,RISK_OFF
  MARKET US100.cash  TRANSITION,COMPRESSION,AT_HTF_LEVEL,RISK_OFF
  MARKET US500.cash  WEAK_TREND,COMPRESSION,AT_HTF_LEVEL,RISK_OFF
  MARKET XAUUSD      WEAK_TREND,AT_HTF_LEVEL,RISK_OFF
  BOT_A_gold_0630_breakout: no trade -- outside window: 04:33 London, opens 06:30 closes 16:00
  BOT_B_nas100_usopen_breakout: NOT ELIGIBLE -- regime TRANSITION is structurally wrong for this bot
  BOT_C_sp500_london_breakout: no trade -- outside window: 04:33 London, opens 08:00 closes 16:30
  BOT_D_gold_ny_breakout: no trade -- outside window: 04:33 London, opens 14:30 closes 20:00
  BOT_E_eurusd_london_breakout: no trade -- outside window: 04:33 London, opens 08:00 closes 17:00
  BOT_F_nas100_vwap_reversion: NOT ELIGIBLE -- regime TRANSITION is structurally wrong for this bot
  BOT_G_nas100_h4_pullback: NOT ELIGIBLE -- regime TRANSITION is structurally wrong for this bot
  BOT_H_gold_sweep_reclaim: no trade -- outside window: 04:33 London

  CIO: 0 candidate(s); 0 funded, 0.000% total risk

===== cycle 2026-08-19 03:34:01 UTC (host local 2026-08-18 20:34:01) =====
DEMO GATE OK -> 1514166963 FTMO-Demo equity 99430.84
  bar-vs-tick gap 61s (diagnostic only; freshness is decided by clock_state after exits and reconciliation)
PREFLIGHT OK -- account, clock, data, state, ledgers all verified
  CLOCK FEED_FRESH: feed advancing, age in band, host within tolerance
profit -0.51%  daily headroom 5.00%  total headroom 9.49%  trading days 2

  DESK CLOCK 2026-08-19 04:34 London (broker)
  MARKET EURUSD      STRONG_TREND,AT_HTF_LEVEL,RISK_OFF
  MARKET US100.cash  TRANSITION,COMPRESSION,AT_HTF_LEVEL,RISK_OFF
  MARKET US500.cash  WEAK_TREND,COMPRESSION,AT_HTF_LEVEL,RISK_OFF
  MARKET XAUUSD      WEAK_TREND,AT_HTF_LEVEL,RISK_OFF
  BOT_A_gold_0630_breakout: no trade -- outside window: 04:34 London, opens 06:30 closes 16:00
  BOT_B_nas100_usopen_breakout: NOT ELIGIBLE -- regime TRANSITION is structurally wrong for this bot
  BOT_C_sp500_london_breakout: no trade -- outside window: 04:34 London, opens 08:00 closes 16:30
  BOT_D_gold_ny_breakout: no trade -- outside window: 04:34 London, opens 14:30 closes 20:00
  BOT_E_eurusd_london_breakout: no trade -- outside window: 04:34 London, opens 08:00 closes 17:00
  BOT_F_nas100_vwap_reversion: NOT ELIGIBLE -- regime TRANSITION is structurally wrong for this bot
  BOT_G_nas100_h4_pullback: NOT ELIGIBLE -- regime TRANSITION is structurally wrong for this bot
  BOT_H_gold_sweep_reclaim: no trade -- outside window: 04:34 London

  CIO: 0 candidate(s); 0 funded, 0.000% total risk

===== cycle 2026-08-19 03:35:01 UTC (host local 2026-08-18 20:35:01) =====
DEMO GATE OK -> 1514166963 FTMO-Demo equity 99430.84
  bar-vs-tick gap 1s (diagnostic only; freshness is decided by clock_state after exits and reconciliation)
PREFLIGHT OK -- account, clock, data, state, ledgers all verified
  CLOCK FEED_FRESH: feed advancing, age in band, host within tolerance
profit -0.51%  daily headroom 5.00%  total headroom 9.49%  trading days 2

  DESK CLOCK 2026-08-19 04:35 London (broker)
  MARKET EURUSD      STRONG_TREND,AT_HTF_LEVEL,RISK_OFF
  MARKET US100.cash  TRANSITION,COMPRESSION,AT_HTF_LEVEL,RISK_OFF
  MARKET US500.cash  WEAK_TREND,COMPRESSION,AT_HTF_LEVEL,RISK_OFF
  MARKET XAUUSD      WEAK_TREND,AT_HTF_LEVEL,RISK_OFF
  BOT_A_gold_0630_breakout: no trade -- outside window: 04:35 London, opens 06:30 closes 16:00
  BOT_B_nas100_usopen_breakout: NOT ELIGIBLE -- regime TRANSITION is structurally wrong for this bot
  BOT_C_sp500_london_breakout: no trade -- outside window: 04:35 London, opens 08:00 closes 16:30
  BOT_D_gold_ny_breakout: no trade -- outside window: 04:35 London, opens 14:30 closes 20:00
  BOT_E_eurusd_london_breakout: no trade -- outside window: 04:35 London, opens 08:00 closes 17:00
  BOT_F_nas100_vwap_reversion: NOT ELIGIBLE -- regime TRANSITION is structurally wrong for this bot
  BOT_G_nas100_h4_pullback: NOT ELIGIBLE -- regime TRANSITION is structurally wrong for this bot
  BOT_H_gold_sweep_reclaim: no trade -- outside window: 04:35 London

  CIO: 0 candidate(s); 0 funded, 0.000% total risk

===== cycle 2026-08-19 03:36:01 UTC (host local 2026-08-18 20:36:01) =====
DEMO GATE OK -> 1514166963 FTMO-Demo equity 99430.84
  bar-vs-tick gap 1s (diagnostic only; freshness is decided by clock_state after exits and reconciliation)
PREFLIGHT OK -- account, clock, data, state, ledgers all verified
  CLOCK FEED_FRESH: feed advancing, age in band, host within tolerance
profit -0.51%  daily headroom 5.00%  total headroom 9.49%  trading days 2

  DESK CLOCK 2026-08-19 04:36 London (broker)
  MARKET EURUSD      STRONG_TREND,AT_HTF_LEVEL,RISK_OFF
  MARKET US100.cash  TRANSITION,COMPRESSION,AT_HTF_LEVEL,RISK_OFF
  MARKET US500.cash  WEAK_TREND,COMPRESSION,AT_HTF_LEVEL,RISK_OFF
  MARKET XAUUSD      WEAK_TREND,AT_HTF_LEVEL,RISK_OFF
  BOT_A_gold_0630_breakout: no trade -- outside window: 04:36 London, opens 06:30 closes 16:00
  BOT_B_nas100_usopen_breakout: NOT ELIGIBLE -- regime TRANSITION is structurally wrong for this bot
  BOT_C_sp500_london_breakout: no trade -- outside window: 04:36 London, opens 08:00 closes 16:30
  BOT_D_gold_ny_breakout: no trade -- outside window: 04:36 London, opens 14:30 closes 20:00
  BOT_E_eurusd_london_breakout: no trade -- outside window: 04:36 London, opens 08:00 closes 17:00
  BOT_F_nas100_vwap_reversion: NOT ELIGIBLE -- regime TRANSITION is structurally wrong for this bot
  BOT_G_nas100_h4_pullback: NOT ELIGIBLE -- regime TRANSITION is structurally wrong for this bot
  BOT_H_gold_sweep_reclaim: no trade -- outside window: 04:36 London

  CIO: 0 candidate(s); 0 funded, 0.000% total risk

===== cycle 2026-08-19 03:37:01 UTC (host local 2026-08-18 20:37:01) =====
DEMO GATE OK -> 1514166963 FTMO-Demo equity 99430.84
  bar-vs-tick gap 1s (diagnostic only; freshness is decided by clock_state after exits and reconciliation)
PREFLIGHT OK -- account, clock, data, state, ledgers all verified
  CLOCK FEED_FRESH: feed advancing, age in band, host within tolerance
profit -0.51%  daily headroom 5.00%  total headroom 9.49%  trading days 2

  DESK CLOCK 2026-08-19 04:37 London (broker)
  MARKET EURUSD      STRONG_TREND,AT_HTF_LEVEL,RISK_OFF
  MARKET US100.cash  TRANSITION,COMPRESSION,AT_HTF_LEVEL,RISK_OFF
  MARKET US500.cash  WEAK_TREND,COMPRESSION,AT_HTF_LEVEL,RISK_ON
  MARKET XAUUSD      WEAK_TREND,AT_HTF_LEVEL,RISK_OFF
  BOT_A_gold_0630_breakout: no trade -- outside window: 04:37 London, opens 06:30 closes 16:00
  BOT_B_nas100_usopen_breakout: NOT ELIGIBLE -- regime TRANSITION is structurally wrong for this bot
  BOT_C_sp500_london_breakout: no trade -- outside window: 04:37 London, opens 08:00 closes 16:30
  BOT_D_gold_ny_breakout: no trade -- outside window: 04:37 London, opens 14:30 closes 20:00
  BOT_E_eurusd_london_breakout: no trade -- outside window: 04:37 London, opens 08:00 closes 17:00
  BOT_F_nas100_vwap_reversion: NOT ELIGIBLE -- regime TRANSITION is structurally wrong for this bot
  BOT_G_nas100_h4_pullback: NOT ELIGIBLE -- regime TRANSITION is structurally wrong for this bot
  BOT_H_gold_sweep_reclaim: no trade -- outside window: 04:37 London

  CIO: 0 candidate(s); 0 funded, 0.000% total risk

===== cycle 2026-08-19 03:38:01 UTC (host local 2026-08-18 20:38:01) =====
DEMO GATE OK -> 1514166963 FTMO-Demo equity 99430.84
  bar-vs-tick gap 1s (diagnostic only; freshness is decided by clock_state after exits and reconciliation)
PREFLIGHT OK -- account, clock, data, state, ledgers all verified
  CLOCK FEED_FRESH: feed advancing, age in band, host within tolerance
profit -0.51%  daily headroom 5.00%  total headroom 9.49%  trading days 2

  DESK CLOCK 2026-08-19 04:38 London (broker)
  MARKET EURUSD      STRONG_TREND,AT_HTF_LEVEL,RISK_OFF
  MARKET US100.cash  TRANSITION,COMPRESSION,AT_HTF_LEVEL,RISK_OFF
  MARKET US500.cash  WEAK_TREND,COMPRESSION,AT_HTF_LEVEL,RISK_ON
  MARKET XAUUSD      WEAK_TREND,AT_HTF_LEVEL,RISK_ON
  BOT_A_gold_0630_breakout: no trade -- outside window: 04:38 London, opens 06:30 closes 16:00
  BOT_B_nas100_usopen_breakout: NOT ELIGIBLE -- regime TRANSITION is structurally wrong for this bot
  BOT_C_sp500_london_breakout: no trade -- outside window: 04:38 London, opens 08:00 closes 16:30
  BOT_D_gold_ny_breakout: no trade -- outside window: 04:38 London, opens 14:30 closes 20:00
  BOT_E_eurusd_london_breakout: no trade -- outside window: 04:38 London, opens 08:00 closes 17:00
  BOT_F_nas100_vwap_reversion: NOT ELIGIBLE -- regime TRANSITION is structurally wrong for this bot
  BOT_G_nas100_h4_pullback: NOT ELIGIBLE -- regime TRANSITION is structurally wrong for this bot
  BOT_H_gold_sweep_reclaim: no trade -- outside window: 04:38 London

  CIO: 0 candidate(s); 0 funded, 0.000% total risk

===== cycle 2026-08-19 03:39:01 UTC (host local 2026-08-18 20:39:01) =====
DEMO GATE OK -> 1514166963 FTMO-Demo equity 99430.84
  bar-vs-tick gap 1s (diagnostic only; freshness is decided by clock_state after exits and reconciliation)
PREFLIGHT OK -- account, clock, data, state, ledgers all verified
  CLOCK FEED_FRESH: feed advancing, age in band, host within tolerance
profit -0.51%  daily headroom 5.00%  total headroom 9.49%  trading days 2

  DESK CLOCK 2026-08-19 04:39 London (broker)
  MARKET EURUSD      STRONG_TREND,AT_HTF_LEVEL,RISK_OFF
  MARKET US100.cash  TRANSITION,COMPRESSION,AT_HTF_LEVEL,RISK_OFF
  MARKET US500.cash  WEAK_TREND,COMPRESSION,AT_HTF_LEVEL,RISK_ON
  MARKET XAUUSD      WEAK_TREND,AT_HTF_LEVEL,RISK_OFF
  BOT_A_gold_0630_breakout: no trade -- outside window: 04:39 London, opens 06:30 closes 16:00
  BOT_B_nas100_usopen_breakout: NOT ELIGIBLE -- regime TRANSITION is structurally wrong for this bot
  BOT_C_sp500_london_breakout: no trade -- outside window: 04:39 London, opens 08:00 closes 16:30
  BOT_D_gold_ny_breakout: no trade -- outside window: 04:39 London, opens 14:30 closes 20:00
  BOT_E_eurusd_london_breakout: no trade -- outside window: 04:39 London, opens 08:00 closes 17:00
  BOT_F_nas100_vwap_reversion: NOT ELIGIBLE -- regime TRANSITION is structurally wrong for this bot
  BOT_G_nas100_h4_pullback: NOT ELIGIBLE -- regime TRANSITION is structurally wrong for this bot
  BOT_H_gold_sweep_reclaim: no trade -- outside window: 04:39 London

  CIO: 0 candidate(s); 0 funded, 0.000% total risk

===== cycle 2026-08-19 03:40:01 UTC (host local 2026-08-18 20:40:01) =====
DEMO GATE OK -> 1514166963 FTMO-Demo equity 99430.84
  bar-vs-tick gap 2s (diagnostic only; freshness is decided by clock_state after exits and reconciliation)
PREFLIGHT OK -- account, clock, data, state, ledgers all verified
  CLOCK FEED_FRESH: feed advancing, age in band, host within tolerance
profit -0.51%  daily headroom 5.00%  total headroom 9.49%  trading days 2

  DESK CLOCK 2026-08-19 04:40 London (broker)
  MARKET EURUSD      STRONG_TREND,AT_HTF_LEVEL,RISK_OFF
  MARKET US100.cash  TRANSITION,COMPRESSION,AT_HTF_LEVEL,RISK_OFF
  MARKET US500.cash  WEAK_TREND,COMPRESSION,AT_HTF_LEVEL,RISK_OFF
  MARKET XAUUSD      WEAK_TREND,AT_HTF_LEVEL,RISK_OFF
  BOT_A_gold_0630_breakout: no trade -- outside window: 04:40 London, opens 06:30 closes 16:00
  BOT_B_nas100_usopen_breakout: NOT ELIGIBLE -- regime TRANSITION is structurally wrong for this bot
  BOT_C_sp500_london_breakout: no trade -- outside window: 04:40 London, opens 08:00 closes 16:30
  BOT_D_gold_ny_breakout: no trade -- outside window: 04:40 London, opens 14:30 closes 20:00
  BOT_E_eurusd_london_breakout: no trade -- outside window: 04:40 London, opens 08:00 closes 17:00
  BOT_F_nas100_vwap_reversion: NOT ELIGIBLE -- regime TRANSITION is structurally wrong for this bot
  BOT_G_nas100_h4_pullback: NOT ELIGIBLE -- regime TRANSITION is structurally wrong for this bot
  BOT_H_gold_sweep_reclaim: no trade -- outside window: 04:40 London

  CIO: 0 candidate(s); 0 funded, 0.000% total risk

===== cycle 2026-08-19 03:41:01 UTC (host local 2026-08-18 20:41:01) =====
DEMO GATE OK -> 1514166963 FTMO-Demo equity 99430.84
  bar-vs-tick gap 1s (diagnostic only; freshness is decided by clock_state after exits and reconciliation)
PREFLIGHT OK -- account, clock, data, state, ledgers all verified
  CLOCK FEED_FRESH: feed advancing, age in band, host within tolerance
profit -0.51%  daily headroom 5.00%  total headroom 9.49%  trading days 2

  DESK CLOCK 2026-08-19 04:41 London (broker)
  MARKET EURUSD      STRONG_TREND,AT_HTF_LEVEL,RISK_OFF
  MARKET US100.cash  TRANSITION,COMPRESSION,AT_HTF_LEVEL,RISK_OFF
  MARKET US500.cash  WEAK_TREND,COMPRESSION,AT_HTF_LEVEL,RISK_OFF
  MARKET XAUUSD      WEAK_TREND,AT_HTF_LEVEL,RISK_OFF
  BOT_A_gold_0630_breakout: no trade -- outside window: 04:41 London, opens 06:30 closes 16:00
  BOT_B_nas100_usopen_breakout: NOT ELIGIBLE -- regime TRANSITION is structurally wrong for this bot
  BOT_C_sp500_london_breakout: no trade -- outside window: 04:41 London, opens 08:00 closes 16:30
  BOT_D_gold_ny_breakout: no trade -- outside window: 04:41 London, opens 14:30 closes 20:00
  BOT_E_eurusd_london_breakout: no trade -- outside window: 04:41 London, opens 08:00 closes 17:00
  BOT_F_nas100_vwap_reversion: NOT ELIGIBLE -- regime TRANSITION is structurally wrong for this bot
  BOT_G_nas100_h4_pullback: NOT ELIGIBLE -- regime TRANSITION is structurally wrong for this bot
  BOT_H_gold_sweep_reclaim: no trade -- outside window: 04:41 London

  CIO: 0 candidate(s); 0 funded, 0.000% total risk

===== cycle 2026-08-19 03:42:01 UTC (host local 2026-08-18 20:42:01) =====
DEMO GATE OK -> 1514166963 FTMO-Demo equity 99430.84
  bar-vs-tick gap 1s (diagnostic only; freshness is decided by clock_state after exits and reconciliation)
PREFLIGHT OK -- account, clock, data, state, ledgers all verified
  CLOCK FEED_FRESH: feed advancing, age in band, host within tolerance
profit -0.51%  daily headroom 5.00%  total headroom 9.49%  trading days 2

  DESK CLOCK 2026-08-19 04:42 London (broker)
  MARKET EURUSD      STRONG_TREND,AT_HTF_LEVEL,RISK_OFF
  MARKET US100.cash  TRANSITION,COMPRESSION,AT_HTF_LEVEL,RISK_OFF
  MARKET US500.cash  WEAK_TREND,COMPRESSION,AT_HTF_LEVEL,RISK_OFF
  MARKET XAUUSD      WEAK_TREND,AT_HTF_LEVEL,RISK_OFF
  BOT_A_gold_0630_breakout: no trade -- outside window: 04:42 London, opens 06:30 closes 16:00
  BOT_B_nas100_usopen_breakout: NOT ELIGIBLE -- regime TRANSITION is structurally wrong for this bot
  BOT_C_sp500_london_breakout: no trade -- outside window: 04:42 London, opens 08:00 closes 16:30
  BOT_D_gold_ny_breakout: no trade -- outside window: 04:42 London, opens 14:30 closes 20:00
  BOT_E_eurusd_london_breakout: no trade -- outside window: 04:42 London, opens 08:00 closes 17:00
  BOT_F_nas100_vwap_reversion: NOT ELIGIBLE -- regime TRANSITION is structurally wrong for this bot
  BOT_G_nas100_h4_pullback: NOT ELIGIBLE -- regime TRANSITION is structurally wrong for this bot
  BOT_H_gold_sweep_reclaim: no trade -- outside window: 04:42 London

  CIO: 0 candidate(s); 0 funded, 0.000% total risk

===== cycle 2026-08-19 03:43:01 UTC (host local 2026-08-18 20:43:01) =====
DEMO GATE OK -> 1514166963 FTMO-Demo equity 99430.84
  bar-vs-tick gap 1s (diagnostic only; freshness is decided by clock_state after exits and reconciliation)
PREFLIGHT OK -- account, clock, data, state, ledgers all verified
  CLOCK FEED_FRESH: feed advancing, age in band, host within tolerance
profit -0.51%  daily headroom 5.00%  total headroom 9.49%  trading days 2

  DESK CLOCK 2026-08-19 04:43 London (broker)
  MARKET EURUSD      STRONG_TREND,AT_HTF_LEVEL,RISK_OFF
  MARKET US100.cash  TRANSITION,COMPRESSION,AT_HTF_LEVEL,RISK_OFF
  MARKET US500.cash  WEAK_TREND,COMPRESSION,AT_HTF_LEVEL,RISK_OFF
  MARKET XAUUSD      WEAK_TREND,AT_HTF_LEVEL,RISK_OFF
  BOT_A_gold_0630_breakout: no trade -- outside window: 04:43 London, opens 06:30 closes 16:00
  BOT_B_nas100_usopen_breakout: NOT ELIGIBLE -- regime TRANSITION is structurally wrong for this bot
  BOT_C_sp500_london_breakout: no trade -- outside window: 04:43 London, opens 08:00 closes 16:30
  BOT_D_gold_ny_breakout: no trade -- outside window: 04:43 London, opens 14:30 closes 20:00
  BOT_E_eurusd_london_breakout: no trade -- outside window: 04:43 London, opens 08:00 closes 17:00
  BOT_F_nas100_vwap_reversion: NOT ELIGIBLE -- regime TRANSITION is structurally wrong for this bot
  BOT_G_nas100_h4_pullback: NOT ELIGIBLE -- regime TRANSITION is structurally wrong for this bot
  BOT_H_gold_sweep_reclaim: no trade -- outside window: 04:43 London

  CIO: 0 candidate(s); 0 funded, 0.000% total risk

===== cycle 2026-08-19 03:44:01 UTC (host local 2026-08-18 20:44:01) =====
DEMO GATE OK -> 1514166963 FTMO-Demo equity 99430.84
  bar-vs-tick gap 2s (diagnostic only; freshness is decided by clock_state after exits and reconciliation)
PREFLIGHT OK -- account, clock, data, state, ledgers all verified
  CLOCK FEED_FRESH: feed advancing, age in band, host within tolerance
profit -0.51%  daily headroom 5.00%  total headroom 9.49%  trading days 2

  DESK CLOCK 2026-08-19 04:44 London (broker)
  MARKET EURUSD      STRONG_TREND,AT_HTF_LEVEL,RISK_OFF
  MARKET US100.cash  TRANSITION,COMPRESSION,AT_HTF_LEVEL,RISK_OFF
  MARKET US500.cash  WEAK_TREND,COMPRESSION,AT_HTF_LEVEL,RISK_OFF
  MARKET XAUUSD      WEAK_TREND,AT_HTF_LEVEL,RISK_OFF
  BOT_A_gold_0630_breakout: no trade -- outside window: 04:44 London, opens 06:30 closes 16:00
  BOT_B_nas100_usopen_breakout: NOT ELIGIBLE -- regime TRANSITION is structurally wrong for this bot
  BOT_C_sp500_london_breakout: no trade -- outside window: 04:44 London, opens 08:00 closes 16:30
  BOT_D_gold_ny_breakout: no trade -- outside window: 04:44 London, opens 14:30 closes 20:00
  BOT_E_eurusd_london_breakout: no trade -- outside window: 04:44 London, opens 08:00 closes 17:00
  BOT_F_nas100_vwap_reversion: NOT ELIGIBLE -- regime TRANSITION is structurally wrong for this bot
  BOT_G_nas100_h4_pullback: NOT ELIGIBLE -- regime TRANSITION is structurally wrong for this bot
  BOT_H_gold_sweep_reclaim: no trade -- outside window: 04:44 London

  CIO: 0 candidate(s); 0 funded, 0.000% total risk

===== cycle 2026-08-19 03:45:01 UTC (host local 2026-08-18 20:45:01) =====
DEMO GATE OK -> 1514166963 FTMO-Demo equity 99430.84
  bar-vs-tick gap 2s (diagnostic only; freshness is decided by clock_state after exits and reconciliation)
PREFLIGHT OK -- account, clock, data, state, ledgers all verified
  CLOCK FEED_FRESH: feed advancing, age in band, host within tolerance
profit -0.51%  daily headroom 5.00%  total headroom 9.49%  trading days 2

  DESK CLOCK 2026-08-19 04:45 London (broker)
  MARKET EURUSD      STRONG_TREND,AT_HTF_LEVEL,RISK_OFF
  MARKET US100.cash  TRANSITION,COMPRESSION,AT_HTF_LEVEL,RISK_OFF
  MARKET US500.cash  WEAK_TREND,COMPRESSION,AT_HTF_LEVEL,RISK_OFF
  MARKET XAUUSD      WEAK_TREND,AT_HTF_LEVEL,RISK_OFF
  BOT_A_gold_0630_breakout: no trade -- outside window: 04:45 London, opens 06:30 closes 16:00
  BOT_B_nas100_usopen_breakout: NOT ELIGIBLE -- regime TRANSITION is structurally wrong for this bot
  BOT_C_sp500_london_breakout: no trade -- outside window: 04:45 London, opens 08:00 closes 16:30
  BOT_D_gold_ny_breakout: no trade -- outside window: 04:45 London, opens 14:30 closes 20:00
  BOT_E_eurusd_london_breakout: no trade -- outside window: 04:45 London, opens 08:00 closes 17:00
  BOT_F_nas100_vwap_reversion: NOT ELIGIBLE -- regime TRANSITION is structurally wrong for this bot
  BOT_G_nas100_h4_pullback: NOT ELIGIBLE -- regime TRANSITION is structurally wrong for this bot
  BOT_H_gold_sweep_reclaim: no trade -- outside window: 04:45 London

  CIO: 0 candidate(s); 0 funded, 0.000% total risk

===== cycle 2026-08-19 03:46:01 UTC (host local 2026-08-18 20:46:01) =====
DEMO GATE OK -> 1514166963 FTMO-Demo equity 99430.84
  bar-vs-tick gap 1s (diagnostic only; freshness is decided by clock_state after exits and reconciliation)
PREFLIGHT OK -- account, clock, data, state, ledgers all verified
  CLOCK FEED_FRESH: feed advancing, age in band, host within tolerance
profit -0.51%  daily headroom 5.00%  total headroom 9.49%  trading days 2

  DESK CLOCK 2026-08-19 04:46 London (broker)
  MARKET EURUSD      STRONG_TREND,AT_HTF_LEVEL,RISK_OFF
  MARKET US100.cash  TRANSITION,COMPRESSION,AT_HTF_LEVEL,RISK_OFF
  MARKET US500.cash  WEAK_TREND,COMPRESSION,AT_HTF_LEVEL,RISK_OFF
  MARKET XAUUSD      WEAK_TREND,AT_HTF_LEVEL,RISK_OFF
  BOT_A_gold_0630_breakout: no trade -- outside window: 04:46 London, opens 06:30 closes 16:00
  BOT_B_nas100_usopen_breakout: NOT ELIGIBLE -- regime TRANSITION is structurally wrong for this bot
  BOT_C_sp500_london_breakout: no trade -- outside window: 04:46 London, opens 08:00 closes 16:30
  BOT_D_gold_ny_breakout: no trade -- outside window: 04:46 London, opens 14:30 closes 20:00
  BOT_E_eurusd_london_breakout: no trade -- outside window: 04:46 London, opens 08:00 closes 17:00
  BOT_F_nas100_vwap_reversion: NOT ELIGIBLE -- regime TRANSITION is structurally wrong for this bot
  BOT_G_nas100_h4_pullback: NOT ELIGIBLE -- regime TRANSITION is structurally wrong for this bot
  BOT_H_gold_sweep_reclaim: no trade -- outside window: 04:46 London

  CIO: 0 candidate(s); 0 funded, 0.000% total risk

===== cycle 2026-08-19 03:47:01 UTC (host local 2026-08-18 20:47:01) =====
DEMO GATE OK -> 1514166963 FTMO-Demo equity 99430.84
  bar-vs-tick gap 2s (diagnostic only; freshness is decided by clock_state after exits and reconciliation)
PREFLIGHT OK -- account, clock, data, state, ledgers all verified
  CLOCK FEED_FRESH: feed advancing, age in band, host within tolerance
profit -0.51%  daily headroom 5.00%  total headroom 9.49%  trading days 2

  DESK CLOCK 2026-08-19 04:47 London (broker)
  MARKET EURUSD      STRONG_TREND,AT_HTF_LEVEL,RISK_OFF
  MARKET US100.cash  TRANSITION,COMPRESSION,AT_HTF_LEVEL,RISK_OFF
  MARKET US500.cash  WEAK_TREND,COMPRESSION,AT_HTF_LEVEL,RISK_OFF
  MARKET XAUUSD      WEAK_TREND,AT_HTF_LEVEL,RISK_OFF
  BOT_A_gold_0630_breakout: no trade -- outside window: 04:47 London, opens 06:30 closes 16:00
  BOT_B_nas100_usopen_breakout: NOT ELIGIBLE -- regime TRANSITION is structurally wrong for this bot
  BOT_C_sp500_london_breakout: no trade -- outside window: 04:47 London, opens 08:00 closes 16:30
  BOT_D_gold_ny_breakout: no trade -- outside window: 04:47 London, opens 14:30 closes 20:00
  BOT_E_eurusd_london_breakout: no trade -- outside window: 04:47 London, opens 08:00 closes 17:00
  BOT_F_nas100_vwap_reversion: NOT ELIGIBLE -- regime TRANSITION is structurally wrong for this bot
  BOT_G_nas100_h4_pullback: NOT ELIGIBLE -- regime TRANSITION is structurally wrong for this bot
  BOT_H_gold_sweep_reclaim: no trade -- outside window: 04:47 London

  CIO: 0 candidate(s); 0 funded, 0.000% total risk

===== cycle 2026-08-19 03:48:01 UTC (host local 2026-08-18 20:48:01) =====
DEMO GATE OK -> 1514166963 FTMO-Demo equity 99430.84
  bar-vs-tick gap 2s (diagnostic only; freshness is decided by clock_state after exits and reconciliation)
PREFLIGHT OK -- account, clock, data, state, ledgers all verified
  CLOCK FEED_FRESH: feed advancing, age in band, host within tolerance
profit -0.51%  daily headroom 5.00%  total headroom 9.49%  trading days 2

  DESK CLOCK 2026-08-19 04:48 London (broker)
  MARKET EURUSD      STRONG_TREND,AT_HTF_LEVEL,RISK_OFF
  MARKET US100.cash  TRANSITION,COMPRESSION,AT_HTF_LEVEL,RISK_OFF
  MARKET US500.cash  WEAK_TREND,COMPRESSION,AT_HTF_LEVEL,RISK_OFF
  MARKET XAUUSD      WEAK_TREND,AT_HTF_LEVEL,RISK_OFF
  BOT_A_gold_0630_breakout: no trade -- outside window: 04:48 London, opens 06:30 closes 16:00
  BOT_B_nas100_usopen_breakout: NOT ELIGIBLE -- regime TRANSITION is structurally wrong for this bot
  BOT_C_sp500_london_breakout: no trade -- outside window: 04:48 London, opens 08:00 closes 16:30
  BOT_D_gold_ny_breakout: no trade -- outside window: 04:48 London, opens 14:30 closes 20:00
  BOT_E_eurusd_london_breakout: no trade -- outside window: 04:48 London, opens 08:00 closes 17:00
  BOT_F_nas100_vwap_reversion: NOT ELIGIBLE -- regime TRANSITION is structurally wrong for this bot
  BOT_G_nas100_h4_pullback: NOT ELIGIBLE -- regime TRANSITION is structurally wrong for this bot
  BOT_H_gold_sweep_reclaim: no trade -- outside window: 04:48 London

  CIO: 0 candidate(s); 0 funded, 0.000% total risk

===== cycle 2026-08-19 03:49:01 UTC (host local 2026-08-18 20:49:01) =====
DEMO GATE OK -> 1514166963 FTMO-Demo equity 99430.84
  bar-vs-tick gap 2s (diagnostic only; freshness is decided by clock_state after exits and reconciliation)
PREFLIGHT OK -- account, clock, data, state, ledgers all verified
  CLOCK FEED_FRESH: feed advancing, age in band, host within tolerance
profit -0.51%  daily headroom 5.00%  total headroom 9.49%  trading days 2

  DESK CLOCK 2026-08-19 04:49 London (broker)
  MARKET EURUSD      STRONG_TREND,AT_HTF_LEVEL,RISK_OFF
  MARKET US100.cash  TRANSITION,COMPRESSION,AT_HTF_LEVEL,RISK_OFF
  MARKET US500.cash  WEAK_TREND,COMPRESSION,AT_HTF_LEVEL,RISK_OFF
  MARKET XAUUSD      WEAK_TREND,AT_HTF_LEVEL,RISK_OFF
  BOT_A_gold_0630_breakout: no trade -- outside window: 04:49 London, opens 06:30 closes 16:00
  BOT_B_nas100_usopen_breakout: NOT ELIGIBLE -- regime TRANSITION is structurally wrong for this bot
  BOT_C_sp500_london_breakout: no trade -- outside window: 04:49 London, opens 08:00 closes 16:30
  BOT_D_gold_ny_breakout: no trade -- outside window: 04:49 London, opens 14:30 closes 20:00
  BOT_E_eurusd_london_breakout: no trade -- outside window: 04:49 London, opens 08:00 closes 17:00
  BOT_F_nas100_vwap_reversion: NOT ELIGIBLE -- regime TRANSITION is structurally wrong for this bot
  BOT_G_nas100_h4_pullback: NOT ELIGIBLE -- regime TRANSITION is structurally wrong for this bot
  BOT_H_gold_sweep_reclaim: no trade -- outside window: 04:49 London

  CIO: 0 candidate(s); 0 funded, 0.000% total risk

===== cycle 2026-08-19 03:50:01 UTC (host local 2026-08-18 20:50:01) =====
DEMO GATE OK -> 1514166963 FTMO-Demo equity 99430.84
  bar-vs-tick gap 2s (diagnostic only; freshness is decided by clock_state after exits and reconciliation)
PREFLIGHT OK -- account, clock, data, state, ledgers all verified
  CLOCK FEED_FRESH: feed advancing, age in band, host within tolerance
profit -0.51%  daily headroom 5.00%  total headroom 9.49%  trading days 2

  DESK CLOCK 2026-08-19 04:50 London (broker)
  MARKET EURUSD      STRONG_TREND,AT_HTF_LEVEL,RISK_OFF
  MARKET US100.cash  TRANSITION,COMPRESSION,AT_HTF_LEVEL,RISK_OFF
  MARKET US500.cash  WEAK_TREND,COMPRESSION,AT_HTF_LEVEL,RISK_OFF
  MARKET XAUUSD      WEAK_TREND,AT_HTF_LEVEL,RISK_OFF
  BOT_A_gold_0630_breakout: no trade -- outside window: 04:50 London, opens 06:30 closes 16:00
  BOT_B_nas100_usopen_breakout: NOT ELIGIBLE -- regime TRANSITION is structurally wrong for this bot
  BOT_C_sp500_london_breakout: no trade -- outside window: 04:50 London, opens 08:00 closes 16:30
  BOT_D_gold_ny_breakout: no trade -- outside window: 04:50 London, opens 14:30 closes 20:00
  BOT_E_eurusd_london_breakout: no trade -- outside window: 04:50 London, opens 08:00 closes 17:00
  BOT_F_nas100_vwap_reversion: NOT ELIGIBLE -- regime TRANSITION is structurally wrong for this bot
  BOT_G_nas100_h4_pullback: NOT ELIGIBLE -- regime TRANSITION is structurally wrong for this bot
  BOT_H_gold_sweep_reclaim: no trade -- outside window: 04:50 London

  CIO: 0 candidate(s); 0 funded, 0.000% total risk

===== cycle 2026-08-19 03:51:01 UTC (host local 2026-08-18 20:51:01) =====
DEMO GATE OK -> 1514166963 FTMO-Demo equity 99430.84
  bar-vs-tick gap 2s (diagnostic only; freshness is decided by clock_state after exits and reconciliation)
PREFLIGHT OK -- account, clock, data, state, ledgers all verified
  CLOCK FEED_FRESH: feed advancing, age in band, host within tolerance
profit -0.51%  daily headroom 5.00%  total headroom 9.49%  trading days 2

  DESK CLOCK 2026-08-19 04:51 London (broker)
  MARKET EURUSD      STRONG_TREND,AT_HTF_LEVEL,RISK_OFF
  MARKET US100.cash  TRANSITION,COMPRESSION,AT_HTF_LEVEL,RISK_OFF
  MARKET US500.cash  WEAK_TREND,COMPRESSION,AT_HTF_LEVEL,RISK_OFF
  MARKET XAUUSD      WEAK_TREND,AT_HTF_LEVEL,RISK_OFF
  BOT_A_gold_0630_breakout: no trade -- outside window: 04:51 London, opens 06:30 closes 16:00
  BOT_B_nas100_usopen_breakout: NOT ELIGIBLE -- regime TRANSITION is structurally wrong for this bot
  BOT_C_sp500_london_breakout: no trade -- outside window: 04:51 London, opens 08:00 closes 16:30
  BOT_D_gold_ny_breakout: no trade -- outside window: 04:51 London, opens 14:30 closes 20:00
  BOT_E_eurusd_london_breakout: no trade -- outside window: 04:51 London, opens 08:00 closes 17:00
  BOT_F_nas100_vwap_reversion: NOT ELIGIBLE -- regime TRANSITION is structurally wrong for this bot
  BOT_G_nas100_h4_pullback: NOT ELIGIBLE -- regime TRANSITION is structurally wrong for this bot
  BOT_H_gold_sweep_reclaim: no trade -- outside window: 04:51 London

  CIO: 0 candidate(s); 0 funded, 0.000% total risk

===== cycle 2026-08-19 03:52:01 UTC (host local 2026-08-18 20:52:01) =====
DEMO GATE OK -> 1514166963 FTMO-Demo equity 99430.84
  bar-vs-tick gap 2s (diagnostic only; freshness is decided by clock_state after exits and reconciliation)
PREFLIGHT OK -- account, clock, data, state, ledgers all verified
  CLOCK FEED_FRESH: feed advancing, age in band, host within tolerance
profit -0.51%  daily headroom 5.00%  total headroom 9.49%  trading days 2

  DESK CLOCK 2026-08-19 04:52 London (broker)
  MARKET EURUSD      STRONG_TREND,AT_HTF_LEVEL,RISK_OFF
  MARKET US100.cash  TRANSITION,COMPRESSION,AT_HTF_LEVEL,RISK_OFF
  MARKET US500.cash  WEAK_TREND,COMPRESSION,AT_HTF_LEVEL,RISK_OFF
  MARKET XAUUSD      WEAK_TREND,AT_HTF_LEVEL,RISK_OFF
  BOT_A_gold_0630_breakout: no trade -- outside window: 04:52 London, opens 06:30 closes 16:00
  BOT_B_nas100_usopen_breakout: NOT ELIGIBLE -- regime TRANSITION is structurally wrong for this bot
  BOT_C_sp500_london_breakout: no trade -- outside window: 04:52 London, opens 08:00 closes 16:30
  BOT_D_gold_ny_breakout: no trade -- outside window: 04:52 London, opens 14:30 closes 20:00
  BOT_E_eurusd_london_breakout: no trade -- outside window: 04:52 London, opens 08:00 closes 17:00
  BOT_F_nas100_vwap_reversion: NOT ELIGIBLE -- regime TRANSITION is structurally wrong for this bot
  BOT_G_nas100_h4_pullback: NOT ELIGIBLE -- regime TRANSITION is structurally wrong for this bot
  BOT_H_gold_sweep_reclaim: no trade -- outside window: 04:52 London

  CIO: 0 candidate(s); 0 funded, 0.000% total risk

===== cycle 2026-08-19 03:53:01 UTC (host local 2026-08-18 20:53:01) =====
DEMO GATE OK -> 1514166963 FTMO-Demo equity 99430.84
  bar-vs-tick gap 2s (diagnostic only; freshness is decided by clock_state after exits and reconciliation)
PREFLIGHT OK -- account, clock, data, state, ledgers all verified
  CLOCK FEED_FRESH: feed advancing, age in band, host within tolerance
profit -0.51%  daily headroom 5.00%  total headroom 9.49%  trading days 2

  DESK CLOCK 2026-08-19 04:53 London (broker)
  MARKET EURUSD      STRONG_TREND,AT_HTF_LEVEL,RISK_OFF
  MARKET US100.cash  TRANSITION,COMPRESSION,AT_HTF_LEVEL,RISK_OFF
  MARKET US500.cash  WEAK_TREND,COMPRESSION,AT_HTF_LEVEL,RISK_OFF
  MARKET XAUUSD      WEAK_TREND,AT_HTF_LEVEL,RISK_OFF
  BOT_A_gold_0630_breakout: no trade -- outside window: 04:53 London, opens 06:30 closes 16:00
  BOT_B_nas100_usopen_breakout: NOT ELIGIBLE -- regime TRANSITION is structurally wrong for this bot
  BOT_C_sp500_london_breakout: no trade -- outside window: 04:53 London, opens 08:00 closes 16:30
  BOT_D_gold_ny_breakout: no trade -- outside window: 04:53 London, opens 14:30 closes 20:00
  BOT_E_eurusd_london_breakout: no trade -- outside window: 04:53 London, opens 08:00 closes 17:00
  BOT_F_nas100_vwap_reversion: NOT ELIGIBLE -- regime TRANSITION is structurally wrong for this bot
  BOT_G_nas100_h4_pullback: NOT ELIGIBLE -- regime TRANSITION is structurally wrong for this bot
  BOT_H_gold_sweep_reclaim: no trade -- outside window: 04:53 London

  CIO: 0 candidate(s); 0 funded, 0.000% total risk

===== cycle 2026-08-19 03:54:01 UTC (host local 2026-08-18 20:54:01) =====
DEMO GATE OK -> 1514166963 FTMO-Demo equity 99430.84
  bar-vs-tick gap 62s (diagnostic only; freshness is decided by clock_state after exits and reconciliation)
PREFLIGHT OK -- account, clock, data, state, ledgers all verified
  CLOCK FEED_FRESH: feed advancing, age in band, host within tolerance
profit -0.51%  daily headroom 5.00%  total headroom 9.49%  trading days 2

  DESK CLOCK 2026-08-19 04:54 London (broker)
  MARKET EURUSD      STRONG_TREND,AT_HTF_LEVEL,RISK_OFF
  MARKET US100.cash  TRANSITION,COMPRESSION,AT_HTF_LEVEL,RISK_OFF
  MARKET US500.cash  WEAK_TREND,COMPRESSION,AT_HTF_LEVEL,RISK_OFF
  MARKET XAUUSD      WEAK_TREND,AT_HTF_LEVEL,RISK_OFF
  BOT_A_gold_0630_breakout: no trade -- outside window: 04:54 London, opens 06:30 closes 16:00
  BOT_B_nas100_usopen_breakout: NOT ELIGIBLE -- regime TRANSITION is structurally wrong for this bot
  BOT_C_sp500_london_breakout: no trade -- outside window: 04:54 London, opens 08:00 closes 16:30
  BOT_D_gold_ny_breakout: no trade -- outside window: 04:54 London, opens 14:30 closes 20:00
  BOT_E_eurusd_london_breakout: no trade -- outside window: 04:54 London, opens 08:00 closes 17:00
  BOT_F_nas100_vwap_reversion: NOT ELIGIBLE -- regime TRANSITION is structurally wrong for this bot
  BOT_G_nas100_h4_pullback: NOT ELIGIBLE -- regime TRANSITION is structurally wrong for this bot
  BOT_H_gold_sweep_reclaim: no trade -- outside window: 04:54 London

  CIO: 0 candidate(s); 0 funded, 0.000% total risk

===== cycle 2026-08-19 03:55:01 UTC (host local 2026-08-18 20:55:01) =====
DEMO GATE OK -> 1514166963 FTMO-Demo equity 99430.84
  bar-vs-tick gap 2s (diagnostic only; freshness is decided by clock_state after exits and reconciliation)
PREFLIGHT OK -- account, clock, data, state, ledgers all verified
  CLOCK FEED_FRESH: feed advancing, age in band, host within tolerance
profit -0.51%  daily headroom 5.00%  total headroom 9.49%  trading days 2

  DESK CLOCK 2026-08-19 04:55 London (broker)
  MARKET EURUSD      STRONG_TREND,AT_HTF_LEVEL,RISK_OFF
  MARKET US100.cash  TRANSITION,COMPRESSION,AT_HTF_LEVEL,RISK_OFF
  MARKET US500.cash  WEAK_TREND,COMPRESSION,AT_HTF_LEVEL,RISK_OFF
  MARKET XAUUSD      WEAK_TREND,AT_HTF_LEVEL,RISK_OFF
  BOT_A_gold_0630_breakout: no trade -- outside window: 04:55 London, opens 06:30 closes 16:00
  BOT_B_nas100_usopen_breakout: NOT ELIGIBLE -- regime TRANSITION is structurally wrong for this bot
  BOT_C_sp500_london_breakout: no trade -- outside window: 04:55 London, opens 08:00 closes 16:30
  BOT_D_gold_ny_breakout: no trade -- outside window: 04:55 London, opens 14:30 closes 20:00
  BOT_E_eurusd_london_breakout: no trade -- outside window: 04:55 London, opens 08:00 closes 17:00
  BOT_F_nas100_vwap_reversion: NOT ELIGIBLE -- regime TRANSITION is structurally wrong for this bot
  BOT_G_nas100_h4_pullback: NOT ELIGIBLE -- regime TRANSITION is structurally wrong for this bot
  BOT_H_gold_sweep_reclaim: no trade -- outside window: 04:55 London

  CIO: 0 candidate(s); 0 funded, 0.000% total risk

===== cycle 2026-08-19 03:56:01 UTC (host local 2026-08-18 20:56:01) =====
DEMO GATE OK -> 1514166963 FTMO-Demo equity 99430.84
  bar-vs-tick gap 2s (diagnostic only; freshness is decided by clock_state after exits and reconciliation)
PREFLIGHT OK -- account, clock, data, state, ledgers all verified
  CLOCK FEED_FRESH: feed advancing, age in band, host within tolerance
profit -0.51%  daily headroom 5.00%  total headroom 9.49%  trading days 2

  DESK CLOCK 2026-08-19 04:56 London (broker)
  MARKET EURUSD      STRONG_TREND,AT_HTF_LEVEL,RISK_OFF
  MARKET US100.cash  TRANSITION,COMPRESSION,AT_HTF_LEVEL,RISK_OFF
  MARKET US500.cash  WEAK_TREND,COMPRESSION,AT_HTF_LEVEL,RISK_OFF
  MARKET XAUUSD      WEAK_TREND,AT_HTF_LEVEL,RISK_OFF
  BOT_A_gold_0630_breakout: no trade -- outside window: 04:56 London, opens 06:30 closes 16:00
  BOT_B_nas100_usopen_breakout: NOT ELIGIBLE -- regime TRANSITION is structurally wrong for this bot
  BOT_C_sp500_london_breakout: no trade -- outside window: 04:56 London, opens 08:00 closes 16:30
  BOT_D_gold_ny_breakout: no trade -- outside window: 04:56 London, opens 14:30 closes 20:00
  BOT_E_eurusd_london_breakout: no trade -- outside window: 04:56 London, opens 08:00 closes 17:00
  BOT_F_nas100_vwap_reversion: NOT ELIGIBLE -- regime TRANSITION is structurally wrong for this bot
  BOT_G_nas100_h4_pullback: NOT ELIGIBLE -- regime TRANSITION is structurally wrong for this bot
  BOT_H_gold_sweep_reclaim: no trade -- outside window: 04:56 London

  CIO: 0 candidate(s); 0 funded, 0.000% total risk

===== cycle 2026-08-19 03:57:01 UTC (host local 2026-08-18 20:57:01) =====
DEMO GATE OK -> 1514166963 FTMO-Demo equity 99430.84
  bar-vs-tick gap 2s (diagnostic only; freshness is decided by clock_state after exits and reconciliation)
PREFLIGHT OK -- account, clock, data, state, ledgers all verified
  CLOCK FEED_FRESH: feed advancing, age in band, host within tolerance
profit -0.51%  daily headroom 5.00%  total headroom 9.49%  trading days 2

  DESK CLOCK 2026-08-19 04:57 London (broker)
  MARKET EURUSD      STRONG_TREND,AT_HTF_LEVEL,RISK_OFF
  MARKET US100.cash  TRANSITION,COMPRESSION,AT_HTF_LEVEL,RISK_OFF
  MARKET US500.cash  WEAK_TREND,COMPRESSION,AT_HTF_LEVEL,RISK_OFF
  MARKET XAUUSD      WEAK_TREND,AT_HTF_LEVEL,RISK_OFF
  BOT_A_gold_0630_breakout: no trade -- outside window: 04:57 London, opens 06:30 closes 16:00
  BOT_B_nas100_usopen_breakout: NOT ELIGIBLE -- regime TRANSITION is structurally wrong for this bot
  BOT_C_sp500_london_breakout: no trade -- outside window: 04:57 London, opens 08:00 closes 16:30
  BOT_D_gold_ny_breakout: no trade -- outside window: 04:57 London, opens 14:30 closes 20:00
  BOT_E_eurusd_london_breakout: no trade -- outside window: 04:57 London, opens 08:00 closes 17:00
  BOT_F_nas100_vwap_reversion: NOT ELIGIBLE -- regime TRANSITION is structurally wrong for this bot
  BOT_G_nas100_h4_pullback: NOT ELIGIBLE -- regime TRANSITION is structurally wrong for this bot
  BOT_H_gold_sweep_reclaim: no trade -- outside window: 04:57 London

  CIO: 0 candidate(s); 0 funded, 0.000% total risk

===== cycle 2026-08-19 03:58:01 UTC (host local 2026-08-18 20:58:01) =====
DEMO GATE OK -> 1514166963 FTMO-Demo equity 99430.84
  bar-vs-tick gap 2s (diagnostic only; freshness is decided by clock_state after exits and reconciliation)
PREFLIGHT OK -- account, clock, data, state, ledgers all verified
  CLOCK FEED_FRESH: feed advancing, age in band, host within tolerance
profit -0.51%  daily headroom 5.00%  total headroom 9.49%  trading days 2

  DESK CLOCK 2026-08-19 04:58 London (broker)
  MARKET EURUSD      STRONG_TREND,AT_HTF_LEVEL,RISK_OFF
  MARKET US100.cash  TRANSITION,COMPRESSION,AT_HTF_LEVEL,RISK_OFF
  MARKET US500.cash  WEAK_TREND,COMPRESSION,AT_HTF_LEVEL,RISK_OFF
  MARKET XAUUSD      WEAK_TREND,AT_HTF_LEVEL,RISK_OFF
  BOT_A_gold_0630_breakout: no trade -- outside window: 04:58 London, opens 06:30 closes 16:00
  BOT_B_nas100_usopen_breakout: NOT ELIGIBLE -- regime TRANSITION is structurally wrong for this bot
  BOT_C_sp500_london_breakout: no trade -- outside window: 04:58 London, opens 08:00 closes 16:30
  BOT_D_gold_ny_breakout: no trade -- outside window: 04:58 London, opens 14:30 closes 20:00
  BOT_E_eurusd_london_breakout: no trade -- outside window: 04:58 London, opens 08:00 closes 17:00
  BOT_F_nas100_vwap_reversion: NOT ELIGIBLE -- regime TRANSITION is structurally wrong for this bot
  BOT_G_nas100_h4_pullback: NOT ELIGIBLE -- regime TRANSITION is structurally wrong for this bot
  BOT_H_gold_sweep_reclaim: no trade -- outside window: 04:58 London

  CIO: 0 candidate(s); 0 funded, 0.000% total risk

===== cycle 2026-08-19 03:59:01 UTC (host local 2026-08-18 20:59:01) =====
DEMO GATE OK -> 1514166963 FTMO-Demo equity 99430.84
  bar-vs-tick gap 2s (diagnostic only; freshness is decided by clock_state after exits and reconciliation)
PREFLIGHT OK -- account, clock, data, state, ledgers all verified
  CLOCK FEED_FRESH: feed advancing, age in band, host within tolerance
profit -0.51%  daily headroom 5.00%  total headroom 9.49%  trading days 2

  DESK CLOCK 2026-08-19 04:59 London (broker)
  MARKET EURUSD      STRONG_TREND,AT_HTF_LEVEL,RISK_OFF
  MARKET US100.cash  TRANSITION,COMPRESSION,AT_HTF_LEVEL,RISK_OFF
  MARKET US500.cash  WEAK_TREND,COMPRESSION,AT_HTF_LEVEL,RISK_OFF
  MARKET XAUUSD      WEAK_TREND,AT_HTF_LEVEL,RISK_OFF
  BOT_A_gold_0630_breakout: no trade -- outside window: 04:59 London, opens 06:30 closes 16:00
  BOT_B_nas100_usopen_breakout: NOT ELIGIBLE -- regime TRANSITION is structurally wrong for this bot
  BOT_C_sp500_london_breakout: no trade -- outside window: 04:59 London, opens 08:00 closes 16:30
  BOT_D_gold_ny_breakout: no trade -- outside window: 04:59 London, opens 14:30 closes 20:00
  BOT_E_eurusd_london_breakout: no trade -- outside window: 04:59 London, opens 08:00 closes 17:00
  BOT_F_nas100_vwap_reversion: NOT ELIGIBLE -- regime TRANSITION is structurally wrong for this bot
  BOT_G_nas100_h4_pullback: NOT ELIGIBLE -- regime TRANSITION is structurally wrong for this bot
  BOT_H_gold_sweep_reclaim: no trade -- outside window: 04:59 London

  CIO: 0 candidate(s); 0 funded, 0.000% total risk

===== cycle 2026-08-19 04:00:01 UTC (host local 2026-08-18 21:00:01) =====
DEMO GATE OK -> 1514166963 FTMO-Demo equity 99430.84
  bar-vs-tick gap 2s (diagnostic only; freshness is decided by clock_state after exits and reconciliation)
PREFLIGHT OK -- account, clock, data, state, ledgers all verified
  CLOCK FEED_FRESH: feed advancing, age in band, host within tolerance
profit -0.51%  daily headroom 5.00%  total headroom 9.49%  trading days 2

  DESK CLOCK 2026-08-19 05:00 London (broker)
  MARKET EURUSD      STRONG_TREND,AT_HTF_LEVEL,RISK_OFF
  MARKET US100.cash  TRANSITION,COMPRESSION,AT_HTF_LEVEL,RISK_OFF
  MARKET US500.cash  WEAK_TREND,COMPRESSION,AT_HTF_LEVEL,RISK_OFF
  MARKET XAUUSD      WEAK_TREND,AT_HTF_LEVEL,RISK_OFF
  BOT_A_gold_0630_breakout: no trade -- outside window: 05:00 London, opens 06:30 closes 16:00
  BOT_B_nas100_usopen_breakout: NOT ELIGIBLE -- regime TRANSITION is structurally wrong for this bot
  BOT_C_sp500_london_breakout: no trade -- outside window: 05:00 London, opens 08:00 closes 16:30
  BOT_D_gold_ny_breakout: no trade -- outside window: 05:00 London, opens 14:30 closes 20:00
  BOT_E_eurusd_london_breakout: no trade -- outside window: 05:00 London, opens 08:00 closes 17:00
  BOT_F_nas100_vwap_reversion: NOT ELIGIBLE -- regime TRANSITION is structurally wrong for this bot
  BOT_G_nas100_h4_pullback: NOT ELIGIBLE -- regime TRANSITION is structurally wrong for this bot
  BOT_H_gold_sweep_reclaim: no trade -- outside window: 05:00 London

  CIO: 0 candidate(s); 0 funded, 0.000% total risk

===== cycle 2026-08-19 04:01:01 UTC (host local 2026-08-18 21:01:01) =====
DEMO GATE OK -> 1514166963 FTMO-Demo equity 99430.84
  bar-vs-tick gap 2s (diagnostic only; freshness is decided by clock_state after exits and reconciliation)
PREFLIGHT OK -- account, clock, data, state, ledgers all verified
  CLOCK FEED_FRESH: feed advancing, age in band, host within tolerance
profit -0.51%  daily headroom 5.00%  total headroom 9.49%  trading days 2

  DESK CLOCK 2026-08-19 05:01 London (broker)
  MARKET EURUSD      STRONG_TREND,AT_HTF_LEVEL,RISK_OFF
  MARKET US100.cash  TRANSITION,COMPRESSION,AT_HTF_LEVEL,RISK_OFF
  MARKET US500.cash  WEAK_TREND,COMPRESSION,AT_HTF_LEVEL,RISK_OFF
  MARKET XAUUSD      WEAK_TREND,AT_HTF_LEVEL,RISK_OFF
  BOT_A_gold_0630_breakout: no trade -- outside window: 05:01 London, opens 06:30 closes 16:00
  BOT_B_nas100_usopen_breakout: NOT ELIGIBLE -- regime TRANSITION is structurally wrong for this bot
  BOT_C_sp500_london_breakout: no trade -- outside window: 05:01 London, opens 08:00 closes 16:30
  BOT_D_gold_ny_breakout: no trade -- outside window: 05:01 London, opens 14:30 closes 20:00
  BOT_E_eurusd_london_breakout: no trade -- outside window: 05:01 London, opens 08:00 closes 17:00
  BOT_F_nas100_vwap_reversion: NOT ELIGIBLE -- regime TRANSITION is structurally wrong for this bot
  BOT_G_nas100_h4_pullback: NOT ELIGIBLE -- regime TRANSITION is structurally wrong for this bot
  BOT_H_gold_sweep_reclaim: no trade -- outside window: 05:01 London

  CIO: 0 candidate(s); 0 funded, 0.000% total risk

===== cycle 2026-08-19 04:02:01 UTC (host local 2026-08-18 21:02:01) =====
DEMO GATE OK -> 1514166963 FTMO-Demo equity 99430.84
  bar-vs-tick gap 1s (diagnostic only; freshness is decided by clock_state after exits and reconciliation)
PREFLIGHT OK -- account, clock, data, state, ledgers all verified
  CLOCK FEED_FRESH: feed advancing, age in band, host within tolerance
profit -0.51%  daily headroom 5.00%  total headroom 9.49%  trading days 2

  DESK CLOCK 2026-08-19 05:02 London (broker)
  MARKET EURUSD      STRONG_TREND,AT_HTF_LEVEL,RISK_OFF
  MARKET US100.cash  TRANSITION,COMPRESSION,AT_HTF_LEVEL,RISK_OFF
  MARKET US500.cash  WEAK_TREND,COMPRESSION,AT_HTF_LEVEL,RISK_OFF
  MARKET XAUUSD      WEAK_TREND,AT_HTF_LEVEL,RISK_OFF
  BOT_A_gold_0630_breakout: no trade -- outside window: 05:02 London, opens 06:30 closes 16:00
  BOT_B_nas100_usopen_breakout: NOT ELIGIBLE -- regime TRANSITION is structurally wrong for this bot
  BOT_C_sp500_london_breakout: no trade -- outside window: 05:02 London, opens 08:00 closes 16:30
  BOT_D_gold_ny_breakout: no trade -- outside window: 05:02 London, opens 14:30 closes 20:00
  BOT_E_eurusd_london_breakout: no trade -- outside window: 05:02 London, opens 08:00 closes 17:00
  BOT_F_nas100_vwap_reversion: NOT ELIGIBLE -- regime TRANSITION is structurally wrong for this bot
  BOT_G_nas100_h4_pullback: NOT ELIGIBLE -- regime TRANSITION is structurally wrong for this bot
  BOT_H_gold_sweep_reclaim: no trade -- outside window: 05:02 London

  CIO: 0 candidate(s); 0 funded, 0.000% total risk

===== cycle 2026-08-19 04:03:01 UTC (host local 2026-08-18 21:03:01) =====
DEMO GATE OK -> 1514166963 FTMO-Demo equity 99430.84
  bar-vs-tick gap 2s (diagnostic only; freshness is decided by clock_state after exits and reconciliation)
PREFLIGHT OK -- account, clock, data, state, ledgers all verified
  CLOCK FEED_FRESH: feed advancing, age in band, host within tolerance
profit -0.51%  daily headroom 5.00%  total headroom 9.49%  trading days 2

  DESK CLOCK 2026-08-19 05:03 London (broker)
  MARKET EURUSD      STRONG_TREND,AT_HTF_LEVEL,RISK_OFF
  MARKET US100.cash  TRANSITION,COMPRESSION,AT_HTF_LEVEL,RISK_OFF
  MARKET US500.cash  WEAK_TREND,COMPRESSION,AT_HTF_LEVEL,RISK_OFF
  MARKET XAUUSD      WEAK_TREND,AT_HTF_LEVEL,RISK_OFF
  BOT_A_gold_0630_breakout: no trade -- outside window: 05:03 London, opens 06:30 closes 16:00
  BOT_B_nas100_usopen_breakout: NOT ELIGIBLE -- regime TRANSITION is structurally wrong for this bot
  BOT_C_sp500_london_breakout: no trade -- outside window: 05:03 London, opens 08:00 closes 16:30
  BOT_D_gold_ny_breakout: no trade -- outside window: 05:03 London, opens 14:30 closes 20:00
  BOT_E_eurusd_london_breakout: no trade -- outside window: 05:03 London, opens 08:00 closes 17:00
  BOT_F_nas100_vwap_reversion: NOT ELIGIBLE -- regime TRANSITION is structurally wrong for this bot
  BOT_G_nas100_h4_pullback: NOT ELIGIBLE -- regime TRANSITION is structurally wrong for this bot
  BOT_H_gold_sweep_reclaim: no trade -- outside window: 05:03 London

  CIO: 0 candidate(s); 0 funded, 0.000% total risk

===== cycle 2026-08-19 04:04:01 UTC (host local 2026-08-18 21:04:01) =====
DEMO GATE OK -> 1514166963 FTMO-Demo equity 99430.84
  bar-vs-tick gap 2s (diagnostic only; freshness is decided by clock_state after exits and reconciliation)
PREFLIGHT OK -- account, clock, data, state, ledgers all verified
  CLOCK FEED_FRESH: feed advancing, age in band, host within tolerance
profit -0.51%  daily headroom 5.00%  total headroom 9.49%  trading days 2

  DESK CLOCK 2026-08-19 05:04 London (broker)
  MARKET EURUSD      STRONG_TREND,AT_HTF_LEVEL,RISK_OFF
  MARKET US100.cash  TRANSITION,COMPRESSION,AT_HTF_LEVEL,RISK_OFF
  MARKET US500.cash  WEAK_TREND,COMPRESSION,AT_HTF_LEVEL,RISK_OFF
  MARKET XAUUSD      WEAK_TREND,AT_HTF_LEVEL,RISK_OFF
  BOT_A_gold_0630_breakout: no trade -- outside window: 05:04 London, opens 06:30 closes 16:00
  BOT_B_nas100_usopen_breakout: NOT ELIGIBLE -- regime TRANSITION is structurally wrong for this bot
  BOT_C_sp500_london_breakout: no trade -- outside window: 05:04 London, opens 08:00 closes 16:30
  BOT_D_gold_ny_breakout: no trade -- outside window: 05:04 London, opens 14:30 closes 20:00
  BOT_E_eurusd_london_breakout: no trade -- outside window: 05:04 London, opens 08:00 closes 17:00
  BOT_F_nas100_vwap_reversion: NOT ELIGIBLE -- regime TRANSITION is structurally wrong for this bot
  BOT_G_nas100_h4_pullback: NOT ELIGIBLE -- regime TRANSITION is structurally wrong for this bot
  BOT_H_gold_sweep_reclaim: no trade -- outside window: 05:04 London

  CIO: 0 candidate(s); 0 funded, 0.000% total risk

===== cycle 2026-08-19 04:05:01 UTC (host local 2026-08-18 21:05:01) =====
DEMO GATE OK -> 1514166963 FTMO-Demo equity 99430.84
  bar-vs-tick gap 2s (diagnostic only; freshness is decided by clock_state after exits and reconciliation)
PREFLIGHT OK -- account, clock, data, state, ledgers all verified
  CLOCK FEED_FRESH: feed advancing, age in band, host within tolerance
profit -0.51%  daily headroom 5.00%  total headroom 9.49%  trading days 2

  DESK CLOCK 2026-08-19 05:05 London (broker)
  MARKET EURUSD      STRONG_TREND,AT_HTF_LEVEL,RISK_OFF
  MARKET US100.cash  TRANSITION,COMPRESSION,AT_HTF_LEVEL,RISK_OFF
  MARKET US500.cash  WEAK_TREND,COMPRESSION,AT_HTF_LEVEL,RISK_OFF
  MARKET XAUUSD      WEAK_TREND,AT_HTF_LEVEL,RISK_OFF
  BOT_A_gold_0630_breakout: no trade -- outside window: 05:05 London, opens 06:30 closes 16:00
  BOT_B_nas100_usopen_breakout: NOT ELIGIBLE -- regime TRANSITION is structurally wrong for this bot
  BOT_C_sp500_london_breakout: no trade -- outside window: 05:05 London, opens 08:00 closes 16:30
  BOT_D_gold_ny_breakout: no trade -- outside window: 05:05 London, opens 14:30 closes 20:00
  BOT_E_eurusd_london_breakout: no trade -- outside window: 05:05 London, opens 08:00 closes 17:00
  BOT_F_nas100_vwap_reversion: NOT ELIGIBLE -- regime TRANSITION is structurally wrong for this bot
  BOT_G_nas100_h4_pullback: NOT ELIGIBLE -- regime TRANSITION is structurally wrong for this bot
  BOT_H_gold_sweep_reclaim: no trade -- outside window: 05:05 London

  CIO: 0 candidate(s); 0 funded, 0.000% total risk

===== cycle 2026-08-19 04:06:01 UTC (host local 2026-08-18 21:06:01) =====
DEMO GATE OK -> 1514166963 FTMO-Demo equity 99430.84
  bar-vs-tick gap 62s (diagnostic only; freshness is decided by clock_state after exits and reconciliation)
PREFLIGHT OK -- account, clock, data, state, ledgers all verified
  CLOCK FEED_FRESH: feed advancing, age in band, host within tolerance
profit -0.51%  daily headroom 5.00%  total headroom 9.49%  trading days 2

  DESK CLOCK 2026-08-19 05:06 London (broker)
  MARKET EURUSD      STRONG_TREND,AT_HTF_LEVEL,RISK_OFF
  MARKET US100.cash  TRANSITION,COMPRESSION,AT_HTF_LEVEL,RISK_OFF
  MARKET US500.cash  WEAK_TREND,COMPRESSION,AT_HTF_LEVEL,RISK_OFF
  MARKET XAUUSD      WEAK_TREND,AT_HTF_LEVEL,RISK_OFF
  BOT_A_gold_0630_breakout: no trade -- outside window: 05:06 London, opens 06:30 closes 16:00
  BOT_B_nas100_usopen_breakout: NOT ELIGIBLE -- regime TRANSITION is structurally wrong for this bot
  BOT_C_sp500_london_breakout: no trade -- outside window: 05:06 London, opens 08:00 closes 16:30
  BOT_D_gold_ny_breakout: no trade -- outside window: 05:06 London, opens 14:30 closes 20:00
  BOT_E_eurusd_london_breakout: no trade -- outside window: 05:06 London, opens 08:00 closes 17:00
  BOT_F_nas100_vwap_reversion: NOT ELIGIBLE -- regime TRANSITION is structurally wrong for this bot
  BOT_G_nas100_h4_pullback: NOT ELIGIBLE -- regime TRANSITION is structurally wrong for this bot
  BOT_H_gold_sweep_reclaim: no trade -- outside window: 05:06 London

  CIO: 0 candidate(s); 0 funded, 0.000% total risk

===== cycle 2026-08-19 04:07:01 UTC (host local 2026-08-18 21:07:01) =====
DEMO GATE OK -> 1514166963 FTMO-Demo equity 99430.84
  bar-vs-tick gap 2s (diagnostic only; freshness is decided by clock_state after exits and reconciliation)
PREFLIGHT OK -- account, clock, data, state, ledgers all verified
  CLOCK FEED_FRESH: feed advancing, age in band, host within tolerance
profit -0.51%  daily headroom 5.00%  total headroom 9.49%  trading days 2

  DESK CLOCK 2026-08-19 05:07 London (broker)
  MARKET EURUSD      STRONG_TREND,AT_HTF_LEVEL,RISK_OFF
  MARKET US100.cash  TRANSITION,COMPRESSION,AT_HTF_LEVEL,RISK_OFF
  MARKET US500.cash  WEAK_TREND,COMPRESSION,AT_HTF_LEVEL,RISK_OFF
  MARKET XAUUSD      WEAK_TREND,AT_HTF_LEVEL,RISK_OFF
  BOT_A_gold_0630_breakout: no trade -- outside window: 05:07 London, opens 06:30 closes 16:00
  BOT_B_nas100_usopen_breakout: NOT ELIGIBLE -- regime TRANSITION is structurally wrong for this bot
  BOT_C_sp500_london_breakout: no trade -- outside window: 05:07 London, opens 08:00 closes 16:30
  BOT_D_gold_ny_breakout: no trade -- outside window: 05:07 London, opens 14:30 closes 20:00
  BOT_E_eurusd_london_breakout: no trade -- outside window: 05:07 London, opens 08:00 closes 17:00
  BOT_F_nas100_vwap_reversion: NOT ELIGIBLE -- regime TRANSITION is structurally wrong for this bot
  BOT_G_nas100_h4_pullback: NOT ELIGIBLE -- regime TRANSITION is structurally wrong for this bot
  BOT_H_gold_sweep_reclaim: no trade -- outside window: 05:07 London

  CIO: 0 candidate(s); 0 funded, 0.000% total risk

===== cycle 2026-08-19 04:08:01 UTC (host local 2026-08-18 21:08:01) =====
DEMO GATE OK -> 1514166963 FTMO-Demo equity 99430.84
  bar-vs-tick gap 2s (diagnostic only; freshness is decided by clock_state after exits and reconciliation)
PREFLIGHT OK -- account, clock, data, state, ledgers all verified
  CLOCK FEED_FRESH: feed advancing, age in band, host within tolerance
profit -0.51%  daily headroom 5.00%  total headroom 9.49%  trading days 2

  DESK CLOCK 2026-08-19 05:08 London (broker)
  MARKET EURUSD      STRONG_TREND,AT_HTF_LEVEL,RISK_OFF
  MARKET US100.cash  TRANSITION,COMPRESSION,AT_HTF_LEVEL,RISK_OFF
  MARKET US500.cash  WEAK_TREND,COMPRESSION,AT_HTF_LEVEL,RISK_OFF
  MARKET XAUUSD      WEAK_TREND,AT_HTF_LEVEL,RISK_OFF
  BOT_A_gold_0630_breakout: no trade -- outside window: 05:08 London, opens 06:30 closes 16:00
  BOT_B_nas100_usopen_breakout: NOT ELIGIBLE -- regime TRANSITION is structurally wrong for this bot
  BOT_C_sp500_london_breakout: no trade -- outside window: 05:08 London, opens 08:00 closes 16:30
  BOT_D_gold_ny_breakout: no trade -- outside window: 05:08 London, opens 14:30 closes 20:00
  BOT_E_eurusd_london_breakout: no trade -- outside window: 05:08 London, opens 08:00 closes 17:00
  BOT_F_nas100_vwap_reversion: NOT ELIGIBLE -- regime TRANSITION is structurally wrong for this bot
  BOT_G_nas100_h4_pullback: NOT ELIGIBLE -- regime TRANSITION is structurally wrong for this bot
  BOT_H_gold_sweep_reclaim: no trade -- outside window: 05:08 London

  CIO: 0 candidate(s); 0 funded, 0.000% total risk

===== cycle 2026-08-19 04:09:01 UTC (host local 2026-08-18 21:09:01) =====
DEMO GATE OK -> 1514166963 FTMO-Demo equity 99430.84
  bar-vs-tick gap 2s (diagnostic only; freshness is decided by clock_state after exits and reconciliation)
PREFLIGHT OK -- account, clock, data, state, ledgers all verified
  CLOCK FEED_FRESH: feed advancing, age in band, host within tolerance
profit -0.51%  daily headroom 5.00%  total headroom 9.49%  trading days 2

  DESK CLOCK 2026-08-19 05:09 London (broker)
  MARKET EURUSD      STRONG_TREND,AT_HTF_LEVEL,RISK_OFF
  MARKET US100.cash  TRANSITION,COMPRESSION,AT_HTF_LEVEL,RISK_OFF
  MARKET US500.cash  WEAK_TREND,COMPRESSION,AT_HTF_LEVEL,RISK_OFF
  MARKET XAUUSD      WEAK_TREND,AT_HTF_LEVEL,RISK_OFF
  BOT_A_gold_0630_breakout: no trade -- outside window: 05:09 London, opens 06:30 closes 16:00
  BOT_B_nas100_usopen_breakout: NOT ELIGIBLE -- regime TRANSITION is structurally wrong for this bot
  BOT_C_sp500_london_breakout: no trade -- outside window: 05:09 London, opens 08:00 closes 16:30
  BOT_D_gold_ny_breakout: no trade -- outside window: 05:09 London, opens 14:30 closes 20:00
  BOT_E_eurusd_london_breakout: no trade -- outside window: 05:09 London, opens 08:00 closes 17:00
  BOT_F_nas100_vwap_reversion: NOT ELIGIBLE -- regime TRANSITION is structurally wrong for this bot
  BOT_G_nas100_h4_pullback: NOT ELIGIBLE -- regime TRANSITION is structurally wrong for this bot
  BOT_H_gold_sweep_reclaim: no trade -- outside window: 05:09 London

  CIO: 0 candidate(s); 0 funded, 0.000% total risk

===== cycle 2026-08-19 04:10:01 UTC (host local 2026-08-18 21:10:01) =====
DEMO GATE OK -> 1514166963 FTMO-Demo equity 99430.84
  bar-vs-tick gap 2s (diagnostic only; freshness is decided by clock_state after exits and reconciliation)
PREFLIGHT OK -- account, clock, data, state, ledgers all verified
  CLOCK FEED_FRESH: feed advancing, age in band, host within tolerance
profit -0.51%  daily headroom 5.00%  total headroom 9.49%  trading days 2

  DESK CLOCK 2026-08-19 05:10 London (broker)
  MARKET EURUSD      STRONG_TREND,AT_HTF_LEVEL,RISK_OFF
  MARKET US100.cash  TRANSITION,COMPRESSION,AT_HTF_LEVEL,RISK_OFF
  MARKET US500.cash  WEAK_TREND,COMPRESSION,AT_HTF_LEVEL,RISK_OFF
  MARKET XAUUSD      WEAK_TREND,AT_HTF_LEVEL,RISK_OFF
  BOT_A_gold_0630_breakout: no trade -- outside window: 05:10 London, opens 06:30 closes 16:00
  BOT_B_nas100_usopen_breakout: NOT ELIGIBLE -- regime TRANSITION is structurally wrong for this bot
  BOT_C_sp500_london_breakout: no trade -- outside window: 05:10 London, opens 08:00 closes 16:30
  BOT_D_gold_ny_breakout: no trade -- outside window: 05:10 London, opens 14:30 closes 20:00
  BOT_E_eurusd_london_breakout: no trade -- outside window: 05:10 London, opens 08:00 closes 17:00
  BOT_F_nas100_vwap_reversion: NOT ELIGIBLE -- regime TRANSITION is structurally wrong for this bot
  BOT_G_nas100_h4_pullback: NOT ELIGIBLE -- regime TRANSITION is structurally wrong for this bot
  BOT_H_gold_sweep_reclaim: no trade -- outside window: 05:10 London

  CIO: 0 candidate(s); 0 funded, 0.000% total risk

===== cycle 2026-08-19 04:11:01 UTC (host local 2026-08-18 21:11:01) =====
DEMO GATE OK -> 1514166963 FTMO-Demo equity 99430.84
  bar-vs-tick gap 2s (diagnostic only; freshness is decided by clock_state after exits and reconciliation)
PREFLIGHT OK -- account, clock, data, state, ledgers all verified
  CLOCK FEED_FRESH: feed advancing, age in band, host within tolerance
profit -0.51%  daily headroom 5.00%  total headroom 9.49%  trading days 2

  DESK CLOCK 2026-08-19 05:11 London (broker)
  MARKET EURUSD      STRONG_TREND,AT_HTF_LEVEL,RISK_OFF
  MARKET US100.cash  TRANSITION,COMPRESSION,AT_HTF_LEVEL,RISK_OFF
  MARKET US500.cash  WEAK_TREND,COMPRESSION,AT_HTF_LEVEL,RISK_OFF
  MARKET XAUUSD      WEAK_TREND,AT_HTF_LEVEL,RISK_OFF
  BOT_A_gold_0630_breakout: no trade -- outside window: 05:11 London, opens 06:30 closes 16:00
  BOT_B_nas100_usopen_breakout: NOT ELIGIBLE -- regime TRANSITION is structurally wrong for this bot
  BOT_C_sp500_london_breakout: no trade -- outside window: 05:11 London, opens 08:00 closes 16:30
  BOT_D_gold_ny_breakout: no trade -- outside window: 05:11 London, opens 14:30 closes 20:00
  BOT_E_eurusd_london_breakout: no trade -- outside window: 05:11 London, opens 08:00 closes 17:00
  BOT_F_nas100_vwap_reversion: NOT ELIGIBLE -- regime TRANSITION is structurally wrong for this bot
  BOT_G_nas100_h4_pullback: NOT ELIGIBLE -- regime TRANSITION is structurally wrong for this bot
  BOT_H_gold_sweep_reclaim: no trade -- outside window: 05:11 London

  CIO: 0 candidate(s); 0 funded, 0.000% total risk

===== cycle 2026-08-19 04:12:01 UTC (host local 2026-08-18 21:12:01) =====
DEMO GATE OK -> 1514166963 FTMO-Demo equity 99430.84
  bar-vs-tick gap 2s (diagnostic only; freshness is decided by clock_state after exits and reconciliation)
PREFLIGHT OK -- account, clock, data, state, ledgers all verified
  CLOCK FEED_FRESH: feed advancing, age in band, host within tolerance
profit -0.51%  daily headroom 5.00%  total headroom 9.49%  trading days 2

  DESK CLOCK 2026-08-19 05:12 London (broker)
  MARKET EURUSD      STRONG_TREND,AT_HTF_LEVEL,RISK_OFF
  MARKET US100.cash  TRANSITION,COMPRESSION,AT_HTF_LEVEL,RISK_OFF
  MARKET US500.cash  WEAK_TREND,COMPRESSION,AT_HTF_LEVEL,RISK_OFF
  MARKET XAUUSD      WEAK_TREND,AT_HTF_LEVEL,RISK_OFF
  BOT_A_gold_0630_breakout: no trade -- outside window: 05:12 London, opens 06:30 closes 16:00
  BOT_B_nas100_usopen_breakout: NOT ELIGIBLE -- regime TRANSITION is structurally wrong for this bot
  BOT_C_sp500_london_breakout: no trade -- outside window: 05:12 London, opens 08:00 closes 16:30
  BOT_D_gold_ny_breakout: no trade -- outside window: 05:12 London, opens 14:30 closes 20:00
  BOT_E_eurusd_london_breakout: no trade -- outside window: 05:12 London, opens 08:00 closes 17:00
  BOT_F_nas100_vwap_reversion: NOT ELIGIBLE -- regime TRANSITION is structurally wrong for this bot
  BOT_G_nas100_h4_pullback: NOT ELIGIBLE -- regime TRANSITION is structurally wrong for this bot
  BOT_H_gold_sweep_reclaim: no trade -- outside window: 05:12 London

  CIO: 0 candidate(s); 0 funded, 0.000% total risk

===== cycle 2026-08-19 04:13:01 UTC (host local 2026-08-18 21:13:01) =====
DEMO GATE OK -> 1514166963 FTMO-Demo equity 99430.84
  bar-vs-tick gap 2s (diagnostic only; freshness is decided by clock_state after exits and reconciliation)
PREFLIGHT OK -- account, clock, data, state, ledgers all verified
  CLOCK FEED_FRESH: feed advancing, age in band, host within tolerance
profit -0.51%  daily headroom 5.00%  total headroom 9.49%  trading days 2

  DESK CLOCK 2026-08-19 05:13 London (broker)
  MARKET EURUSD      STRONG_TREND,AT_HTF_LEVEL,RISK_OFF
  MARKET US100.cash  TRANSITION,COMPRESSION,AT_HTF_LEVEL,RISK_OFF
  MARKET US500.cash  WEAK_TREND,COMPRESSION,AT_HTF_LEVEL,RISK_OFF
  MARKET XAUUSD      WEAK_TREND,AT_HTF_LEVEL,RISK_OFF
  BOT_A_gold_0630_breakout: no trade -- outside window: 05:13 London, opens 06:30 closes 16:00
  BOT_B_nas100_usopen_breakout: NOT ELIGIBLE -- regime TRANSITION is structurally wrong for this bot
  BOT_C_sp500_london_breakout: no trade -- outside window: 05:13 London, opens 08:00 closes 16:30
  BOT_D_gold_ny_breakout: no trade -- outside window: 05:13 London, opens 14:30 closes 20:00
  BOT_E_eurusd_london_breakout: no trade -- outside window: 05:13 London, opens 08:00 closes 17:00
  BOT_F_nas100_vwap_reversion: NOT ELIGIBLE -- regime TRANSITION is structurally wrong for this bot
  BOT_G_nas100_h4_pullback: NOT ELIGIBLE -- regime TRANSITION is structurally wrong for this bot
  BOT_H_gold_sweep_reclaim: no trade -- outside window: 05:13 London

  CIO: 0 candidate(s); 0 funded, 0.000% total risk

===== cycle 2026-08-19 04:14:01 UTC (host local 2026-08-18 21:14:01) =====
DEMO GATE OK -> 1514166963 FTMO-Demo equity 99430.84
  bar-vs-tick gap 2s (diagnostic only; freshness is decided by clock_state after exits and reconciliation)
PREFLIGHT OK -- account, clock, data, state, ledgers all verified
  CLOCK FEED_FRESH: feed advancing, age in band, host within tolerance
profit -0.51%  daily headroom 5.00%  total headroom 9.49%  trading days 2

  DESK CLOCK 2026-08-19 05:14 London (broker)
  MARKET EURUSD      STRONG_TREND,AT_HTF_LEVEL,RISK_OFF
  MARKET US100.cash  TRANSITION,COMPRESSION,AT_HTF_LEVEL,RISK_OFF
  MARKET US500.cash  WEAK_TREND,COMPRESSION,AT_HTF_LEVEL,RISK_OFF
  MARKET XAUUSD      WEAK_TREND,AT_HTF_LEVEL,RISK_OFF
  BOT_A_gold_0630_breakout: no trade -- outside window: 05:14 London, opens 06:30 closes 16:00
  BOT_B_nas100_usopen_breakout: NOT ELIGIBLE -- regime TRANSITION is structurally wrong for this bot
  BOT_C_sp500_london_breakout: no trade -- outside window: 05:14 London, opens 08:00 closes 16:30
  BOT_D_gold_ny_breakout: no trade -- outside window: 05:14 London, opens 14:30 closes 20:00
  BOT_E_eurusd_london_breakout: no trade -- outside window: 05:14 London, opens 08:00 closes 17:00
  BOT_F_nas100_vwap_reversion: NOT ELIGIBLE -- regime TRANSITION is structurally wrong for this bot
  BOT_G_nas100_h4_pullback: NOT ELIGIBLE -- regime TRANSITION is structurally wrong for this bot
  BOT_H_gold_sweep_reclaim: no trade -- outside window: 05:14 London

  CIO: 0 candidate(s); 0 funded, 0.000% total risk

===== cycle 2026-08-19 04:15:01 UTC (host local 2026-08-18 21:15:01) =====
DEMO GATE OK -> 1514166963 FTMO-Demo equity 99430.84
  bar-vs-tick gap 2s (diagnostic only; freshness is decided by clock_state after exits and reconciliation)
PREFLIGHT OK -- account, clock, data, state, ledgers all verified
  CLOCK FEED_FRESH: feed advancing, age in band, host within tolerance
profit -0.51%  daily headroom 5.00%  total headroom 9.49%  trading days 2

  DESK CLOCK 2026-08-19 05:15 London (broker)
  MARKET EURUSD      STRONG_TREND,AT_HTF_LEVEL,RISK_OFF
  MARKET US100.cash  TRANSITION,COMPRESSION,AT_HTF_LEVEL,RISK_OFF
  MARKET US500.cash  WEAK_TREND,COMPRESSION,AT_HTF_LEVEL,RISK_OFF
  MARKET XAUUSD      WEAK_TREND,AT_HTF_LEVEL,RISK_OFF
  BOT_A_gold_0630_breakout: no trade -- outside window: 05:15 London, opens 06:30 closes 16:00
  BOT_B_nas100_usopen_breakout: NOT ELIGIBLE -- regime TRANSITION is structurally wrong for this bot
  BOT_C_sp500_london_breakout: no trade -- outside window: 05:15 London, opens 08:00 closes 16:30
  BOT_D_gold_ny_breakout: no trade -- outside window: 05:15 London, opens 14:30 closes 20:00
  BOT_E_eurusd_london_breakout: no trade -- outside window: 05:15 London, opens 08:00 closes 17:00
  BOT_F_nas100_vwap_reversion: NOT ELIGIBLE -- regime TRANSITION is structurally wrong for this bot
  BOT_G_nas100_h4_pullback: NOT ELIGIBLE -- regime TRANSITION is structurally wrong for this bot
  BOT_H_gold_sweep_reclaim: no trade -- outside window: 05:15 London

  CIO: 0 candidate(s); 0 funded, 0.000% total risk

===== cycle 2026-08-19 04:16:01 UTC (host local 2026-08-18 21:16:01) =====
DEMO GATE OK -> 1514166963 FTMO-Demo equity 99430.84
  bar-vs-tick gap 2s (diagnostic only; freshness is decided by clock_state after exits and reconciliation)
PREFLIGHT OK -- account, clock, data, state, ledgers all verified
  CLOCK FEED_FRESH: feed advancing, age in band, host within tolerance
profit -0.51%  daily headroom 5.00%  total headroom 9.49%  trading days 2

  DESK CLOCK 2026-08-19 05:16 London (broker)
  MARKET EURUSD      STRONG_TREND,AT_HTF_LEVEL,RISK_OFF
  MARKET US100.cash  TRANSITION,COMPRESSION,AT_HTF_LEVEL,RISK_OFF
  MARKET US500.cash  WEAK_TREND,COMPRESSION,AT_HTF_LEVEL,RISK_OFF
  MARKET XAUUSD      WEAK_TREND,AT_HTF_LEVEL,RISK_OFF
  BOT_A_gold_0630_breakout: no trade -- outside window: 05:16 London, opens 06:30 closes 16:00
  BOT_B_nas100_usopen_breakout: NOT ELIGIBLE -- regime TRANSITION is structurally wrong for this bot
  BOT_C_sp500_london_breakout: no trade -- outside window: 05:16 London, opens 08:00 closes 16:30
  BOT_D_gold_ny_breakout: no trade -- outside window: 05:16 London, opens 14:30 closes 20:00
  BOT_E_eurusd_london_breakout: no trade -- outside window: 05:16 London, opens 08:00 closes 17:00
  BOT_F_nas100_vwap_reversion: NOT ELIGIBLE -- regime TRANSITION is structurally wrong for this bot
  BOT_G_nas100_h4_pullback: NOT ELIGIBLE -- regime TRANSITION is structurally wrong for this bot
  BOT_H_gold_sweep_reclaim: no trade -- outside window: 05:16 London

  CIO: 0 candidate(s); 0 funded, 0.000% total risk

===== cycle 2026-08-19 04:17:01 UTC (host local 2026-08-18 21:17:01) =====
DEMO GATE OK -> 1514166963 FTMO-Demo equity 99430.84
  bar-vs-tick gap 2s (diagnostic only; freshness is decided by clock_state after exits and reconciliation)
PREFLIGHT OK -- account, clock, data, state, ledgers all verified
  CLOCK FEED_FRESH: feed advancing, age in band, host within tolerance
profit -0.51%  daily headroom 5.00%  total headroom 9.49%  trading days 2

  DESK CLOCK 2026-08-19 05:17 London (broker)
  MARKET EURUSD      STRONG_TREND,AT_HTF_LEVEL,RISK_OFF
  MARKET US100.cash  TRANSITION,COMPRESSION,AT_HTF_LEVEL,RISK_OFF
  MARKET US500.cash  WEAK_TREND,COMPRESSION,AT_HTF_LEVEL,RISK_OFF
  MARKET XAUUSD      WEAK_TREND,AT_HTF_LEVEL,RISK_OFF
  BOT_A_gold_0630_breakout: no trade -- outside window: 05:17 London, opens 06:30 closes 16:00
  BOT_B_nas100_usopen_breakout: NOT ELIGIBLE -- regime TRANSITION is structurally wrong for this bot
  BOT_C_sp500_london_breakout: no trade -- outside window: 05:17 London, opens 08:00 closes 16:30
  BOT_D_gold_ny_breakout: no trade -- outside window: 05:17 London, opens 14:30 closes 20:00
  BOT_E_eurusd_london_breakout: no trade -- outside window: 05:17 London, opens 08:00 closes 17:00
  BOT_F_nas100_vwap_reversion: NOT ELIGIBLE -- regime TRANSITION is structurally wrong for this bot
  BOT_G_nas100_h4_pullback: NOT ELIGIBLE -- regime TRANSITION is structurally wrong for this bot
  BOT_H_gold_sweep_reclaim: no trade -- outside window: 05:17 London

  CIO: 0 candidate(s); 0 funded, 0.000% total risk

===== cycle 2026-08-19 04:18:01 UTC (host local 2026-08-18 21:18:01) =====
DEMO GATE OK -> 1514166963 FTMO-Demo equity 99430.84
  bar-vs-tick gap 2s (diagnostic only; freshness is decided by clock_state after exits and reconciliation)
PREFLIGHT OK -- account, clock, data, state, ledgers all verified
  CLOCK FEED_FRESH: feed advancing, age in band, host within tolerance
profit -0.51%  daily headroom 5.00%  total headroom 9.49%  trading days 2

  DESK CLOCK 2026-08-19 05:18 London (broker)
  MARKET EURUSD      STRONG_TREND,AT_HTF_LEVEL,RISK_OFF
  MARKET US100.cash  TRANSITION,COMPRESSION,AT_HTF_LEVEL,RISK_OFF
  MARKET US500.cash  WEAK_TREND,COMPRESSION,AT_HTF_LEVEL,RISK_OFF
  MARKET XAUUSD      WEAK_TREND,AT_HTF_LEVEL,RISK_OFF
  BOT_A_gold_0630_breakout: no trade -- outside window: 05:18 London, opens 06:30 closes 16:00
  BOT_B_nas100_usopen_breakout: NOT ELIGIBLE -- regime TRANSITION is structurally wrong for this bot
  BOT_C_sp500_london_breakout: no trade -- outside window: 05:18 London, opens 08:00 closes 16:30
  BOT_D_gold_ny_breakout: no trade -- outside window: 05:18 London, opens 14:30 closes 20:00
  BOT_E_eurusd_london_breakout: no trade -- outside window: 05:18 London, opens 08:00 closes 17:00
  BOT_F_nas100_vwap_reversion: NOT ELIGIBLE -- regime TRANSITION is structurally wrong for this bot
  BOT_G_nas100_h4_pullback: NOT ELIGIBLE -- regime TRANSITION is structurally wrong for this bot
  BOT_H_gold_sweep_reclaim: no trade -- outside window: 05:18 London

  CIO: 0 candidate(s); 0 funded, 0.000% total risk

===== cycle 2026-08-19 04:19:01 UTC (host local 2026-08-18 21:19:01) =====
DEMO GATE OK -> 1514166963 FTMO-Demo equity 99430.84
  bar-vs-tick gap 2s (diagnostic only; freshness is decided by clock_state after exits and reconciliation)
PREFLIGHT OK -- account, clock, data, state, ledgers all verified
  CLOCK FEED_FRESH: feed advancing, age in band, host within tolerance
profit -0.51%  daily headroom 5.00%  total headroom 9.49%  trading days 2

  DESK CLOCK 2026-08-19 05:19 London (broker)
  MARKET EURUSD      STRONG_TREND,AT_HTF_LEVEL,RISK_OFF
  MARKET US100.cash  TRANSITION,COMPRESSION,AT_HTF_LEVEL,RISK_OFF
  MARKET US500.cash  WEAK_TREND,COMPRESSION,AT_HTF_LEVEL,RISK_OFF
  MARKET XAUUSD      WEAK_TREND,AT_HTF_LEVEL,RISK_OFF
  BOT_A_gold_0630_breakout: no trade -- outside window: 05:19 London, opens 06:30 closes 16:00
  BOT_B_nas100_usopen_breakout: NOT ELIGIBLE -- regime TRANSITION is structurally wrong for this bot
  BOT_C_sp500_london_breakout: no trade -- outside window: 05:19 London, opens 08:00 closes 16:30
  BOT_D_gold_ny_breakout: no trade -- outside window: 05:19 London, opens 14:30 closes 20:00
  BOT_E_eurusd_london_breakout: no trade -- outside window: 05:19 London, opens 08:00 closes 17:00
  BOT_F_nas100_vwap_reversion: NOT ELIGIBLE -- regime TRANSITION is structurally wrong for this bot
  BOT_G_nas100_h4_pullback: NOT ELIGIBLE -- regime TRANSITION is structurally wrong for this bot
  BOT_H_gold_sweep_reclaim: no trade -- outside window: 05:19 London

  CIO: 0 candidate(s); 0 funded, 0.000% total risk

===== cycle 2026-08-19 04:20:01 UTC (host local 2026-08-18 21:20:01) =====
DEMO GATE OK -> 1514166963 FTMO-Demo equity 99430.84
  bar-vs-tick gap 2s (diagnostic only; freshness is decided by clock_state after exits and reconciliation)
PREFLIGHT OK -- account, clock, data, state, ledgers all verified
  CLOCK FEED_FRESH: feed advancing, age in band, host within tolerance
profit -0.51%  daily headroom 5.00%  total headroom 9.49%  trading days 2

  DESK CLOCK 2026-08-19 05:20 London (broker)
  MARKET EURUSD      STRONG_TREND,AT_HTF_LEVEL,RISK_OFF
  MARKET US100.cash  TRANSITION,COMPRESSION,AT_HTF_LEVEL,RISK_OFF
  MARKET US500.cash  WEAK_TREND,COMPRESSION,AT_HTF_LEVEL,RISK_OFF
  MARKET XAUUSD      WEAK_TREND,AT_HTF_LEVEL,RISK_OFF
  BOT_A_gold_0630_breakout: no trade -- outside window: 05:20 London, opens 06:30 closes 16:00
  BOT_B_nas100_usopen_breakout: NOT ELIGIBLE -- regime TRANSITION is structurally wrong for this bot
  BOT_C_sp500_london_breakout: no trade -- outside window: 05:20 London, opens 08:00 closes 16:30
  BOT_D_gold_ny_breakout: no trade -- outside window: 05:20 London, opens 14:30 closes 20:00
  BOT_E_eurusd_london_breakout: no trade -- outside window: 05:20 London, opens 08:00 closes 17:00
  BOT_F_nas100_vwap_reversion: NOT ELIGIBLE -- regime TRANSITION is structurally wrong for this bot
  BOT_G_nas100_h4_pullback: NOT ELIGIBLE -- regime TRANSITION is structurally wrong for this bot
  BOT_H_gold_sweep_reclaim: no trade -- outside window: 05:20 London

  CIO: 0 candidate(s); 0 funded, 0.000% total risk

===== cycle 2026-08-19 04:21:01 UTC (host local 2026-08-18 21:21:01) =====
DEMO GATE OK -> 1514166963 FTMO-Demo equity 99430.84
  bar-vs-tick gap 2s (diagnostic only; freshness is decided by clock_state after exits and reconciliation)
PREFLIGHT OK -- account, clock, data, state, ledgers all verified
  CLOCK FEED_FRESH: feed advancing, age in band, host within tolerance
profit -0.51%  daily headroom 5.00%  total headroom 9.49%  trading days 2

  DESK CLOCK 2026-08-19 05:21 London (broker)
  MARKET EURUSD      STRONG_TREND,AT_HTF_LEVEL,RISK_OFF
  MARKET US100.cash  TRANSITION,COMPRESSION,AT_HTF_LEVEL,RISK_OFF
  MARKET US500.cash  WEAK_TREND,COMPRESSION,AT_HTF_LEVEL,RISK_OFF
  MARKET XAUUSD      WEAK_TREND,AT_HTF_LEVEL,RISK_OFF
  BOT_A_gold_0630_breakout: no trade -- outside window: 05:21 London, opens 06:30 closes 16:00
  BOT_B_nas100_usopen_breakout: NOT ELIGIBLE -- regime TRANSITION is structurally wrong for this bot
  BOT_C_sp500_london_breakout: no trade -- outside window: 05:21 London, opens 08:00 closes 16:30
  BOT_D_gold_ny_breakout: no trade -- outside window: 05:21 London, opens 14:30 closes 20:00
  BOT_E_eurusd_london_breakout: no trade -- outside window: 05:21 London, opens 08:00 closes 17:00
  BOT_F_nas100_vwap_reversion: NOT ELIGIBLE -- regime TRANSITION is structurally wrong for this bot
  BOT_G_nas100_h4_pullback: NOT ELIGIBLE -- regime TRANSITION is structurally wrong for this bot
  BOT_H_gold_sweep_reclaim: no trade -- outside window: 05:21 London

  CIO: 0 candidate(s); 0 funded, 0.000% total risk

===== cycle 2026-08-19 04:22:01 UTC (host local 2026-08-18 21:22:01) =====
DEMO GATE OK -> 1514166963 FTMO-Demo equity 99430.84
  bar-vs-tick gap 2s (diagnostic only; freshness is decided by clock_state after exits and reconciliation)
PREFLIGHT OK -- account, clock, data, state, ledgers all verified
  CLOCK FEED_FRESH: feed advancing, age in band, host within tolerance
profit -0.51%  daily headroom 5.00%  total headroom 9.49%  trading days 2

  DESK CLOCK 2026-08-19 05:22 London (broker)
  MARKET EURUSD      STRONG_TREND,AT_HTF_LEVEL,RISK_OFF
  MARKET US100.cash  TRANSITION,COMPRESSION,AT_HTF_LEVEL,RISK_OFF
  MARKET US500.cash  WEAK_TREND,COMPRESSION,AT_HTF_LEVEL,RISK_OFF
  MARKET XAUUSD      WEAK_TREND,AT_HTF_LEVEL,RISK_OFF
  BOT_A_gold_0630_breakout: no trade -- outside window: 05:22 London, opens 06:30 closes 16:00
  BOT_B_nas100_usopen_breakout: NOT ELIGIBLE -- regime TRANSITION is structurally wrong for this bot
  BOT_C_sp500_london_breakout: no trade -- outside window: 05:22 London, opens 08:00 closes 16:30
  BOT_D_gold_ny_breakout: no trade -- outside window: 05:22 London, opens 14:30 closes 20:00
  BOT_E_eurusd_london_breakout: no trade -- outside window: 05:22 London, opens 08:00 closes 17:00
  BOT_F_nas100_vwap_reversion: NOT ELIGIBLE -- regime TRANSITION is structurally wrong for this bot
  BOT_G_nas100_h4_pullback: NOT ELIGIBLE -- regime TRANSITION is structurally wrong for this bot
  BOT_H_gold_sweep_reclaim: no trade -- outside window: 05:22 London

  CIO: 0 candidate(s); 0 funded, 0.000% total risk

===== cycle 2026-08-19 04:23:01 UTC (host local 2026-08-18 21:23:01) =====
DEMO GATE OK -> 1514166963 FTMO-Demo equity 99430.84
  bar-vs-tick gap 2s (diagnostic only; freshness is decided by clock_state after exits and reconciliation)
PREFLIGHT OK -- account, clock, data, state, ledgers all verified
  CLOCK FEED_FRESH: feed advancing, age in band, host within tolerance
profit -0.51%  daily headroom 5.00%  total headroom 9.49%  trading days 2

  DESK CLOCK 2026-08-19 05:23 London (broker)
  MARKET EURUSD      STRONG_TREND,AT_HTF_LEVEL,RISK_OFF
  MARKET US100.cash  TRANSITION,COMPRESSION,AT_HTF_LEVEL,RISK_OFF
  MARKET US500.cash  WEAK_TREND,COMPRESSION,AT_HTF_LEVEL,RISK_OFF
  MARKET XAUUSD      WEAK_TREND,AT_HTF_LEVEL,RISK_OFF
  BOT_A_gold_0630_breakout: no trade -- outside window: 05:23 London, opens 06:30 closes 16:00
  BOT_B_nas100_usopen_breakout: NOT ELIGIBLE -- regime TRANSITION is structurally wrong for this bot
  BOT_C_sp500_london_breakout: no trade -- outside window: 05:23 London, opens 08:00 closes 16:30
  BOT_D_gold_ny_breakout: no trade -- outside window: 05:23 London, opens 14:30 closes 20:00
  BOT_E_eurusd_london_breakout: no trade -- outside window: 05:23 London, opens 08:00 closes 17:00
  BOT_F_nas100_vwap_reversion: NOT ELIGIBLE -- regime TRANSITION is structurally wrong for this bot
  BOT_G_nas100_h4_pullback: NOT ELIGIBLE -- regime TRANSITION is structurally wrong for this bot
  BOT_H_gold_sweep_reclaim: no trade -- outside window: 05:23 London

  CIO: 0 candidate(s); 0 funded, 0.000% total risk

===== cycle 2026-08-19 04:24:01 UTC (host local 2026-08-18 21:24:01) =====
DEMO GATE OK -> 1514166963 FTMO-Demo equity 99430.84
  bar-vs-tick gap 2s (diagnostic only; freshness is decided by clock_state after exits and reconciliation)
PREFLIGHT OK -- account, clock, data, state, ledgers all verified
  CLOCK FEED_FRESH: feed advancing, age in band, host within tolerance
profit -0.51%  daily headroom 5.00%  total headroom 9.49%  trading days 2

  DESK CLOCK 2026-08-19 05:24 London (broker)
  MARKET EURUSD      STRONG_TREND,AT_HTF_LEVEL,RISK_OFF
  MARKET US100.cash  TRANSITION,COMPRESSION,AT_HTF_LEVEL,RISK_OFF
  MARKET US500.cash  WEAK_TREND,COMPRESSION,AT_HTF_LEVEL,RISK_OFF
  MARKET XAUUSD      WEAK_TREND,AT_HTF_LEVEL,RISK_OFF
  BOT_A_gold_0630_breakout: no trade -- outside window: 05:24 London, opens 06:30 closes 16:00
  BOT_B_nas100_usopen_breakout: NOT ELIGIBLE -- regime TRANSITION is structurally wrong for this bot
  BOT_C_sp500_london_breakout: no trade -- outside window: 05:24 London, opens 08:00 closes 16:30
  BOT_D_gold_ny_breakout: no trade -- outside window: 05:24 London, opens 14:30 closes 20:00
  BOT_E_eurusd_london_breakout: no trade -- outside window: 05:24 London, opens 08:00 closes 17:00
  BOT_F_nas100_vwap_reversion: NOT ELIGIBLE -- regime TRANSITION is structurally wrong for this bot
  BOT_G_nas100_h4_pullback: NOT ELIGIBLE -- regime TRANSITION is structurally wrong for this bot
  BOT_H_gold_sweep_reclaim: no trade -- outside window: 05:24 London

  CIO: 0 candidate(s); 0 funded, 0.000% total risk

===== cycle 2026-08-19 04:25:01 UTC (host local 2026-08-18 21:25:01) =====
DEMO GATE OK -> 1514166963 FTMO-Demo equity 99430.84
  bar-vs-tick gap 2s (diagnostic only; freshness is decided by clock_state after exits and reconciliation)
PREFLIGHT OK -- account, clock, data, state, ledgers all verified
  CLOCK FEED_FRESH: feed advancing, age in band, host within tolerance
profit -0.51%  daily headroom 5.00%  total headroom 9.49%  trading days 2

  DESK CLOCK 2026-08-19 05:25 London (broker)
  MARKET EURUSD      STRONG_TREND,AT_HTF_LEVEL,RISK_OFF
  MARKET US100.cash  TRANSITION,COMPRESSION,AT_HTF_LEVEL,RISK_OFF
  MARKET US500.cash  WEAK_TREND,COMPRESSION,AT_HTF_LEVEL,RISK_OFF
  MARKET XAUUSD      WEAK_TREND,AT_HTF_LEVEL,RISK_OFF
  BOT_A_gold_0630_breakout: no trade -- outside window: 05:25 London, opens 06:30 closes 16:00
  BOT_B_nas100_usopen_breakout: NOT ELIGIBLE -- regime TRANSITION is structurally wrong for this bot
  BOT_C_sp500_london_breakout: no trade -- outside window: 05:25 London, opens 08:00 closes 16:30
  BOT_D_gold_ny_breakout: no trade -- outside window: 05:25 London, opens 14:30 closes 20:00
  BOT_E_eurusd_london_breakout: no trade -- outside window: 05:25 London, opens 08:00 closes 17:00
  BOT_F_nas100_vwap_reversion: NOT ELIGIBLE -- regime TRANSITION is structurally wrong for this bot
  BOT_G_nas100_h4_pullback: NOT ELIGIBLE -- regime TRANSITION is structurally wrong for this bot
  BOT_H_gold_sweep_reclaim: no trade -- outside window: 05:25 London

  CIO: 0 candidate(s); 0 funded, 0.000% total risk

===== cycle 2026-08-19 04:26:01 UTC (host local 2026-08-18 21:26:01) =====
DEMO GATE OK -> 1514166963 FTMO-Demo equity 99430.84
  bar-vs-tick gap 2s (diagnostic only; freshness is decided by clock_state after exits and reconciliation)
PREFLIGHT OK -- account, clock, data, state, ledgers all verified
  CLOCK FEED_FRESH: feed advancing, age in band, host within tolerance
profit -0.51%  daily headroom 5.00%  total headroom 9.49%  trading days 2

  DESK CLOCK 2026-08-19 05:26 London (broker)
  MARKET EURUSD      STRONG_TREND,AT_HTF_LEVEL,RISK_OFF
  MARKET US100.cash  TRANSITION,COMPRESSION,AT_HTF_LEVEL,RISK_OFF
  MARKET US500.cash  WEAK_TREND,COMPRESSION,AT_HTF_LEVEL,RISK_OFF
  MARKET XAUUSD      WEAK_TREND,AT_HTF_LEVEL,RISK_OFF
  BOT_A_gold_0630_breakout: no trade -- outside window: 05:26 London, opens 06:30 closes 16:00
  BOT_B_nas100_usopen_breakout: NOT ELIGIBLE -- regime TRANSITION is structurally wrong for this bot
  BOT_C_sp500_london_breakout: no trade -- outside window: 05:26 London, opens 08:00 closes 16:30
  BOT_D_gold_ny_breakout: no trade -- outside window: 05:26 London, opens 14:30 closes 20:00
  BOT_E_eurusd_london_breakout: no trade -- outside window: 05:26 London, opens 08:00 closes 17:00
  BOT_F_nas100_vwap_reversion: NOT ELIGIBLE -- regime TRANSITION is structurally wrong for this bot
  BOT_G_nas100_h4_pullback: NOT ELIGIBLE -- regime TRANSITION is structurally wrong for this bot
  BOT_H_gold_sweep_reclaim: no trade -- outside window: 05:26 London

  CIO: 0 candidate(s); 0 funded, 0.000% total risk

===== cycle 2026-08-19 04:27:01 UTC (host local 2026-08-18 21:27:01) =====
DEMO GATE OK -> 1514166963 FTMO-Demo equity 99430.84
  bar-vs-tick gap 2s (diagnostic only; freshness is decided by clock_state after exits and reconciliation)
PREFLIGHT OK -- account, clock, data, state, ledgers all verified
  CLOCK FEED_FRESH: feed advancing, age in band, host within tolerance
profit -0.51%  daily headroom 5.00%  total headroom 9.49%  trading days 2

  DESK CLOCK 2026-08-19 05:27 London (broker)
  MARKET EURUSD      STRONG_TREND,AT_HTF_LEVEL,RISK_OFF
  MARKET US100.cash  TRANSITION,COMPRESSION,AT_HTF_LEVEL,RISK_OFF
  MARKET US500.cash  WEAK_TREND,COMPRESSION,AT_HTF_LEVEL,RISK_OFF
  MARKET XAUUSD      WEAK_TREND,AT_HTF_LEVEL,RISK_OFF
  BOT_A_gold_0630_breakout: no trade -- outside window: 05:27 London, opens 06:30 closes 16:00
  BOT_B_nas100_usopen_breakout: NOT ELIGIBLE -- regime TRANSITION is structurally wrong for this bot
  BOT_C_sp500_london_breakout: no trade -- outside window: 05:27 London, opens 08:00 closes 16:30
  BOT_D_gold_ny_breakout: no trade -- outside window: 05:27 London, opens 14:30 closes 20:00
  BOT_E_eurusd_london_breakout: no trade -- outside window: 05:27 London, opens 08:00 closes 17:00
  BOT_F_nas100_vwap_reversion: NOT ELIGIBLE -- regime TRANSITION is structurally wrong for this bot
  BOT_G_nas100_h4_pullback: NOT ELIGIBLE -- regime TRANSITION is structurally wrong for this bot
  BOT_H_gold_sweep_reclaim: no trade -- outside window: 05:27 London

  CIO: 0 candidate(s); 0 funded, 0.000% total risk

===== cycle 2026-08-19 04:28:01 UTC (host local 2026-08-18 21:28:01) =====
DEMO GATE OK -> 1514166963 FTMO-Demo equity 99430.84
  bar-vs-tick gap 2s (diagnostic only; freshness is decided by clock_state after exits and reconciliation)
PREFLIGHT OK -- account, clock, data, state, ledgers all verified
  CLOCK FEED_FRESH: feed advancing, age in band, host within tolerance
profit -0.51%  daily headroom 5.00%  total headroom 9.49%  trading days 2

  DESK CLOCK 2026-08-19 05:28 London (broker)
  MARKET EURUSD      STRONG_TREND,AT_HTF_LEVEL,RISK_OFF
  MARKET US100.cash  TRANSITION,COMPRESSION,AT_HTF_LEVEL,RISK_OFF
  MARKET US500.cash  WEAK_TREND,COMPRESSION,AT_HTF_LEVEL,RISK_OFF
  MARKET XAUUSD      WEAK_TREND,AT_HTF_LEVEL,RISK_OFF
  BOT_A_gold_0630_breakout: no trade -- outside window: 05:28 London, opens 06:30 closes 16:00
  BOT_B_nas100_usopen_breakout: NOT ELIGIBLE -- regime TRANSITION is structurally wrong for this bot
  BOT_C_sp500_london_breakout: no trade -- outside window: 05:28 London, opens 08:00 closes 16:30
  BOT_D_gold_ny_breakout: no trade -- outside window: 05:28 London, opens 14:30 closes 20:00
  BOT_E_eurusd_london_breakout: no trade -- outside window: 05:28 London, opens 08:00 closes 17:00
  BOT_F_nas100_vwap_reversion: NOT ELIGIBLE -- regime TRANSITION is structurally wrong for this bot
  BOT_G_nas100_h4_pullback: NOT ELIGIBLE -- regime TRANSITION is structurally wrong for this bot
  BOT_H_gold_sweep_reclaim: no trade -- outside window: 05:28 London

  CIO: 0 candidate(s); 0 funded, 0.000% total risk

===== cycle 2026-08-19 04:29:01 UTC (host local 2026-08-18 21:29:01) =====
DEMO GATE OK -> 1514166963 FTMO-Demo equity 99430.84
  bar-vs-tick gap 2s (diagnostic only; freshness is decided by clock_state after exits and reconciliation)
PREFLIGHT OK -- account, clock, data, state, ledgers all verified
  CLOCK FEED_FRESH: feed advancing, age in band, host within tolerance
profit -0.51%  daily headroom 5.00%  total headroom 9.49%  trading days 2

  DESK CLOCK 2026-08-19 05:29 London (broker)
  MARKET EURUSD      STRONG_TREND,AT_HTF_LEVEL,RISK_OFF
  MARKET US100.cash  TRANSITION,COMPRESSION,AT_HTF_LEVEL,RISK_OFF
  MARKET US500.cash  WEAK_TREND,COMPRESSION,AT_HTF_LEVEL,RISK_OFF
  MARKET XAUUSD      WEAK_TREND,AT_HTF_LEVEL,RISK_OFF
  BOT_A_gold_0630_breakout: no trade -- outside window: 05:29 London, opens 06:30 closes 16:00
  BOT_B_nas100_usopen_breakout: NOT ELIGIBLE -- regime TRANSITION is structurally wrong for this bot
  BOT_C_sp500_london_breakout: no trade -- outside window: 05:29 London, opens 08:00 closes 16:30
  BOT_D_gold_ny_breakout: no trade -- outside window: 05:29 London, opens 14:30 closes 20:00
  BOT_E_eurusd_london_breakout: no trade -- outside window: 05:29 London, opens 08:00 closes 17:00
  BOT_F_nas100_vwap_reversion: NOT ELIGIBLE -- regime TRANSITION is structurally wrong for this bot
  BOT_G_nas100_h4_pullback: NOT ELIGIBLE -- regime TRANSITION is structurally wrong for this bot
  BOT_H_gold_sweep_reclaim: no trade -- outside window: 05:29 London

  CIO: 0 candidate(s); 0 funded, 0.000% total risk

===== cycle 2026-08-19 04:30:01 UTC (host local 2026-08-18 21:30:01) =====
DEMO GATE OK -> 1514166963 FTMO-Demo equity 99430.84
  bar-vs-tick gap 2s (diagnostic only; freshness is decided by clock_state after exits and reconciliation)
PREFLIGHT OK -- account, clock, data, state, ledgers all verified
  CLOCK FEED_FRESH: feed advancing, age in band, host within tolerance
profit -0.51%  daily headroom 5.00%  total headroom 9.49%  trading days 2

  DESK CLOCK 2026-08-19 05:30 London (broker)
  MARKET EURUSD      STRONG_TREND,AT_HTF_LEVEL,RISK_OFF
  MARKET US100.cash  TRANSITION,COMPRESSION,AT_HTF_LEVEL,RISK_OFF
  MARKET US500.cash  WEAK_TREND,COMPRESSION,AT_HTF_LEVEL,RISK_OFF
  MARKET XAUUSD      WEAK_TREND,AT_HTF_LEVEL,RISK_OFF
  BOT_A_gold_0630_breakout: no trade -- outside window: 05:30 London, opens 06:30 closes 16:00
  BOT_B_nas100_usopen_breakout: NOT ELIGIBLE -- regime TRANSITION is structurally wrong for this bot
  BOT_C_sp500_london_breakout: no trade -- outside window: 05:30 London, opens 08:00 closes 16:30
  BOT_D_gold_ny_breakout: no trade -- outside window: 05:30 London, opens 14:30 closes 20:00
  BOT_E_eurusd_london_breakout: no trade -- outside window: 05:30 London, opens 08:00 closes 17:00
  BOT_F_nas100_vwap_reversion: NOT ELIGIBLE -- regime TRANSITION is structurally wrong for this bot
  BOT_G_nas100_h4_pullback: NOT ELIGIBLE -- regime TRANSITION is structurally wrong for this bot
  BOT_H_gold_sweep_reclaim: no trade -- outside window: 05:30 London

  CIO: 0 candidate(s); 0 funded, 0.000% total risk

===== cycle 2026-08-19 04:31:02 UTC (host local 2026-08-18 21:31:02) =====
DEMO GATE OK -> 1514166963 FTMO-Demo equity 99430.84
  bar-vs-tick gap 2s (diagnostic only; freshness is decided by clock_state after exits and reconciliation)
PREFLIGHT OK -- account, clock, data, state, ledgers all verified
  CLOCK FEED_FRESH: feed advancing, age in band, host within tolerance
profit -0.51%  daily headroom 5.00%  total headroom 9.49%  trading days 2

  DESK CLOCK 2026-08-19 05:31 London (broker)
  MARKET EURUSD      STRONG_TREND,AT_HTF_LEVEL,RISK_OFF
  MARKET US100.cash  TRANSITION,COMPRESSION,AT_HTF_LEVEL,RISK_OFF
  MARKET US500.cash  WEAK_TREND,COMPRESSION,AT_HTF_LEVEL,RISK_OFF
  MARKET XAUUSD      WEAK_TREND,AT_HTF_LEVEL,RISK_OFF
  BOT_A_gold_0630_breakout: no trade -- outside window: 05:31 London, opens 06:30 closes 16:00
  BOT_B_nas100_usopen_breakout: NOT ELIGIBLE -- regime TRANSITION is structurally wrong for this bot
  BOT_C_sp500_london_breakout: no trade -- outside window: 05:31 London, opens 08:00 closes 16:30
  BOT_D_gold_ny_breakout: no trade -- outside window: 05:31 London, opens 14:30 closes 20:00
  BOT_E_eurusd_london_breakout: no trade -- outside window: 05:31 London, opens 08:00 closes 17:00
  BOT_F_nas100_vwap_reversion: NOT ELIGIBLE -- regime TRANSITION is structurally wrong for this bot
  BOT_G_nas100_h4_pullback: NOT ELIGIBLE -- regime TRANSITION is structurally wrong for this bot
  BOT_H_gold_sweep_reclaim: no trade -- outside window: 05:31 London

  CIO: 0 candidate(s); 0 funded, 0.000% total risk

===== cycle 2026-08-19 04:32:02 UTC (host local 2026-08-18 21:32:02) =====
DEMO GATE OK -> 1514166963 FTMO-Demo equity 99430.84
  bar-vs-tick gap 2s (diagnostic only; freshness is decided by clock_state after exits and reconciliation)
PREFLIGHT OK -- account, clock, data, state, ledgers all verified
  CLOCK FEED_FRESH: feed advancing, age in band, host within tolerance
profit -0.51%  daily headroom 5.00%  total headroom 9.49%  trading days 2

  DESK CLOCK 2026-08-19 05:32 London (broker)
  MARKET EURUSD      STRONG_TREND,AT_HTF_LEVEL,RISK_OFF
  MARKET US100.cash  TRANSITION,COMPRESSION,AT_HTF_LEVEL,RISK_OFF
  MARKET US500.cash  WEAK_TREND,COMPRESSION,AT_HTF_LEVEL,RISK_OFF
  MARKET XAUUSD      WEAK_TREND,AT_HTF_LEVEL,RISK_OFF
  BOT_A_gold_0630_breakout: no trade -- outside window: 05:32 London, opens 06:30 closes 16:00
  BOT_B_nas100_usopen_breakout: NOT ELIGIBLE -- regime TRANSITION is structurally wrong for this bot
  BOT_C_sp500_london_breakout: no trade -- outside window: 05:32 London, opens 08:00 closes 16:30
  BOT_D_gold_ny_breakout: no trade -- outside window: 05:32 London, opens 14:30 closes 20:00
  BOT_E_eurusd_london_breakout: no trade -- outside window: 05:32 London, opens 08:00 closes 17:00
  BOT_F_nas100_vwap_reversion: NOT ELIGIBLE -- regime TRANSITION is structurally wrong for this bot
  BOT_G_nas100_h4_pullback: NOT ELIGIBLE -- regime TRANSITION is structurally wrong for this bot
  BOT_H_gold_sweep_reclaim: no trade -- outside window: 05:32 London

  CIO: 0 candidate(s); 0 funded, 0.000% total risk

===== cycle 2026-08-19 04:33:02 UTC (host local 2026-08-18 21:33:02) =====
DEMO GATE OK -> 1514166963 FTMO-Demo equity 99430.84
  bar-vs-tick gap 2s (diagnostic only; freshness is decided by clock_state after exits and reconciliation)
PREFLIGHT OK -- account, clock, data, state, ledgers all verified
  CLOCK FEED_FRESH: feed advancing, age in band, host within tolerance
profit -0.51%  daily headroom 5.00%  total headroom 9.49%  trading days 2

  DESK CLOCK 2026-08-19 05:33 London (broker)
  MARKET EURUSD      STRONG_TREND,AT_HTF_LEVEL,RISK_OFF
  MARKET US100.cash  TRANSITION,COMPRESSION,AT_HTF_LEVEL,RISK_OFF
  MARKET US500.cash  WEAK_TREND,COMPRESSION,AT_HTF_LEVEL,RISK_OFF
  MARKET XAUUSD      WEAK_TREND,AT_HTF_LEVEL,RISK_OFF
  BOT_A_gold_0630_breakout: no trade -- outside window: 05:33 London, opens 06:30 closes 16:00
  BOT_B_nas100_usopen_breakout: NOT ELIGIBLE -- regime TRANSITION is structurally wrong for this bot
  BOT_C_sp500_london_breakout: no trade -- outside window: 05:33 London, opens 08:00 closes 16:30
  BOT_D_gold_ny_breakout: no trade -- outside window: 05:33 London, opens 14:30 closes 20:00
  BOT_E_eurusd_london_breakout: no trade -- outside window: 05:33 London, opens 08:00 closes 17:00
  BOT_F_nas100_vwap_reversion: NOT ELIGIBLE -- regime TRANSITION is structurally wrong for this bot
  BOT_G_nas100_h4_pullback: NOT ELIGIBLE -- regime TRANSITION is structurally wrong for this bot
  BOT_H_gold_sweep_reclaim: no trade -- outside window: 05:33 London

  CIO: 0 candidate(s); 0 funded, 0.000% total risk

===== cycle 2026-08-19 04:34:02 UTC (host local 2026-08-18 21:34:02) =====
DEMO GATE OK -> 1514166963 FTMO-Demo equity 99430.84
  bar-vs-tick gap 2s (diagnostic only; freshness is decided by clock_state after exits and reconciliation)
PREFLIGHT OK -- account, clock, data, state, ledgers all verified
  CLOCK FEED_FRESH: feed advancing, age in band, host within tolerance
profit -0.51%  daily headroom 5.00%  total headroom 9.49%  trading days 2

  DESK CLOCK 2026-08-19 05:34 London (broker)
  MARKET EURUSD      STRONG_TREND,AT_HTF_LEVEL,RISK_OFF
  MARKET US100.cash  TRANSITION,COMPRESSION,AT_HTF_LEVEL,RISK_OFF
  MARKET US500.cash  WEAK_TREND,COMPRESSION,AT_HTF_LEVEL,RISK_OFF
  MARKET XAUUSD      WEAK_TREND,AT_HTF_LEVEL,RISK_OFF
  BOT_A_gold_0630_breakout: no trade -- outside window: 05:34 London, opens 06:30 closes 16:00
  BOT_B_nas100_usopen_breakout: NOT ELIGIBLE -- regime TRANSITION is structurally wrong for this bot
  BOT_C_sp500_london_breakout: no trade -- outside window: 05:34 London, opens 08:00 closes 16:30
  BOT_D_gold_ny_breakout: no trade -- outside window: 05:34 London, opens 14:30 closes 20:00
  BOT_E_eurusd_london_breakout: no trade -- outside window: 05:34 London, opens 08:00 closes 17:00
  BOT_F_nas100_vwap_reversion: NOT ELIGIBLE -- regime TRANSITION is structurally wrong for this bot
  BOT_G_nas100_h4_pullback: NOT ELIGIBLE -- regime TRANSITION is structurally wrong for this bot
  BOT_H_gold_sweep_reclaim: no trade -- outside window: 05:34 London

  CIO: 0 candidate(s); 0 funded, 0.000% total risk

===== cycle 2026-08-19 04:35:02 UTC (host local 2026-08-18 21:35:02) =====
DEMO GATE OK -> 1514166963 FTMO-Demo equity 99430.84
  bar-vs-tick gap 2s (diagnostic only; freshness is decided by clock_state after exits and reconciliation)
PREFLIGHT OK -- account, clock, data, state, ledgers all verified
  CLOCK FEED_FRESH: feed advancing, age in band, host within tolerance
profit -0.51%  daily headroom 5.00%  total headroom 9.49%  trading days 2

  DESK CLOCK 2026-08-19 05:35 London (broker)
  MARKET EURUSD      STRONG_TREND,AT_HTF_LEVEL,RISK_OFF
  MARKET US100.cash  TRANSITION,COMPRESSION,AT_HTF_LEVEL,RISK_OFF
  MARKET US500.cash  WEAK_TREND,COMPRESSION,AT_HTF_LEVEL,RISK_OFF
  MARKET XAUUSD      WEAK_TREND,AT_HTF_LEVEL,RISK_OFF
  BOT_A_gold_0630_breakout: no trade -- outside window: 05:35 London, opens 06:30 closes 16:00
  BOT_B_nas100_usopen_breakout: NOT ELIGIBLE -- regime TRANSITION is structurally wrong for this bot
  BOT_C_sp500_london_breakout: no trade -- outside window: 05:35 London, opens 08:00 closes 16:30
  BOT_D_gold_ny_breakout: no trade -- outside window: 05:35 London, opens 14:30 closes 20:00
  BOT_E_eurusd_london_breakout: no trade -- outside window: 05:35 London, opens 08:00 closes 17:00
  BOT_F_nas100_vwap_reversion: NOT ELIGIBLE -- regime TRANSITION is structurally wrong for this bot
  BOT_G_nas100_h4_pullback: NOT ELIGIBLE -- regime TRANSITION is structurally wrong for this bot
  BOT_H_gold_sweep_reclaim: no trade -- outside window: 05:35 London

  CIO: 0 candidate(s); 0 funded, 0.000% total risk

===== cycle 2026-08-19 04:36:01 UTC (host local 2026-08-18 21:36:01) =====
DEMO GATE OK -> 1514166963 FTMO-Demo equity 99430.84
  bar-vs-tick gap 2s (diagnostic only; freshness is decided by clock_state after exits and reconciliation)
PREFLIGHT OK -- account, clock, data, state, ledgers all verified
  CLOCK FEED_FRESH: feed advancing, age in band, host within tolerance
profit -0.51%  daily headroom 5.00%  total headroom 9.49%  trading days 2

  DESK CLOCK 2026-08-19 05:36 London (broker)
  MARKET EURUSD      STRONG_TREND,AT_HTF_LEVEL,RISK_OFF
  MARKET US100.cash  TRANSITION,COMPRESSION,AT_HTF_LEVEL,RISK_OFF
  MARKET US500.cash  WEAK_TREND,COMPRESSION,AT_HTF_LEVEL,RISK_OFF
  MARKET XAUUSD      WEAK_TREND,AT_HTF_LEVEL,RISK_OFF
  BOT_A_gold_0630_breakout: no trade -- outside window: 05:36 London, opens 06:30 closes 16:00
  BOT_B_nas100_usopen_breakout: NOT ELIGIBLE -- regime TRANSITION is structurally wrong for this bot
  BOT_C_sp500_london_breakout: no trade -- outside window: 05:36 London, opens 08:00 closes 16:30
  BOT_D_gold_ny_breakout: no trade -- outside window: 05:36 London, opens 14:30 closes 20:00
  BOT_E_eurusd_london_breakout: no trade -- outside window: 05:36 London, opens 08:00 closes 17:00
  BOT_F_nas100_vwap_reversion: NOT ELIGIBLE -- regime TRANSITION is structurally wrong for this bot
  BOT_G_nas100_h4_pullback: NOT ELIGIBLE -- regime TRANSITION is structurally wrong for this bot
  BOT_H_gold_sweep_reclaim: no trade -- outside window: 05:36 London

  CIO: 0 candidate(s); 0 funded, 0.000% total risk

===== cycle 2026-08-19 04:37:02 UTC (host local 2026-08-18 21:37:02) =====
DEMO GATE OK -> 1514166963 FTMO-Demo equity 99430.84
  bar-vs-tick gap 2s (diagnostic only; freshness is decided by clock_state after exits and reconciliation)
PREFLIGHT OK -- account, clock, data, state, ledgers all verified
  CLOCK FEED_FRESH: feed advancing, age in band, host within tolerance
profit -0.51%  daily headroom 5.00%  total headroom 9.49%  trading days 2

  DESK CLOCK 2026-08-19 05:37 London (broker)
  MARKET EURUSD      STRONG_TREND,AT_HTF_LEVEL,RISK_OFF
  MARKET US100.cash  TRANSITION,COMPRESSION,AT_HTF_LEVEL,RISK_OFF
  MARKET US500.cash  WEAK_TREND,COMPRESSION,AT_HTF_LEVEL,RISK_OFF
  MARKET XAUUSD      WEAK_TREND,AT_HTF_LEVEL,RISK_OFF
  BOT_A_gold_0630_breakout: no trade -- outside window: 05:37 London, opens 06:30 closes 16:00
  BOT_B_nas100_usopen_breakout: NOT ELIGIBLE -- regime TRANSITION is structurally wrong for this bot
  BOT_C_sp500_london_breakout: no trade -- outside window: 05:37 London, opens 08:00 closes 16:30
  BOT_D_gold_ny_breakout: no trade -- outside window: 05:37 London, opens 14:30 closes 20:00
  BOT_E_eurusd_london_breakout: no trade -- outside window: 05:37 London, opens 08:00 closes 17:00
  BOT_F_nas100_vwap_reversion: NOT ELIGIBLE -- regime TRANSITION is structurally wrong for this bot
  BOT_G_nas100_h4_pullback: NOT ELIGIBLE -- regime TRANSITION is structurally wrong for this bot
  BOT_H_gold_sweep_reclaim: no trade -- outside window: 05:37 London

  CIO: 0 candidate(s); 0 funded, 0.000% total risk

===== cycle 2026-08-19 04:38:02 UTC (host local 2026-08-18 21:38:02) =====
DEMO GATE OK -> 1514166963 FTMO-Demo equity 99430.84
  bar-vs-tick gap 2s (diagnostic only; freshness is decided by clock_state after exits and reconciliation)
PREFLIGHT OK -- account, clock, data, state, ledgers all verified
  CLOCK FEED_FRESH: feed advancing, age in band, host within tolerance
profit -0.51%  daily headroom 5.00%  total headroom 9.49%  trading days 2

  DESK CLOCK 2026-08-19 05:38 London (broker)
  MARKET EURUSD      STRONG_TREND,AT_HTF_LEVEL,RISK_OFF
  MARKET US100.cash  TRANSITION,COMPRESSION,AT_HTF_LEVEL,RISK_OFF
  MARKET US500.cash  WEAK_TREND,COMPRESSION,AT_HTF_LEVEL,RISK_OFF
  MARKET XAUUSD      WEAK_TREND,AT_HTF_LEVEL,RISK_OFF
  BOT_A_gold_0630_breakout: no trade -- outside window: 05:38 London, opens 06:30 closes 16:00
  BOT_B_nas100_usopen_breakout: NOT ELIGIBLE -- regime TRANSITION is structurally wrong for this bot
  BOT_C_sp500_london_breakout: no trade -- outside window: 05:38 London, opens 08:00 closes 16:30
  BOT_D_gold_ny_breakout: no trade -- outside window: 05:38 London, opens 14:30 closes 20:00
  BOT_E_eurusd_london_breakout: no trade -- outside window: 05:38 London, opens 08:00 closes 17:00
  BOT_F_nas100_vwap_reversion: NOT ELIGIBLE -- regime TRANSITION is structurally wrong for this bot
  BOT_G_nas100_h4_pullback: NOT ELIGIBLE -- regime TRANSITION is structurally wrong for this bot
  BOT_H_gold_sweep_reclaim: no trade -- outside window: 05:38 London

  CIO: 0 candidate(s); 0 funded, 0.000% total risk

===== cycle 2026-08-19 04:39:02 UTC (host local 2026-08-18 21:39:02) =====
DEMO GATE OK -> 1514166963 FTMO-Demo equity 99430.84
  bar-vs-tick gap 2s (diagnostic only; freshness is decided by clock_state after exits and reconciliation)
PREFLIGHT OK -- account, clock, data, state, ledgers all verified
  CLOCK FEED_FRESH: feed advancing, age in band, host within tolerance
profit -0.51%  daily headroom 5.00%  total headroom 9.49%  trading days 2

  DESK CLOCK 2026-08-19 05:39 London (broker)
  MARKET EURUSD      STRONG_TREND,AT_HTF_LEVEL,RISK_OFF
  MARKET US100.cash  TRANSITION,COMPRESSION,AT_HTF_LEVEL,RISK_OFF
  MARKET US500.cash  WEAK_TREND,COMPRESSION,AT_HTF_LEVEL,RISK_OFF
  MARKET XAUUSD      WEAK_TREND,AT_HTF_LEVEL,RISK_OFF
  BOT_A_gold_0630_breakout: no trade -- outside window: 05:39 London, opens 06:30 closes 16:00
  BOT_B_nas100_usopen_breakout: NOT ELIGIBLE -- regime TRANSITION is structurally wrong for this bot
  BOT_C_sp500_london_breakout: no trade -- outside window: 05:39 London, opens 08:00 closes 16:30
  BOT_D_gold_ny_breakout: no trade -- outside window: 05:39 London, opens 14:30 closes 20:00
  BOT_E_eurusd_london_breakout: no trade -- outside window: 05:39 London, opens 08:00 closes 17:00
  BOT_F_nas100_vwap_reversion: NOT ELIGIBLE -- regime TRANSITION is structurally wrong for this bot
  BOT_G_nas100_h4_pullback: NOT ELIGIBLE -- regime TRANSITION is structurally wrong for this bot
  BOT_H_gold_sweep_reclaim: no trade -- outside window: 05:39 London

  CIO: 0 candidate(s); 0 funded, 0.000% total risk

===== cycle 2026-08-19 04:40:02 UTC (host local 2026-08-18 21:40:02) =====
DEMO GATE OK -> 1514166963 FTMO-Demo equity 99430.84
  bar-vs-tick gap 2s (diagnostic only; freshness is decided by clock_state after exits and reconciliation)
PREFLIGHT OK -- account, clock, data, state, ledgers all verified
  CLOCK FEED_FRESH: feed advancing, age in band, host within tolerance
profit -0.51%  daily headroom 5.00%  total headroom 9.49%  trading days 2

  DESK CLOCK 2026-08-19 05:40 London (broker)
  MARKET EURUSD      STRONG_TREND,AT_HTF_LEVEL,RISK_OFF
  MARKET US100.cash  TRANSITION,COMPRESSION,AT_HTF_LEVEL,RISK_OFF
  MARKET US500.cash  WEAK_TREND,COMPRESSION,AT_HTF_LEVEL,RISK_OFF
  MARKET XAUUSD      WEAK_TREND,AT_HTF_LEVEL,RISK_OFF
  BOT_A_gold_0630_breakout: no trade -- outside window: 05:40 London, opens 06:30 closes 16:00
  BOT_B_nas100_usopen_breakout: NOT ELIGIBLE -- regime TRANSITION is structurally wrong for this bot
  BOT_C_sp500_london_breakout: no trade -- outside window: 05:40 London, opens 08:00 closes 16:30
  BOT_D_gold_ny_breakout: no trade -- outside window: 05:40 London, opens 14:30 closes 20:00
  BOT_E_eurusd_london_breakout: no trade -- outside window: 05:40 London, opens 08:00 closes 17:00
  BOT_F_nas100_vwap_reversion: NOT ELIGIBLE -- regime TRANSITION is structurally wrong for this bot
  BOT_G_nas100_h4_pullback: NOT ELIGIBLE -- regime TRANSITION is structurally wrong for this bot
  BOT_H_gold_sweep_reclaim: no trade -- outside window: 05:40 London

  CIO: 0 candidate(s); 0 funded, 0.000% total risk

===== cycle 2026-08-19 04:41:02 UTC (host local 2026-08-18 21:41:02) =====
DEMO GATE OK -> 1514166963 FTMO-Demo equity 99430.84
  bar-vs-tick gap 2s (diagnostic only; freshness is decided by clock_state after exits and reconciliation)
PREFLIGHT OK -- account, clock, data, state, ledgers all verified
  CLOCK FEED_FRESH: feed advancing, age in band, host within tolerance
profit -0.51%  daily headroom 5.00%  total headroom 9.49%  trading days 2

  DESK CLOCK 2026-08-19 05:41 London (broker)
  MARKET EURUSD      STRONG_TREND,AT_HTF_LEVEL,RISK_OFF
  MARKET US100.cash  TRANSITION,COMPRESSION,AT_HTF_LEVEL,RISK_OFF
  MARKET US500.cash  WEAK_TREND,COMPRESSION,AT_HTF_LEVEL,RISK_OFF
  MARKET XAUUSD      WEAK_TREND,AT_HTF_LEVEL,RISK_OFF
  BOT_A_gold_0630_breakout: no trade -- outside window: 05:41 London, opens 06:30 closes 16:00
  BOT_B_nas100_usopen_breakout: NOT ELIGIBLE -- regime TRANSITION is structurally wrong for this bot
  BOT_C_sp500_london_breakout: no trade -- outside window: 05:41 London, opens 08:00 closes 16:30
  BOT_D_gold_ny_breakout: no trade -- outside window: 05:41 London, opens 14:30 closes 20:00
  BOT_E_eurusd_london_breakout: no trade -- outside window: 05:41 London, opens 08:00 closes 17:00
  BOT_F_nas100_vwap_reversion: NOT ELIGIBLE -- regime TRANSITION is structurally wrong for this bot
  BOT_G_nas100_h4_pullback: NOT ELIGIBLE -- regime TRANSITION is structurally wrong for this bot
  BOT_H_gold_sweep_reclaim: no trade -- outside window: 05:41 London

  CIO: 0 candidate(s); 0 funded, 0.000% total risk

===== cycle 2026-08-19 04:42:02 UTC (host local 2026-08-18 21:42:02) =====
DEMO GATE OK -> 1514166963 FTMO-Demo equity 99430.84
  bar-vs-tick gap 2s (diagnostic only; freshness is decided by clock_state after exits and reconciliation)
PREFLIGHT OK -- account, clock, data, state, ledgers all verified
  CLOCK FEED_FRESH: feed advancing, age in band, host within tolerance
profit -0.51%  daily headroom 5.00%  total headroom 9.49%  trading days 2

  DESK CLOCK 2026-08-19 05:42 London (broker)
  MARKET EURUSD      STRONG_TREND,AT_HTF_LEVEL,RISK_OFF
  MARKET US100.cash  TRANSITION,COMPRESSION,AT_HTF_LEVEL,RISK_OFF
  MARKET US500.cash  WEAK_TREND,COMPRESSION,AT_HTF_LEVEL,RISK_OFF
  MARKET XAUUSD      WEAK_TREND,AT_HTF_LEVEL,RISK_OFF
  BOT_A_gold_0630_breakout: no trade -- outside window: 05:42 London, opens 06:30 closes 16:00
  BOT_B_nas100_usopen_breakout: NOT ELIGIBLE -- regime TRANSITION is structurally wrong for this bot
  BOT_C_sp500_london_breakout: no trade -- outside window: 05:42 London, opens 08:00 closes 16:30
  BOT_D_gold_ny_breakout: no trade -- outside window: 05:42 London, opens 14:30 closes 20:00
  BOT_E_eurusd_london_breakout: no trade -- outside window: 05:42 London, opens 08:00 closes 17:00
  BOT_F_nas100_vwap_reversion: NOT ELIGIBLE -- regime TRANSITION is structurally wrong for this bot
  BOT_G_nas100_h4_pullback: NOT ELIGIBLE -- regime TRANSITION is structurally wrong for this bot
  BOT_H_gold_sweep_reclaim: no trade -- outside window: 05:42 London

  CIO: 0 candidate(s); 0 funded, 0.000% total risk

===== cycle 2026-08-19 04:43:02 UTC (host local 2026-08-18 21:43:02) =====
DEMO GATE OK -> 1514166963 FTMO-Demo equity 99430.84
  bar-vs-tick gap 2s (diagnostic only; freshness is decided by clock_state after exits and reconciliation)
PREFLIGHT OK -- account, clock, data, state, ledgers all verified
  CLOCK FEED_FRESH: feed advancing, age in band, host within tolerance
profit -0.51%  daily headroom 5.00%  total headroom 9.49%  trading days 2

  DESK CLOCK 2026-08-19 05:43 London (broker)
  MARKET EURUSD      STRONG_TREND,AT_HTF_LEVEL,RISK_OFF
  MARKET US100.cash  TRANSITION,COMPRESSION,AT_HTF_LEVEL,RISK_OFF
  MARKET US500.cash  WEAK_TREND,COMPRESSION,AT_HTF_LEVEL,RISK_OFF
  MARKET XAUUSD      WEAK_TREND,AT_HTF_LEVEL,RISK_OFF
  BOT_A_gold_0630_breakout: no trade -- outside window: 05:43 London, opens 06:30 closes 16:00
  BOT_B_nas100_usopen_breakout: NOT ELIGIBLE -- regime TRANSITION is structurally wrong for this bot
  BOT_C_sp500_london_breakout: no trade -- outside window: 05:43 London, opens 08:00 closes 16:30
  BOT_D_gold_ny_breakout: no trade -- outside window: 05:43 London, opens 14:30 closes 20:00
  BOT_E_eurusd_london_breakout: no trade -- outside window: 05:43 London, opens 08:00 closes 17:00
  BOT_F_nas100_vwap_reversion: NOT ELIGIBLE -- regime TRANSITION is structurally wrong for this bot
  BOT_G_nas100_h4_pullback: NOT ELIGIBLE -- regime TRANSITION is structurally wrong for this bot
  BOT_H_gold_sweep_reclaim: no trade -- outside window: 05:43 London

  CIO: 0 candidate(s); 0 funded, 0.000% total risk

===== cycle 2026-08-19 04:44:02 UTC (host local 2026-08-18 21:44:02) =====
DEMO GATE OK -> 1514166963 FTMO-Demo equity 99430.84
  bar-vs-tick gap 2s (diagnostic only; freshness is decided by clock_state after exits and reconciliation)
PREFLIGHT OK -- account, clock, data, state, ledgers all verified
  CLOCK FEED_FRESH: feed advancing, age in band, host within tolerance
profit -0.51%  daily headroom 5.00%  total headroom 9.49%  trading days 2

  DESK CLOCK 2026-08-19 05:44 London (broker)
  MARKET EURUSD      STRONG_TREND,AT_HTF_LEVEL,RISK_OFF
  MARKET US100.cash  TRANSITION,COMPRESSION,AT_HTF_LEVEL,RISK_OFF
  MARKET US500.cash  WEAK_TREND,COMPRESSION,AT_HTF_LEVEL,RISK_OFF
  MARKET XAUUSD      WEAK_TREND,AT_HTF_LEVEL,RISK_OFF
  BOT_A_gold_0630_breakout: no trade -- outside window: 05:44 London, opens 06:30 closes 16:00
  BOT_B_nas100_usopen_breakout: NOT ELIGIBLE -- regime TRANSITION is structurally wrong for this bot
  BOT_C_sp500_london_breakout: no trade -- outside window: 05:44 London, opens 08:00 closes 16:30
  BOT_D_gold_ny_breakout: no trade -- outside window: 05:44 London, opens 14:30 closes 20:00
  BOT_E_eurusd_london_breakout: no trade -- outside window: 05:44 London, opens 08:00 closes 17:00
  BOT_F_nas100_vwap_reversion: NOT ELIGIBLE -- regime TRANSITION is structurally wrong for this bot
  BOT_G_nas100_h4_pullback: NOT ELIGIBLE -- regime TRANSITION is structurally wrong for this bot
  BOT_H_gold_sweep_reclaim: no trade -- outside window: 05:44 London

  CIO: 0 candidate(s); 0 funded, 0.000% total risk

===== cycle 2026-08-19 04:45:02 UTC (host local 2026-08-18 21:45:02) =====
DEMO GATE OK -> 1514166963 FTMO-Demo equity 99430.84
  bar-vs-tick gap 2s (diagnostic only; freshness is decided by clock_state after exits and reconciliation)
PREFLIGHT OK -- account, clock, data, state, ledgers all verified
  CLOCK FEED_FRESH: feed advancing, age in band, host within tolerance
profit -0.51%  daily headroom 5.00%  total headroom 9.49%  trading days 2

  DESK CLOCK 2026-08-19 05:45 London (broker)
  MARKET EURUSD      STRONG_TREND,AT_HTF_LEVEL,RISK_OFF
  MARKET US100.cash  TRANSITION,COMPRESSION,AT_HTF_LEVEL,RISK_OFF
  MARKET US500.cash  WEAK_TREND,COMPRESSION,AT_HTF_LEVEL,RISK_OFF
  MARKET XAUUSD      WEAK_TREND,AT_HTF_LEVEL,RISK_OFF
  BOT_A_gold_0630_breakout: no trade -- outside window: 05:45 London, opens 06:30 closes 16:00
  BOT_B_nas100_usopen_breakout: NOT ELIGIBLE -- regime TRANSITION is structurally wrong for this bot
  BOT_C_sp500_london_breakout: no trade -- outside window: 05:45 London, opens 08:00 closes 16:30
  BOT_D_gold_ny_breakout: no trade -- outside window: 05:45 London, opens 14:30 closes 20:00
  BOT_E_eurusd_london_breakout: no trade -- outside window: 05:45 London, opens 08:00 closes 17:00
  BOT_F_nas100_vwap_reversion: NOT ELIGIBLE -- regime TRANSITION is structurally wrong for this bot
  BOT_G_nas100_h4_pullback: NOT ELIGIBLE -- regime TRANSITION is structurally wrong for this bot
  BOT_H_gold_sweep_reclaim: no trade -- outside window: 05:45 London

  CIO: 0 candidate(s); 0 funded, 0.000% total risk

===== cycle 2026-08-19 04:46:02 UTC (host local 2026-08-18 21:46:02) =====
DEMO GATE OK -> 1514166963 FTMO-Demo equity 99430.84
  bar-vs-tick gap 2s (diagnostic only; freshness is decided by clock_state after exits and reconciliation)
PREFLIGHT OK -- account, clock, data, state, ledgers all verified
  CLOCK FEED_FRESH: feed advancing, age in band, host within tolerance
profit -0.51%  daily headroom 5.00%  total headroom 9.49%  trading days 2

  DESK CLOCK 2026-08-19 05:46 London (broker)
  MARKET EURUSD      STRONG_TREND,AT_HTF_LEVEL,RISK_OFF
  MARKET US100.cash  TRANSITION,COMPRESSION,AT_HTF_LEVEL,RISK_OFF
  MARKET US500.cash  WEAK_TREND,COMPRESSION,AT_HTF_LEVEL,RISK_OFF
  MARKET XAUUSD      WEAK_TREND,AT_HTF_LEVEL,RISK_OFF
  BOT_A_gold_0630_breakout: no trade -- outside window: 05:46 London, opens 06:30 closes 16:00
  BOT_B_nas100_usopen_breakout: NOT ELIGIBLE -- regime TRANSITION is structurally wrong for this bot
  BOT_C_sp500_london_breakout: no trade -- outside window: 05:46 London, opens 08:00 closes 16:30
  BOT_D_gold_ny_breakout: no trade -- outside window: 05:46 London, opens 14:30 closes 20:00
  BOT_E_eurusd_london_breakout: no trade -- outside window: 05:46 London, opens 08:00 closes 17:00
  BOT_F_nas100_vwap_reversion: NOT ELIGIBLE -- regime TRANSITION is structurally wrong for this bot
  BOT_G_nas100_h4_pullback: NOT ELIGIBLE -- regime TRANSITION is structurally wrong for this bot
  BOT_H_gold_sweep_reclaim: no trade -- outside window: 05:46 London

  CIO: 0 candidate(s); 0 funded, 0.000% total risk

===== cycle 2026-08-19 04:47:02 UTC (host local 2026-08-18 21:47:02) =====
DEMO GATE OK -> 1514166963 FTMO-Demo equity 99430.84
  bar-vs-tick gap 2s (diagnostic only; freshness is decided by clock_state after exits and reconciliation)
PREFLIGHT OK -- account, clock, data, state, ledgers all verified
  CLOCK FEED_FRESH: feed advancing, age in band, host within tolerance
profit -0.51%  daily headroom 5.00%  total headroom 9.49%  trading days 2

  DESK CLOCK 2026-08-19 05:47 London (broker)
  MARKET EURUSD      STRONG_TREND,AT_HTF_LEVEL,RISK_OFF
  MARKET US100.cash  TRANSITION,COMPRESSION,AT_HTF_LEVEL,RISK_OFF
  MARKET US500.cash  WEAK_TREND,COMPRESSION,AT_HTF_LEVEL,RISK_OFF
  MARKET XAUUSD      WEAK_TREND,AT_HTF_LEVEL,RISK_OFF
  BOT_A_gold_0630_breakout: no trade -- outside window: 05:47 London, opens 06:30 closes 16:00
  BOT_B_nas100_usopen_breakout: NOT ELIGIBLE -- regime TRANSITION is structurally wrong for this bot
  BOT_C_sp500_london_breakout: no trade -- outside window: 05:47 London, opens 08:00 closes 16:30
  BOT_D_gold_ny_breakout: no trade -- outside window: 05:47 London, opens 14:30 closes 20:00
  BOT_E_eurusd_london_breakout: no trade -- outside window: 05:47 London, opens 08:00 closes 17:00
  BOT_F_nas100_vwap_reversion: NOT ELIGIBLE -- regime TRANSITION is structurally wrong for this bot
  BOT_G_nas100_h4_pullback: NOT ELIGIBLE -- regime TRANSITION is structurally wrong for this bot
  BOT_H_gold_sweep_reclaim: no trade -- outside window: 05:47 London

  CIO: 0 candidate(s); 0 funded, 0.000% total risk

===== cycle 2026-08-19 04:48:02 UTC (host local 2026-08-18 21:48:02) =====
DEMO GATE OK -> 1514166963 FTMO-Demo equity 99430.84
  bar-vs-tick gap 2s (diagnostic only; freshness is decided by clock_state after exits and reconciliation)
PREFLIGHT OK -- account, clock, data, state, ledgers all verified
  CLOCK FEED_FRESH: feed advancing, age in band, host within tolerance
profit -0.51%  daily headroom 5.00%  total headroom 9.49%  trading days 2

  DESK CLOCK 2026-08-19 05:48 London (broker)
  MARKET EURUSD      STRONG_TREND,AT_HTF_LEVEL,RISK_OFF
  MARKET US100.cash  TRANSITION,COMPRESSION,AT_HTF_LEVEL,RISK_OFF
  MARKET US500.cash  WEAK_TREND,COMPRESSION,AT_HTF_LEVEL,RISK_OFF
  MARKET XAUUSD      WEAK_TREND,AT_HTF_LEVEL,RISK_OFF
  BOT_A_gold_0630_breakout: no trade -- outside window: 05:48 London, opens 06:30 closes 16:00
  BOT_B_nas100_usopen_breakout: NOT ELIGIBLE -- regime TRANSITION is structurally wrong for this bot
  BOT_C_sp500_london_breakout: no trade -- outside window: 05:48 London, opens 08:00 closes 16:30
  BOT_D_gold_ny_breakout: no trade -- outside window: 05:48 London, opens 14:30 closes 20:00
  BOT_E_eurusd_london_breakout: no trade -- outside window: 05:48 London, opens 08:00 closes 17:00
  BOT_F_nas100_vwap_reversion: NOT ELIGIBLE -- regime TRANSITION is structurally wrong for this bot
  BOT_G_nas100_h4_pullback: NOT ELIGIBLE -- regime TRANSITION is structurally wrong for this bot
  BOT_H_gold_sweep_reclaim: no trade -- outside window: 05:48 London

  CIO: 0 candidate(s); 0 funded, 0.000% total risk

===== cycle 2026-08-19 04:49:02 UTC (host local 2026-08-18 21:49:02) =====
DEMO GATE OK -> 1514166963 FTMO-Demo equity 99430.84
  bar-vs-tick gap 2s (diagnostic only; freshness is decided by clock_state after exits and reconciliation)
PREFLIGHT OK -- account, clock, data, state, ledgers all verified
  CLOCK FEED_FRESH: feed advancing, age in band, host within tolerance
profit -0.51%  daily headroom 5.00%  total headroom 9.49%  trading days 2

  DESK CLOCK 2026-08-19 05:49 London (broker)
  MARKET EURUSD      STRONG_TREND,AT_HTF_LEVEL,RISK_OFF
  MARKET US100.cash  TRANSITION,COMPRESSION,AT_HTF_LEVEL,RISK_OFF
  MARKET US500.cash  WEAK_TREND,COMPRESSION,AT_HTF_LEVEL,RISK_OFF
  MARKET XAUUSD      WEAK_TREND,AT_HTF_LEVEL,RISK_OFF
  BOT_A_gold_0630_breakout: no trade -- outside window: 05:49 London, opens 06:30 closes 16:00
  BOT_B_nas100_usopen_breakout: NOT ELIGIBLE -- regime TRANSITION is structurally wrong for this bot
  BOT_C_sp500_london_breakout: no trade -- outside window: 05:49 London, opens 08:00 closes 16:30
  BOT_D_gold_ny_breakout: no trade -- outside window: 05:49 London, opens 14:30 closes 20:00
  BOT_E_eurusd_london_breakout: no trade -- outside window: 05:49 London, opens 08:00 closes 17:00
  BOT_F_nas100_vwap_reversion: NOT ELIGIBLE -- regime TRANSITION is structurally wrong for this bot
  BOT_G_nas100_h4_pullback: NOT ELIGIBLE -- regime TRANSITION is structurally wrong for this bot
  BOT_H_gold_sweep_reclaim: no trade -- outside window: 05:49 London

  CIO: 0 candidate(s); 0 funded, 0.000% total risk

===== cycle 2026-08-19 04:50:02 UTC (host local 2026-08-18 21:50:02) =====
DEMO GATE OK -> 1514166963 FTMO-Demo equity 99430.84
  bar-vs-tick gap 2s (diagnostic only; freshness is decided by clock_state after exits and reconciliation)
PREFLIGHT OK -- account, clock, data, state, ledgers all verified
  CLOCK FEED_FRESH: feed advancing, age in band, host within tolerance
profit -0.51%  daily headroom 5.00%  total headroom 9.49%  trading days 2

  DESK CLOCK 2026-08-19 05:50 London (broker)
  MARKET EURUSD      STRONG_TREND,AT_HTF_LEVEL,RISK_OFF
  MARKET US100.cash  TRANSITION,COMPRESSION,AT_HTF_LEVEL,RISK_OFF
  MARKET US500.cash  WEAK_TREND,COMPRESSION,AT_HTF_LEVEL,RISK_OFF
  MARKET XAUUSD      WEAK_TREND,AT_HTF_LEVEL,RISK_OFF
  BOT_A_gold_0630_breakout: no trade -- outside window: 05:50 London, opens 06:30 closes 16:00
  BOT_B_nas100_usopen_breakout: NOT ELIGIBLE -- regime TRANSITION is structurally wrong for this bot
  BOT_C_sp500_london_breakout: no trade -- outside window: 05:50 London, opens 08:00 closes 16:30
  BOT_D_gold_ny_breakout: no trade -- outside window: 05:50 London, opens 14:30 closes 20:00
  BOT_E_eurusd_london_breakout: no trade -- outside window: 05:50 London, opens 08:00 closes 17:00
  BOT_F_nas100_vwap_reversion: NOT ELIGIBLE -- regime TRANSITION is structurally wrong for this bot
  BOT_G_nas100_h4_pullback: NOT ELIGIBLE -- regime TRANSITION is structurally wrong for this bot
  BOT_H_gold_sweep_reclaim: no trade -- outside window: 05:50 London

  CIO: 0 candidate(s); 0 funded, 0.000% total risk

===== cycle 2026-08-19 04:51:02 UTC (host local 2026-08-18 21:51:02) =====
DEMO GATE OK -> 1514166963 FTMO-Demo equity 99430.84
  bar-vs-tick gap 2s (diagnostic only; freshness is decided by clock_state after exits and reconciliation)
PREFLIGHT OK -- account, clock, data, state, ledgers all verified
  CLOCK FEED_FRESH: feed advancing, age in band, host within tolerance
profit -0.51%  daily headroom 5.00%  total headroom 9.49%  trading days 2

  DESK CLOCK 2026-08-19 05:51 London (broker)
  MARKET EURUSD      STRONG_TREND,AT_HTF_LEVEL,RISK_OFF
  MARKET US100.cash  TRANSITION,COMPRESSION,AT_HTF_LEVEL,RISK_OFF
  MARKET US500.cash  WEAK_TREND,COMPRESSION,AT_HTF_LEVEL,RISK_OFF
  MARKET XAUUSD      WEAK_TREND,AT_HTF_LEVEL,RISK_OFF
  BOT_A_gold_0630_breakout: no trade -- outside window: 05:51 London, opens 06:30 closes 16:00
  BOT_B_nas100_usopen_breakout: NOT ELIGIBLE -- regime TRANSITION is structurally wrong for this bot
  BOT_C_sp500_london_breakout: no trade -- outside window: 05:51 London, opens 08:00 closes 16:30
  BOT_D_gold_ny_breakout: no trade -- outside window: 05:51 London, opens 14:30 closes 20:00
  BOT_E_eurusd_london_breakout: no trade -- outside window: 05:51 London, opens 08:00 closes 17:00
  BOT_F_nas100_vwap_reversion: NOT ELIGIBLE -- regime TRANSITION is structurally wrong for this bot
  BOT_G_nas100_h4_pullback: NOT ELIGIBLE -- regime TRANSITION is structurally wrong for this bot
  BOT_H_gold_sweep_reclaim: no trade -- outside window: 05:51 London

  CIO: 0 candidate(s); 0 funded, 0.000% total risk

===== cycle 2026-08-19 04:52:02 UTC (host local 2026-08-18 21:52:02) =====
DEMO GATE OK -> 1514166963 FTMO-Demo equity 99430.84
  bar-vs-tick gap 2s (diagnostic only; freshness is decided by clock_state after exits and reconciliation)
PREFLIGHT OK -- account, clock, data, state, ledgers all verified
  CLOCK FEED_FRESH: feed advancing, age in band, host within tolerance
profit -0.51%  daily headroom 5.00%  total headroom 9.49%  trading days 2

  DESK CLOCK 2026-08-19 05:52 London (broker)
  MARKET EURUSD      STRONG_TREND,AT_HTF_LEVEL,RISK_OFF
  MARKET US100.cash  TRANSITION,COMPRESSION,AT_HTF_LEVEL,RISK_OFF
  MARKET US500.cash  WEAK_TREND,COMPRESSION,AT_HTF_LEVEL,RISK_OFF
  MARKET XAUUSD      WEAK_TREND,AT_HTF_LEVEL,RISK_OFF
  BOT_A_gold_0630_breakout: no trade -- outside window: 05:52 London, opens 06:30 closes 16:00
  BOT_B_nas100_usopen_breakout: NOT ELIGIBLE -- regime TRANSITION is structurally wrong for this bot
  BOT_C_sp500_london_breakout: no trade -- outside window: 05:52 London, opens 08:00 closes 16:30
  BOT_D_gold_ny_breakout: no trade -- outside window: 05:52 London, opens 14:30 closes 20:00
  BOT_E_eurusd_london_breakout: no trade -- outside window: 05:52 London, opens 08:00 closes 17:00
  BOT_F_nas100_vwap_reversion: NOT ELIGIBLE -- regime TRANSITION is structurally wrong for this bot
  BOT_G_nas100_h4_pullback: NOT ELIGIBLE -- regime TRANSITION is structurally wrong for this bot
  BOT_H_gold_sweep_reclaim: no trade -- outside window: 05:52 London

  CIO: 0 candidate(s); 0 funded, 0.000% total risk

===== cycle 2026-08-19 04:53:02 UTC (host local 2026-08-18 21:53:02) =====
DEMO GATE OK -> 1514166963 FTMO-Demo equity 99430.84
  bar-vs-tick gap 2s (diagnostic only; freshness is decided by clock_state after exits and reconciliation)
PREFLIGHT OK -- account, clock, data, state, ledgers all verified
  CLOCK FEED_FRESH: feed advancing, age in band, host within tolerance
profit -0.51%  daily headroom 5.00%  total headroom 9.49%  trading days 2

  DESK CLOCK 2026-08-19 05:53 London (broker)
  MARKET EURUSD      STRONG_TREND,AT_HTF_LEVEL,RISK_OFF
  MARKET US100.cash  TRANSITION,COMPRESSION,AT_HTF_LEVEL,RISK_OFF
  MARKET US500.cash  WEAK_TREND,COMPRESSION,AT_HTF_LEVEL,RISK_OFF
  MARKET XAUUSD      WEAK_TREND,AT_HTF_LEVEL,RISK_OFF
  BOT_A_gold_0630_breakout: no trade -- outside window: 05:53 London, opens 06:30 closes 16:00
  BOT_B_nas100_usopen_breakout: NOT ELIGIBLE -- regime TRANSITION is structurally wrong for this bot
  BOT_C_sp500_london_breakout: no trade -- outside window: 05:53 London, opens 08:00 closes 16:30
  BOT_D_gold_ny_breakout: no trade -- outside window: 05:53 London, opens 14:30 closes 20:00
  BOT_E_eurusd_london_breakout: no trade -- outside window: 05:53 London, opens 08:00 closes 17:00
  BOT_F_nas100_vwap_reversion: NOT ELIGIBLE -- regime TRANSITION is structurally wrong for this bot
  BOT_G_nas100_h4_pullback: NOT ELIGIBLE -- regime TRANSITION is structurally wrong for this bot
  BOT_H_gold_sweep_reclaim: no trade -- outside window: 05:53 London

  CIO: 0 candidate(s); 0 funded, 0.000% total risk

===== cycle 2026-08-19 04:54:02 UTC (host local 2026-08-18 21:54:02) =====
DEMO GATE OK -> 1514166963 FTMO-Demo equity 99430.84
  bar-vs-tick gap 2s (diagnostic only; freshness is decided by clock_state after exits and reconciliation)
PREFLIGHT OK -- account, clock, data, state, ledgers all verified
  CLOCK FEED_FRESH: feed advancing, age in band, host within tolerance
profit -0.51%  daily headroom 5.00%  total headroom 9.49%  trading days 2

  DESK CLOCK 2026-08-19 05:54 London (broker)
  MARKET EURUSD      STRONG_TREND,AT_HTF_LEVEL,RISK_OFF
  MARKET US100.cash  TRANSITION,COMPRESSION,AT_HTF_LEVEL,RISK_OFF
  MARKET US500.cash  WEAK_TREND,COMPRESSION,AT_HTF_LEVEL,RISK_OFF
  MARKET XAUUSD      WEAK_TREND,AT_HTF_LEVEL,RISK_OFF
  BOT_A_gold_0630_breakout: no trade -- outside window: 05:54 London, opens 06:30 closes 16:00
  BOT_B_nas100_usopen_breakout: NOT ELIGIBLE -- regime TRANSITION is structurally wrong for this bot
  BOT_C_sp500_london_breakout: no trade -- outside window: 05:54 London, opens 08:00 closes 16:30
  BOT_D_gold_ny_breakout: no trade -- outside window: 05:54 London, opens 14:30 closes 20:00
  BOT_E_eurusd_london_breakout: no trade -- outside window: 05:54 London, opens 08:00 closes 17:00
  BOT_F_nas100_vwap_reversion: NOT ELIGIBLE -- regime TRANSITION is structurally wrong for this bot
  BOT_G_nas100_h4_pullback: NOT ELIGIBLE -- regime TRANSITION is structurally wrong for this bot
  BOT_H_gold_sweep_reclaim: no trade -- outside window: 05:54 London

  CIO: 0 candidate(s); 0 funded, 0.000% total risk

===== cycle 2026-08-19 04:55:02 UTC (host local 2026-08-18 21:55:02) =====
DEMO GATE OK -> 1514166963 FTMO-Demo equity 99430.84
  bar-vs-tick gap 3s (diagnostic only; freshness is decided by clock_state after exits and reconciliation)
PREFLIGHT OK -- account, clock, data, state, ledgers all verified
  CLOCK FEED_FRESH: feed advancing, age in band, host within tolerance
profit -0.51%  daily headroom 5.00%  total headroom 9.49%  trading days 2

  DESK CLOCK 2026-08-19 05:55 London (broker)
  MARKET EURUSD      STRONG_TREND,AT_HTF_LEVEL,RISK_OFF
  MARKET US100.cash  TRANSITION,COMPRESSION,AT_HTF_LEVEL,RISK_OFF
  MARKET US500.cash  WEAK_TREND,COMPRESSION,AT_HTF_LEVEL,RISK_OFF
  MARKET XAUUSD      WEAK_TREND,AT_HTF_LEVEL,RISK_OFF
  BOT_A_gold_0630_breakout: no trade -- outside window: 05:55 London, opens 06:30 closes 16:00
  BOT_B_nas100_usopen_breakout: NOT ELIGIBLE -- regime TRANSITION is structurally wrong for this bot
  BOT_C_sp500_london_breakout: no trade -- outside window: 05:55 London, opens 08:00 closes 16:30
  BOT_D_gold_ny_breakout: no trade -- outside window: 05:55 London, opens 14:30 closes 20:00
  BOT_E_eurusd_london_breakout: no trade -- outside window: 05:55 London, opens 08:00 closes 17:00
  BOT_F_nas100_vwap_reversion: NOT ELIGIBLE -- regime TRANSITION is structurally wrong for this bot
  BOT_G_nas100_h4_pullback: NOT ELIGIBLE -- regime TRANSITION is structurally wrong for this bot
  BOT_H_gold_sweep_reclaim: no trade -- outside window: 05:55 London

  CIO: 0 candidate(s); 0 funded, 0.000% total risk

===== cycle 2026-08-19 04:56:02 UTC (host local 2026-08-18 21:56:02) =====
DEMO GATE OK -> 1514166963 FTMO-Demo equity 99430.84
  bar-vs-tick gap 2s (diagnostic only; freshness is decided by clock_state after exits and reconciliation)
PREFLIGHT OK -- account, clock, data, state, ledgers all verified
  CLOCK FEED_FRESH: feed advancing, age in band, host within tolerance
profit -0.51%  daily headroom 5.00%  total headroom 9.49%  trading days 2

  DESK CLOCK 2026-08-19 05:56 London (broker)
  MARKET EURUSD      STRONG_TREND,AT_HTF_LEVEL,RISK_OFF
  MARKET US100.cash  TRANSITION,COMPRESSION,AT_HTF_LEVEL,RISK_OFF
  MARKET US500.cash  WEAK_TREND,COMPRESSION,AT_HTF_LEVEL,RISK_OFF
  MARKET XAUUSD      WEAK_TREND,AT_HTF_LEVEL,RISK_OFF
  BOT_A_gold_0630_breakout: no trade -- outside window: 05:56 London, opens 06:30 closes 16:00
  BOT_B_nas100_usopen_breakout: NOT ELIGIBLE -- regime TRANSITION is structurally wrong for this bot
  BOT_C_sp500_london_breakout: no trade -- outside window: 05:56 London, opens 08:00 closes 16:30
  BOT_D_gold_ny_breakout: no trade -- outside window: 05:56 London, opens 14:30 closes 20:00
  BOT_E_eurusd_london_breakout: no trade -- outside window: 05:56 London, opens 08:00 closes 17:00
  BOT_F_nas100_vwap_reversion: NOT ELIGIBLE -- regime TRANSITION is structurally wrong for this bot
  BOT_G_nas100_h4_pullback: NOT ELIGIBLE -- regime TRANSITION is structurally wrong for this bot
  BOT_H_gold_sweep_reclaim: no trade -- outside window: 05:56 London

  CIO: 0 candidate(s); 0 funded, 0.000% total risk

===== cycle 2026-08-19 04:57:01 UTC (host local 2026-08-18 21:57:01) =====
DEMO GATE OK -> 1514166963 FTMO-Demo equity 99430.84
  bar-vs-tick gap 2s (diagnostic only; freshness is decided by clock_state after exits and reconciliation)
PREFLIGHT OK -- account, clock, data, state, ledgers all verified
  CLOCK FEED_FRESH: feed advancing, age in band, host within tolerance
profit -0.51%  daily headroom 5.00%  total headroom 9.49%  trading days 2

  DESK CLOCK 2026-08-19 05:57 London (broker)
  MARKET EURUSD      STRONG_TREND,AT_HTF_LEVEL,RISK_OFF
  MARKET US100.cash  TRANSITION,COMPRESSION,AT_HTF_LEVEL,RISK_OFF
  MARKET US500.cash  WEAK_TREND,COMPRESSION,AT_HTF_LEVEL,RISK_OFF
  MARKET XAUUSD      WEAK_TREND,AT_HTF_LEVEL,RISK_OFF
  BOT_A_gold_0630_breakout: no trade -- outside window: 05:57 London, opens 06:30 closes 16:00
  BOT_B_nas100_usopen_breakout: NOT ELIGIBLE -- regime TRANSITION is structurally wrong for this bot
  BOT_C_sp500_london_breakout: no trade -- outside window: 05:57 London, opens 08:00 closes 16:30
  BOT_D_gold_ny_breakout: no trade -- outside window: 05:57 London, opens 14:30 closes 20:00
  BOT_E_eurusd_london_breakout: no trade -- outside window: 05:57 London, opens 08:00 closes 17:00
  BOT_F_nas100_vwap_reversion: NOT ELIGIBLE -- regime TRANSITION is structurally wrong for this bot
  BOT_G_nas100_h4_pullback: NOT ELIGIBLE -- regime TRANSITION is structurally wrong for this bot
  BOT_H_gold_sweep_reclaim: no trade -- outside window: 05:57 London

  CIO: 0 candidate(s); 0 funded, 0.000% total risk

===== cycle 2026-08-19 04:58:01 UTC (host local 2026-08-18 21:58:01) =====
DEMO GATE OK -> 1514166963 FTMO-Demo equity 99430.84
  bar-vs-tick gap 1s (diagnostic only; freshness is decided by clock_state after exits and reconciliation)
PREFLIGHT OK -- account, clock, data, state, ledgers all verified
  CLOCK FEED_FRESH: feed advancing, age in band, host within tolerance
profit -0.51%  daily headroom 5.00%  total headroom 9.49%  trading days 2

  DESK CLOCK 2026-08-19 05:58 London (broker)
  MARKET EURUSD      STRONG_TREND,AT_HTF_LEVEL,RISK_OFF
  MARKET US100.cash  TRANSITION,COMPRESSION,AT_HTF_LEVEL,RISK_OFF
  MARKET US500.cash  WEAK_TREND,COMPRESSION,AT_HTF_LEVEL,RISK_OFF
  MARKET XAUUSD      WEAK_TREND,AT_HTF_LEVEL,RISK_OFF
  BOT_A_gold_0630_breakout: no trade -- outside window: 05:58 London, opens 06:30 closes 16:00
  BOT_B_nas100_usopen_breakout: NOT ELIGIBLE -- regime TRANSITION is structurally wrong for this bot
  BOT_C_sp500_london_breakout: no trade -- outside window: 05:58 London, opens 08:00 closes 16:30
  BOT_D_gold_ny_breakout: no trade -- outside window: 05:58 London, opens 14:30 closes 20:00
  BOT_E_eurusd_london_breakout: no trade -- outside window: 05:58 London, opens 08:00 closes 17:00
  BOT_F_nas100_vwap_reversion: NOT ELIGIBLE -- regime TRANSITION is structurally wrong for this bot
  BOT_G_nas100_h4_pullback: NOT ELIGIBLE -- regime TRANSITION is structurally wrong for this bot
  BOT_H_gold_sweep_reclaim: no trade -- outside window: 05:58 London

  CIO: 0 candidate(s); 0 funded, 0.000% total risk

===== cycle 2026-08-19 04:59:01 UTC (host local 2026-08-18 21:59:01) =====
DEMO GATE OK -> 1514166963 FTMO-Demo equity 99430.84
  bar-vs-tick gap 1s (diagnostic only; freshness is decided by clock_state after exits and reconciliation)
PREFLIGHT OK -- account, clock, data, state, ledgers all verified
  CLOCK FEED_FRESH: feed advancing, age in band, host within tolerance
profit -0.51%  daily headroom 5.00%  total headroom 9.49%  trading days 2

  DESK CLOCK 2026-08-19 05:59 London (broker)
  MARKET EURUSD      STRONG_TREND,AT_HTF_LEVEL,RISK_OFF
  MARKET US100.cash  TRANSITION,COMPRESSION,AT_HTF_LEVEL,RISK_OFF
  MARKET US500.cash  WEAK_TREND,COMPRESSION,AT_HTF_LEVEL,RISK_OFF
  MARKET XAUUSD      WEAK_TREND,AT_HTF_LEVEL,RISK_OFF
  BOT_A_gold_0630_breakout: no trade -- outside window: 05:59 London, opens 06:30 closes 16:00
  BOT_B_nas100_usopen_breakout: NOT ELIGIBLE -- regime TRANSITION is structurally wrong for this bot
  BOT_C_sp500_london_breakout: no trade -- outside window: 05:59 London, opens 08:00 closes 16:30
  BOT_D_gold_ny_breakout: no trade -- outside window: 05:59 London, opens 14:30 closes 20:00
  BOT_E_eurusd_london_breakout: no trade -- outside window: 05:59 London, opens 08:00 closes 17:00
  BOT_F_nas100_vwap_reversion: NOT ELIGIBLE -- regime TRANSITION is structurally wrong for this bot
  BOT_G_nas100_h4_pullback: NOT ELIGIBLE -- regime TRANSITION is structurally wrong for this bot
  BOT_H_gold_sweep_reclaim: no trade -- outside window: 05:59 London

  CIO: 0 candidate(s); 0 funded, 0.000% total risk

===== cycle 2026-08-19 05:00:01 UTC (host local 2026-08-18 22:00:01) =====
DEMO GATE OK -> 1514166963 FTMO-Demo equity 99430.84
  bar-vs-tick gap 61s (diagnostic only; freshness is decided by clock_state after exits and reconciliation)
PREFLIGHT OK -- account, clock, data, state, ledgers all verified
  CLOCK FEED_FRESH: feed advancing, age in band, host within tolerance
profit -0.51%  daily headroom 5.00%  total headroom 9.49%  trading days 2

  DESK CLOCK 2026-08-19 06:00 London (broker)
  MARKET EURUSD      STRONG_TREND,AT_HTF_LEVEL,RISK_OFF
  MARKET US100.cash  TRANSITION,COMPRESSION,AT_HTF_LEVEL,RISK_OFF
  MARKET US500.cash  WEAK_TREND,COMPRESSION,AT_HTF_LEVEL,RISK_OFF
  MARKET XAUUSD      WEAK_TREND,AT_HTF_LEVEL,RISK_OFF
  BOT_A_gold_0630_breakout: no trade -- outside window: 06:00 London, opens 06:30 closes 16:00
  BOT_B_nas100_usopen_breakout: NOT ELIGIBLE -- regime TRANSITION is structurally wrong for this bot
  BOT_C_sp500_london_breakout: no trade -- outside window: 06:00 London, opens 08:00 closes 16:30
  BOT_D_gold_ny_breakout: no trade -- outside window: 06:00 London, opens 14:30 closes 20:00
  BOT_E_eurusd_london_breakout: no trade -- outside window: 06:00 London, opens 08:00 closes 17:00
  BOT_F_nas100_vwap_reversion: NOT ELIGIBLE -- regime TRANSITION is structurally wrong for this bot
  BOT_G_nas100_h4_pullback: NOT ELIGIBLE -- regime TRANSITION is structurally wrong for this bot
  BOT_H_gold_sweep_reclaim: no trade -- outside window: 06:00 London

  CIO: 0 candidate(s); 0 funded, 0.000% total risk

===== cycle 2026-08-19 05:01:01 UTC (host local 2026-08-18 22:01:01) =====
DEMO GATE OK -> 1514166963 FTMO-Demo equity 99430.84
  bar-vs-tick gap 1s (diagnostic only; freshness is decided by clock_state after exits and reconciliation)
PREFLIGHT OK -- account, clock, data, state, ledgers all verified
  CLOCK FEED_FRESH: feed advancing, age in band, host within tolerance
profit -0.51%  daily headroom 5.00%  total headroom 9.49%  trading days 2

  DESK CLOCK 2026-08-19 06:01 London (broker)
  MARKET EURUSD      STRONG_TREND,AT_HTF_LEVEL,RISK_OFF
  MARKET US100.cash  TRANSITION,COMPRESSION,AT_HTF_LEVEL,RISK_OFF
  MARKET US500.cash  WEAK_TREND,COMPRESSION,AT_HTF_LEVEL,RISK_OFF
  MARKET XAUUSD      WEAK_TREND,AT_HTF_LEVEL,RISK_OFF
  BOT_A_gold_0630_breakout: no trade -- outside window: 06:01 London, opens 06:30 closes 16:00
  BOT_B_nas100_usopen_breakout: NOT ELIGIBLE -- regime TRANSITION is structurally wrong for this bot
  BOT_C_sp500_london_breakout: no trade -- outside window: 06:01 London, opens 08:00 closes 16:30
  BOT_D_gold_ny_breakout: no trade -- outside window: 06:01 London, opens 14:30 closes 20:00
  BOT_E_eurusd_london_breakout: no trade -- outside window: 06:01 London, opens 08:00 closes 17:00
  BOT_F_nas100_vwap_reversion: NOT ELIGIBLE -- regime TRANSITION is structurally wrong for this bot
  BOT_G_nas100_h4_pullback: NOT ELIGIBLE -- regime TRANSITION is structurally wrong for this bot
  BOT_H_gold_sweep_reclaim: no trade -- outside window: 06:01 London

  CIO: 0 candidate(s); 0 funded, 0.000% total risk

===== cycle 2026-08-19 05:02:01 UTC (host local 2026-08-18 22:02:01) =====
DEMO GATE OK -> 1514166963 FTMO-Demo equity 99430.84
  bar-vs-tick gap 1s (diagnostic only; freshness is decided by clock_state after exits and reconciliation)
PREFLIGHT OK -- account, clock, data, state, ledgers all verified
  CLOCK FEED_FRESH: feed advancing, age in band, host within tolerance
profit -0.51%  daily headroom 5.00%  total headroom 9.49%  trading days 2

  DESK CLOCK 2026-08-19 06:02 London (broker)
  MARKET EURUSD      STRONG_TREND,AT_HTF_LEVEL,RISK_OFF
  MARKET US100.cash  TRANSITION,COMPRESSION,AT_HTF_LEVEL,RISK_OFF
  MARKET US500.cash  WEAK_TREND,COMPRESSION,AT_HTF_LEVEL,RISK_OFF
  MARKET XAUUSD      WEAK_TREND,AT_HTF_LEVEL,RISK_OFF
  BOT_A_gold_0630_breakout: no trade -- outside window: 06:02 London, opens 06:30 closes 16:00
  BOT_B_nas100_usopen_breakout: NOT ELIGIBLE -- regime TRANSITION is structurally wrong for this bot
  BOT_C_sp500_london_breakout: no trade -- outside window: 06:02 London, opens 08:00 closes 16:30
  BOT_D_gold_ny_breakout: no trade -- outside window: 06:02 London, opens 14:30 closes 20:00
  BOT_E_eurusd_london_breakout: no trade -- outside window: 06:02 London, opens 08:00 closes 17:00
  BOT_F_nas100_vwap_reversion: NOT ELIGIBLE -- regime TRANSITION is structurally wrong for this bot
  BOT_G_nas100_h4_pullback: NOT ELIGIBLE -- regime TRANSITION is structurally wrong for this bot
  BOT_H_gold_sweep_reclaim: no trade -- outside window: 06:02 London

  CIO: 0 candidate(s); 0 funded, 0.000% total risk

===== cycle 2026-08-19 05:03:01 UTC (host local 2026-08-18 22:03:01) =====
DEMO GATE OK -> 1514166963 FTMO-Demo equity 99430.84
  bar-vs-tick gap 1s (diagnostic only; freshness is decided by clock_state after exits and reconciliation)
PREFLIGHT OK -- account, clock, data, state, ledgers all verified
  CLOCK FEED_FRESH: feed advancing, age in band, host within tolerance
profit -0.51%  daily headroom 5.00%  total headroom 9.49%  trading days 2

  DESK CLOCK 2026-08-19 06:03 London (broker)
  MARKET EURUSD      STRONG_TREND,AT_HTF_LEVEL,RISK_OFF
  MARKET US100.cash  TRANSITION,COMPRESSION,AT_HTF_LEVEL,RISK_OFF
  MARKET US500.cash  WEAK_TREND,COMPRESSION,AT_HTF_LEVEL,RISK_OFF
  MARKET XAUUSD      WEAK_TREND,AT_HTF_LEVEL,RISK_OFF
  BOT_A_gold_0630_breakout: no trade -- outside window: 06:03 London, opens 06:30 closes 16:00
  BOT_B_nas100_usopen_breakout: NOT ELIGIBLE -- regime TRANSITION is structurally wrong for this bot
  BOT_C_sp500_london_breakout: no trade -- outside window: 06:03 London, opens 08:00 closes 16:30
  BOT_D_gold_ny_breakout: no trade -- outside window: 06:03 London, opens 14:30 closes 20:00
  BOT_E_eurusd_london_breakout: no trade -- outside window: 06:03 London, opens 08:00 closes 17:00
  BOT_F_nas100_vwap_reversion: NOT ELIGIBLE -- regime TRANSITION is structurally wrong for this bot
  BOT_G_nas100_h4_pullback: NOT ELIGIBLE -- regime TRANSITION is structurally wrong for this bot
  BOT_H_gold_sweep_reclaim: no trade -- outside window: 06:03 London

  CIO: 0 candidate(s); 0 funded, 0.000% total risk

===== cycle 2026-08-19 05:04:01 UTC (host local 2026-08-18 22:04:01) =====
DEMO GATE OK -> 1514166963 FTMO-Demo equity 99430.84
  bar-vs-tick gap 1s (diagnostic only; freshness is decided by clock_state after exits and reconciliation)
PREFLIGHT OK -- account, clock, data, state, ledgers all verified
  CLOCK FEED_FRESH: feed advancing, age in band, host within tolerance
profit -0.51%  daily headroom 5.00%  total headroom 9.49%  trading days 2

  DESK CLOCK 2026-08-19 06:04 London (broker)
  MARKET EURUSD      STRONG_TREND,AT_HTF_LEVEL,RISK_OFF
  MARKET US100.cash  TRANSITION,COMPRESSION,AT_HTF_LEVEL,RISK_OFF
  MARKET US500.cash  WEAK_TREND,COMPRESSION,AT_HTF_LEVEL,RISK_OFF
  MARKET XAUUSD      WEAK_TREND,AT_HTF_LEVEL,RISK_OFF
  BOT_A_gold_0630_breakout: no trade -- outside window: 06:04 London, opens 06:30 closes 16:00
  BOT_B_nas100_usopen_breakout: NOT ELIGIBLE -- regime TRANSITION is structurally wrong for this bot
  BOT_C_sp500_london_breakout: no trade -- outside window: 06:04 London, opens 08:00 closes 16:30
  BOT_D_gold_ny_breakout: no trade -- outside window: 06:04 London, opens 14:30 closes 20:00
  BOT_E_eurusd_london_breakout: no trade -- outside window: 06:04 London, opens 08:00 closes 17:00
  BOT_F_nas100_vwap_reversion: NOT ELIGIBLE -- regime TRANSITION is structurally wrong for this bot
  BOT_G_nas100_h4_pullback: NOT ELIGIBLE -- regime TRANSITION is structurally wrong for this bot
  BOT_H_gold_sweep_reclaim: no trade -- outside window: 06:04 London

  CIO: 0 candidate(s); 0 funded, 0.000% total risk

===== cycle 2026-08-19 05:05:01 UTC (host local 2026-08-18 22:05:01) =====
DEMO GATE OK -> 1514166963 FTMO-Demo equity 99430.84
  bar-vs-tick gap 1s (diagnostic only; freshness is decided by clock_state after exits and reconciliation)
PREFLIGHT OK -- account, clock, data, state, ledgers all verified
  CLOCK FEED_FRESH: feed advancing, age in band, host within tolerance
profit -0.51%  daily headroom 5.00%  total headroom 9.49%  trading days 2

  DESK CLOCK 2026-08-19 06:05 London (broker)
  MARKET EURUSD      STRONG_TREND,AT_HTF_LEVEL,RISK_OFF
  MARKET US100.cash  TRANSITION,COMPRESSION,AT_HTF_LEVEL,RISK_OFF
  MARKET US500.cash  WEAK_TREND,COMPRESSION,AT_HTF_LEVEL,RISK_OFF
  MARKET XAUUSD      WEAK_TREND,AT_HTF_LEVEL,RISK_OFF
  BOT_A_gold_0630_breakout: no trade -- outside window: 06:05 London, opens 06:30 closes 16:00
  BOT_B_nas100_usopen_breakout: NOT ELIGIBLE -- regime TRANSITION is structurally wrong for this bot
  BOT_C_sp500_london_breakout: no trade -- outside window: 06:05 London, opens 08:00 closes 16:30
  BOT_D_gold_ny_breakout: no trade -- outside window: 06:05 London, opens 14:30 closes 20:00
  BOT_E_eurusd_london_breakout: no trade -- outside window: 06:05 London, opens 08:00 closes 17:00
  BOT_F_nas100_vwap_reversion: NOT ELIGIBLE -- regime TRANSITION is structurally wrong for this bot
  BOT_G_nas100_h4_pullback: NOT ELIGIBLE -- regime TRANSITION is structurally wrong for this bot
  BOT_H_gold_sweep_reclaim: no trade -- outside window: 06:05 London

  CIO: 0 candidate(s); 0 funded, 0.000% total risk

===== cycle 2026-08-19 05:06:01 UTC (host local 2026-08-18 22:06:01) =====
DEMO GATE OK -> 1514166963 FTMO-Demo equity 99430.84
  bar-vs-tick gap 1s (diagnostic only; freshness is decided by clock_state after exits and reconciliation)
PREFLIGHT OK -- account, clock, data, state, ledgers all verified
  CLOCK FEED_FRESH: feed advancing, age in band, host within tolerance
profit -0.51%  daily headroom 5.00%  total headroom 9.49%  trading days 2

  DESK CLOCK 2026-08-19 06:06 London (broker)
  MARKET EURUSD      STRONG_TREND,AT_HTF_LEVEL,RISK_OFF
  MARKET US100.cash  TRANSITION,COMPRESSION,AT_HTF_LEVEL,RISK_OFF
  MARKET US500.cash  WEAK_TREND,COMPRESSION,AT_HTF_LEVEL,RISK_OFF
  MARKET XAUUSD      WEAK_TREND,AT_HTF_LEVEL,RISK_OFF
  BOT_A_gold_0630_breakout: no trade -- outside window: 06:06 London, opens 06:30 closes 16:00
  BOT_B_nas100_usopen_breakout: NOT ELIGIBLE -- regime TRANSITION is structurally wrong for this bot
  BOT_C_sp500_london_breakout: no trade -- outside window: 06:06 London, opens 08:00 closes 16:30
  BOT_D_gold_ny_breakout: no trade -- outside window: 06:06 London, opens 14:30 closes 20:00
  BOT_E_eurusd_london_breakout: no trade -- outside window: 06:06 London, opens 08:00 closes 17:00
  BOT_F_nas100_vwap_reversion: NOT ELIGIBLE -- regime TRANSITION is structurally wrong for this bot
  BOT_G_nas100_h4_pullback: NOT ELIGIBLE -- regime TRANSITION is structurally wrong for this bot
  BOT_H_gold_sweep_reclaim: no trade -- outside window: 06:06 London

  CIO: 0 candidate(s); 0 funded, 0.000% total risk

===== cycle 2026-08-19 05:07:01 UTC (host local 2026-08-18 22:07:01) =====
DEMO GATE OK -> 1514166963 FTMO-Demo equity 99430.84
  bar-vs-tick gap 1s (diagnostic only; freshness is decided by clock_state after exits and reconciliation)
PREFLIGHT OK -- account, clock, data, state, ledgers all verified
  CLOCK FEED_FRESH: feed advancing, age in band, host within tolerance
profit -0.51%  daily headroom 5.00%  total headroom 9.49%  trading days 2

  DESK CLOCK 2026-08-19 06:07 London (broker)
  MARKET EURUSD      STRONG_TREND,AT_HTF_LEVEL,RISK_OFF
  MARKET US100.cash  TRANSITION,COMPRESSION,AT_HTF_LEVEL,RISK_OFF
  MARKET US500.cash  WEAK_TREND,COMPRESSION,AT_HTF_LEVEL,RISK_OFF
  MARKET XAUUSD      WEAK_TREND,AT_HTF_LEVEL,RISK_OFF
  BOT_A_gold_0630_breakout: no trade -- outside window: 06:07 London, opens 06:30 closes 16:00
  BOT_B_nas100_usopen_breakout: NOT ELIGIBLE -- regime TRANSITION is structurally wrong for this bot
  BOT_C_sp500_london_breakout: no trade -- outside window: 06:07 London, opens 08:00 closes 16:30
  BOT_D_gold_ny_breakout: no trade -- outside window: 06:07 London, opens 14:30 closes 20:00
  BOT_E_eurusd_london_breakout: no trade -- outside window: 06:07 London, opens 08:00 closes 17:00
  BOT_F_nas100_vwap_reversion: NOT ELIGIBLE -- regime TRANSITION is structurally wrong for this bot
  BOT_G_nas100_h4_pullback: NOT ELIGIBLE -- regime TRANSITION is structurally wrong for this bot
  BOT_H_gold_sweep_reclaim: no trade -- outside window: 06:07 London

  CIO: 0 candidate(s); 0 funded, 0.000% total risk

===== cycle 2026-08-19 05:08:01 UTC (host local 2026-08-18 22:08:01) =====
DEMO GATE OK -> 1514166963 FTMO-Demo equity 99430.84
  bar-vs-tick gap 1s (diagnostic only; freshness is decided by clock_state after exits and reconciliation)
PREFLIGHT OK -- account, clock, data, state, ledgers all verified
  CLOCK FEED_FRESH: feed advancing, age in band, host within tolerance
profit -0.51%  daily headroom 5.00%  total headroom 9.49%  trading days 2

  DESK CLOCK 2026-08-19 06:08 London (broker)
  MARKET EURUSD      STRONG_TREND,AT_HTF_LEVEL,RISK_OFF
  MARKET US100.cash  TRANSITION,COMPRESSION,AT_HTF_LEVEL,RISK_OFF
  MARKET US500.cash  WEAK_TREND,COMPRESSION,AT_HTF_LEVEL,RISK_OFF
  MARKET XAUUSD      WEAK_TREND,AT_HTF_LEVEL,RISK_OFF
  BOT_A_gold_0630_breakout: no trade -- outside window: 06:08 London, opens 06:30 closes 16:00
  BOT_B_nas100_usopen_breakout: NOT ELIGIBLE -- regime TRANSITION is structurally wrong for this bot
  BOT_C_sp500_london_breakout: no trade -- outside window: 06:08 London, opens 08:00 closes 16:30
  BOT_D_gold_ny_breakout: no trade -- outside window: 06:08 London, opens 14:30 closes 20:00
  BOT_E_eurusd_london_breakout: no trade -- outside window: 06:08 London, opens 08:00 closes 17:00
  BOT_F_nas100_vwap_reversion: NOT ELIGIBLE -- regime TRANSITION is structurally wrong for this bot
  BOT_G_nas100_h4_pullback: NOT ELIGIBLE -- regime TRANSITION is structurally wrong for this bot
  BOT_H_gold_sweep_reclaim: no trade -- outside window: 06:08 London

  CIO: 0 candidate(s); 0 funded, 0.000% total risk

===== cycle 2026-08-19 05:09:01 UTC (host local 2026-08-18 22:09:01) =====
DEMO GATE OK -> 1514166963 FTMO-Demo equity 99430.84
  bar-vs-tick gap 1s (diagnostic only; freshness is decided by clock_state after exits and reconciliation)
PREFLIGHT OK -- account, clock, data, state, ledgers all verified
  CLOCK FEED_FRESH: feed advancing, age in band, host within tolerance
profit -0.51%  daily headroom 5.00%  total headroom 9.49%  trading days 2

  DESK CLOCK 2026-08-19 06:09 London (broker)
  MARKET EURUSD      STRONG_TREND,AT_HTF_LEVEL,RISK_OFF
  MARKET US100.cash  TRANSITION,COMPRESSION,AT_HTF_LEVEL,RISK_OFF
  MARKET US500.cash  WEAK_TREND,COMPRESSION,AT_HTF_LEVEL,RISK_OFF
  MARKET XAUUSD      WEAK_TREND,AT_HTF_LEVEL,RISK_OFF
  BOT_A_gold_0630_breakout: no trade -- outside window: 06:09 London, opens 06:30 closes 16:00
  BOT_B_nas100_usopen_breakout: NOT ELIGIBLE -- regime TRANSITION is structurally wrong for this bot
  BOT_C_sp500_london_breakout: no trade -- outside window: 06:09 London, opens 08:00 closes 16:30
  BOT_D_gold_ny_breakout: no trade -- outside window: 06:09 London, opens 14:30 closes 20:00
  BOT_E_eurusd_london_breakout: no trade -- outside window: 06:09 London, opens 08:00 closes 17:00
  BOT_F_nas100_vwap_reversion: NOT ELIGIBLE -- regime TRANSITION is structurally wrong for this bot
  BOT_G_nas100_h4_pullback: NOT ELIGIBLE -- regime TRANSITION is structurally wrong for this bot
  BOT_H_gold_sweep_reclaim: no trade -- outside window: 06:09 London

  CIO: 0 candidate(s); 0 funded, 0.000% total risk

===== cycle 2026-08-19 05:10:01 UTC (host local 2026-08-18 22:10:01) =====
DEMO GATE OK -> 1514166963 FTMO-Demo equity 99430.84
  bar-vs-tick gap 1s (diagnostic only; freshness is decided by clock_state after exits and reconciliation)
PREFLIGHT OK -- account, clock, data, state, ledgers all verified
  CLOCK FEED_FRESH: feed advancing, age in band, host within tolerance
profit -0.51%  daily headroom 5.00%  total headroom 9.49%  trading days 2

  DESK CLOCK 2026-08-19 06:10 London (broker)
  MARKET EURUSD      STRONG_TREND,AT_HTF_LEVEL,RISK_OFF
  MARKET US100.cash  TRANSITION,COMPRESSION,AT_HTF_LEVEL,RISK_OFF
  MARKET US500.cash  WEAK_TREND,COMPRESSION,AT_HTF_LEVEL,RISK_OFF
  MARKET XAUUSD      WEAK_TREND,AT_HTF_LEVEL,RISK_OFF
  BOT_A_gold_0630_breakout: no trade -- outside window: 06:10 London, opens 06:30 closes 16:00
  BOT_B_nas100_usopen_breakout: NOT ELIGIBLE -- regime TRANSITION is structurally wrong for this bot
  BOT_C_sp500_london_breakout: no trade -- outside window: 06:10 London, opens 08:00 closes 16:30
  BOT_D_gold_ny_breakout: no trade -- outside window: 06:10 London, opens 14:30 closes 20:00
  BOT_E_eurusd_london_breakout: no trade -- outside window: 06:10 London, opens 08:00 closes 17:00
  BOT_F_nas100_vwap_reversion: NOT ELIGIBLE -- regime TRANSITION is structurally wrong for this bot
  BOT_G_nas100_h4_pullback: NOT ELIGIBLE -- regime TRANSITION is structurally wrong for this bot
  BOT_H_gold_sweep_reclaim: no trade -- outside window: 06:10 London

  CIO: 0 candidate(s); 0 funded, 0.000% total risk

===== cycle 2026-08-19 05:11:01 UTC (host local 2026-08-18 22:11:01) =====
DEMO GATE OK -> 1514166963 FTMO-Demo equity 99430.84
  bar-vs-tick gap 2s (diagnostic only; freshness is decided by clock_state after exits and reconciliation)
PREFLIGHT OK -- account, clock, data, state, ledgers all verified
  CLOCK FEED_FRESH: feed advancing, age in band, host within tolerance
profit -0.51%  daily headroom 5.00%  total headroom 9.49%  trading days 2

  DESK CLOCK 2026-08-19 06:11 London (broker)
  MARKET EURUSD      STRONG_TREND,AT_HTF_LEVEL,RISK_OFF
  MARKET US100.cash  TRANSITION,COMPRESSION,AT_HTF_LEVEL,RISK_OFF
  MARKET US500.cash  WEAK_TREND,COMPRESSION,AT_HTF_LEVEL,RISK_OFF
  MARKET XAUUSD      WEAK_TREND,AT_HTF_LEVEL,RISK_OFF
  BOT_A_gold_0630_breakout: no trade -- outside window: 06:11 London, opens 06:30 closes 16:00
  BOT_B_nas100_usopen_breakout: NOT ELIGIBLE -- regime TRANSITION is structurally wrong for this bot
  BOT_C_sp500_london_breakout: no trade -- outside window: 06:11 London, opens 08:00 closes 16:30
  BOT_D_gold_ny_breakout: no trade -- outside window: 06:11 London, opens 14:30 closes 20:00
  BOT_E_eurusd_london_breakout: no trade -- outside window: 06:11 London, opens 08:00 closes 17:00
  BOT_F_nas100_vwap_reversion: NOT ELIGIBLE -- regime TRANSITION is structurally wrong for this bot
  BOT_G_nas100_h4_pullback: NOT ELIGIBLE -- regime TRANSITION is structurally wrong for this bot
  BOT_H_gold_sweep_reclaim: no trade -- outside window: 06:11 London

  CIO: 0 candidate(s); 0 funded, 0.000% total risk

===== cycle 2026-08-19 05:12:01 UTC (host local 2026-08-18 22:12:01) =====
DEMO GATE OK -> 1514166963 FTMO-Demo equity 99430.84
  bar-vs-tick gap 1s (diagnostic only; freshness is decided by clock_state after exits and reconciliation)
PREFLIGHT OK -- account, clock, data, state, ledgers all verified
  CLOCK FEED_FRESH: feed advancing, age in band, host within tolerance
profit -0.51%  daily headroom 5.00%  total headroom 9.49%  trading days 2

  DESK CLOCK 2026-08-19 06:12 London (broker)
  MARKET EURUSD      STRONG_TREND,AT_HTF_LEVEL,RISK_OFF
  MARKET US100.cash  TRANSITION,COMPRESSION,AT_HTF_LEVEL,RISK_OFF
  MARKET US500.cash  WEAK_TREND,COMPRESSION,AT_HTF_LEVEL,RISK_OFF
  MARKET XAUUSD      WEAK_TREND,AT_HTF_LEVEL,RISK_OFF
  BOT_A_gold_0630_breakout: no trade -- outside window: 06:12 London, opens 06:30 closes 16:00
  BOT_B_nas100_usopen_breakout: NOT ELIGIBLE -- regime TRANSITION is structurally wrong for this bot
  BOT_C_sp500_london_breakout: no trade -- outside window: 06:12 London, opens 08:00 closes 16:30
  BOT_D_gold_ny_breakout: no trade -- outside window: 06:12 London, opens 14:30 closes 20:00
  BOT_E_eurusd_london_breakout: no trade -- outside window: 06:12 London, opens 08:00 closes 17:00
  BOT_F_nas100_vwap_reversion: NOT ELIGIBLE -- regime TRANSITION is structurally wrong for this bot
  BOT_G_nas100_h4_pullback: NOT ELIGIBLE -- regime TRANSITION is structurally wrong for this bot
  BOT_H_gold_sweep_reclaim: no trade -- outside window: 06:12 London

  CIO: 0 candidate(s); 0 funded, 0.000% total risk

===== cycle 2026-08-19 05:13:01 UTC (host local 2026-08-18 22:13:01) =====
DEMO GATE OK -> 1514166963 FTMO-Demo equity 99430.84
  bar-vs-tick gap 2s (diagnostic only; freshness is decided by clock_state after exits and reconciliation)
PREFLIGHT OK -- account, clock, data, state, ledgers all verified
  CLOCK FEED_FRESH: feed advancing, age in band, host within tolerance
profit -0.51%  daily headroom 5.00%  total headroom 9.49%  trading days 2

  DESK CLOCK 2026-08-19 06:13 London (broker)
  MARKET EURUSD      STRONG_TREND,AT_HTF_LEVEL,RISK_OFF
  MARKET US100.cash  TRANSITION,COMPRESSION,AT_HTF_LEVEL,RISK_OFF
  MARKET US500.cash  WEAK_TREND,COMPRESSION,AT_HTF_LEVEL,RISK_OFF
  MARKET XAUUSD      WEAK_TREND,AT_HTF_LEVEL,RISK_OFF
  BOT_A_gold_0630_breakout: no trade -- outside window: 06:13 London, opens 06:30 closes 16:00
  BOT_B_nas100_usopen_breakout: NOT ELIGIBLE -- regime TRANSITION is structurally wrong for this bot
  BOT_C_sp500_london_breakout: no trade -- outside window: 06:13 London, opens 08:00 closes 16:30
  BOT_D_gold_ny_breakout: no trade -- outside window: 06:13 London, opens 14:30 closes 20:00
  BOT_E_eurusd_london_breakout: no trade -- outside window: 06:13 London, opens 08:00 closes 17:00
  BOT_F_nas100_vwap_reversion: NOT ELIGIBLE -- regime TRANSITION is structurally wrong for this bot
  BOT_G_nas100_h4_pullback: NOT ELIGIBLE -- regime TRANSITION is structurally wrong for this bot
  BOT_H_gold_sweep_reclaim: no trade -- outside window: 06:13 London

  CIO: 0 candidate(s); 0 funded, 0.000% total risk

===== cycle 2026-08-19 05:14:01 UTC (host local 2026-08-18 22:14:01) =====
DEMO GATE OK -> 1514166963 FTMO-Demo equity 99430.84
  bar-vs-tick gap 1s (diagnostic only; freshness is decided by clock_state after exits and reconciliation)
PREFLIGHT OK -- account, clock, data, state, ledgers all verified
  CLOCK FEED_FRESH: feed advancing, age in band, host within tolerance
profit -0.51%  daily headroom 5.00%  total headroom 9.49%  trading days 2

  DESK CLOCK 2026-08-19 06:14 London (broker)
  MARKET EURUSD      STRONG_TREND,AT_HTF_LEVEL,RISK_OFF
  MARKET US100.cash  TRANSITION,COMPRESSION,AT_HTF_LEVEL,RISK_OFF
  MARKET US500.cash  WEAK_TREND,COMPRESSION,AT_HTF_LEVEL,RISK_OFF
  MARKET XAUUSD      WEAK_TREND,AT_HTF_LEVEL,RISK_OFF
  BOT_A_gold_0630_breakout: no trade -- outside window: 06:14 London, opens 06:30 closes 16:00
  BOT_B_nas100_usopen_breakout: NOT ELIGIBLE -- regime TRANSITION is structurally wrong for this bot
  BOT_C_sp500_london_breakout: no trade -- outside window: 06:14 London, opens 08:00 closes 16:30
  BOT_D_gold_ny_breakout: no trade -- outside window: 06:14 London, opens 14:30 closes 20:00
  BOT_E_eurusd_london_breakout: no trade -- outside window: 06:14 London, opens 08:00 closes 17:00
  BOT_F_nas100_vwap_reversion: NOT ELIGIBLE -- regime TRANSITION is structurally wrong for this bot
  BOT_G_nas100_h4_pullback: NOT ELIGIBLE -- regime TRANSITION is structurally wrong for this bot
  BOT_H_gold_sweep_reclaim: no trade -- outside window: 06:14 London

  CIO: 0 candidate(s); 0 funded, 0.000% total risk

===== cycle 2026-08-19 05:15:01 UTC (host local 2026-08-18 22:15:01) =====
DEMO GATE OK -> 1514166963 FTMO-Demo equity 99430.84
  bar-vs-tick gap 2s (diagnostic only; freshness is decided by clock_state after exits and reconciliation)
PREFLIGHT OK -- account, clock, data, state, ledgers all verified
  CLOCK FEED_FRESH: feed advancing, age in band, host within tolerance
profit -0.51%  daily headroom 5.00%  total headroom 9.49%  trading days 2

  DESK CLOCK 2026-08-19 06:15 London (broker)
  MARKET EURUSD      STRONG_TREND,AT_HTF_LEVEL,RISK_OFF
  MARKET US100.cash  TRANSITION,COMPRESSION,AT_HTF_LEVEL,RISK_OFF
  MARKET US500.cash  WEAK_TREND,COMPRESSION,AT_HTF_LEVEL,RISK_OFF
  MARKET XAUUSD      WEAK_TREND,AT_HTF_LEVEL,RISK_OFF
  BOT_A_gold_0630_breakout: no trade -- outside window: 06:15 London, opens 06:30 closes 16:00
  BOT_B_nas100_usopen_breakout: NOT ELIGIBLE -- regime TRANSITION is structurally wrong for this bot
  BOT_C_sp500_london_breakout: no trade -- outside window: 06:15 London, opens 08:00 closes 16:30
  BOT_D_gold_ny_breakout: no trade -- outside window: 06:15 London, opens 14:30 closes 20:00
  BOT_E_eurusd_london_breakout: no trade -- outside window: 06:15 London, opens 08:00 closes 17:00
  BOT_F_nas100_vwap_reversion: NOT ELIGIBLE -- regime TRANSITION is structurally wrong for this bot
  BOT_G_nas100_h4_pullback: NOT ELIGIBLE -- regime TRANSITION is structurally wrong for this bot
  BOT_H_gold_sweep_reclaim: no trade -- outside window: 06:15 London

  CIO: 0 candidate(s); 0 funded, 0.000% total risk

===== cycle 2026-08-19 05:16:01 UTC (host local 2026-08-18 22:16:01) =====
DEMO GATE OK -> 1514166963 FTMO-Demo equity 99430.84
  bar-vs-tick gap 2s (diagnostic only; freshness is decided by clock_state after exits and reconciliation)
PREFLIGHT OK -- account, clock, data, state, ledgers all verified
  CLOCK FEED_FRESH: feed advancing, age in band, host within tolerance
profit -0.51%  daily headroom 5.00%  total headroom 9.49%  trading days 2

  DESK CLOCK 2026-08-19 06:16 London (broker)
  MARKET EURUSD      STRONG_TREND,AT_HTF_LEVEL,RISK_OFF
  MARKET US100.cash  TRANSITION,COMPRESSION,AT_HTF_LEVEL,RISK_OFF
  MARKET US500.cash  WEAK_TREND,COMPRESSION,AT_HTF_LEVEL,RISK_OFF
  MARKET XAUUSD      WEAK_TREND,AT_HTF_LEVEL,RISK_OFF
  BOT_A_gold_0630_breakout: no trade -- outside window: 06:16 London, opens 06:30 closes 16:00
  BOT_B_nas100_usopen_breakout: NOT ELIGIBLE -- regime TRANSITION is structurally wrong for this bot
  BOT_C_sp500_london_breakout: no trade -- outside window: 06:16 London, opens 08:00 closes 16:30
  BOT_D_gold_ny_breakout: no trade -- outside window: 06:16 London, opens 14:30 closes 20:00
  BOT_E_eurusd_london_breakout: no trade -- outside window: 06:16 London, opens 08:00 closes 17:00
  BOT_F_nas100_vwap_reversion: NOT ELIGIBLE -- regime TRANSITION is structurally wrong for this bot
  BOT_G_nas100_h4_pullback: NOT ELIGIBLE -- regime TRANSITION is structurally wrong for this bot
  BOT_H_gold_sweep_reclaim: no trade -- outside window: 06:16 London

  CIO: 0 candidate(s); 0 funded, 0.000% total risk

===== cycle 2026-08-19 05:17:01 UTC (host local 2026-08-18 22:17:01) =====
DEMO GATE OK -> 1514166963 FTMO-Demo equity 99430.84
  bar-vs-tick gap 2s (diagnostic only; freshness is decided by clock_state after exits and reconciliation)
PREFLIGHT OK -- account, clock, data, state, ledgers all verified
  CLOCK FEED_FRESH: feed advancing, age in band, host within tolerance
profit -0.51%  daily headroom 5.00%  total headroom 9.49%  trading days 2

  DESK CLOCK 2026-08-19 06:17 London (broker)
  MARKET EURUSD      STRONG_TREND,AT_HTF_LEVEL,RISK_OFF
  MARKET US100.cash  TRANSITION,COMPRESSION,AT_HTF_LEVEL,RISK_OFF
  MARKET US500.cash  WEAK_TREND,COMPRESSION,AT_HTF_LEVEL,RISK_OFF
  MARKET XAUUSD      WEAK_TREND,AT_HTF_LEVEL,RISK_OFF
  BOT_A_gold_0630_breakout: no trade -- outside window: 06:17 London, opens 06:30 closes 16:00
  BOT_B_nas100_usopen_breakout: NOT ELIGIBLE -- regime TRANSITION is structurally wrong for this bot
  BOT_C_sp500_london_breakout: no trade -- outside window: 06:17 London, opens 08:00 closes 16:30
  BOT_D_gold_ny_breakout: no trade -- outside window: 06:17 London, opens 14:30 closes 20:00
  BOT_E_eurusd_london_breakout: no trade -- outside window: 06:17 London, opens 08:00 closes 17:00
  BOT_F_nas100_vwap_reversion: NOT ELIGIBLE -- regime TRANSITION is structurally wrong for this bot
  BOT_G_nas100_h4_pullback: NOT ELIGIBLE -- regime TRANSITION is structurally wrong for this bot
  BOT_H_gold_sweep_reclaim: no trade -- outside window: 06:17 London

  CIO: 0 candidate(s); 0 funded, 0.000% total risk

===== cycle 2026-08-19 05:18:01 UTC (host local 2026-08-18 22:18:01) =====
DEMO GATE OK -> 1514166963 FTMO-Demo equity 99430.84
  bar-vs-tick gap 2s (diagnostic only; freshness is decided by clock_state after exits and reconciliation)
PREFLIGHT OK -- account, clock, data, state, ledgers all verified
  CLOCK FEED_FRESH: feed advancing, age in band, host within tolerance
profit -0.51%  daily headroom 5.00%  total headroom 9.49%  trading days 2

  DESK CLOCK 2026-08-19 06:18 London (broker)
  MARKET EURUSD      STRONG_TREND,AT_HTF_LEVEL,RISK_OFF
  MARKET US100.cash  TRANSITION,COMPRESSION,AT_HTF_LEVEL,RISK_OFF
  MARKET US500.cash  WEAK_TREND,COMPRESSION,AT_HTF_LEVEL,RISK_OFF
  MARKET XAUUSD      WEAK_TREND,AT_HTF_LEVEL,RISK_OFF
  BOT_A_gold_0630_breakout: no trade -- outside window: 06:18 London, opens 06:30 closes 16:00
  BOT_B_nas100_usopen_breakout: NOT ELIGIBLE -- regime TRANSITION is structurally wrong for this bot
  BOT_C_sp500_london_breakout: no trade -- outside window: 06:18 London, opens 08:00 closes 16:30
  BOT_D_gold_ny_breakout: no trade -- outside window: 06:18 London, opens 14:30 closes 20:00
  BOT_E_eurusd_london_breakout: no trade -- outside window: 06:18 London, opens 08:00 closes 17:00
  BOT_F_nas100_vwap_reversion: NOT ELIGIBLE -- regime TRANSITION is structurally wrong for this bot
  BOT_G_nas100_h4_pullback: NOT ELIGIBLE -- regime TRANSITION is structurally wrong for this bot
  BOT_H_gold_sweep_reclaim: no trade -- outside window: 06:18 London

  CIO: 0 candidate(s); 0 funded, 0.000% total risk

===== cycle 2026-08-19 05:19:01 UTC (host local 2026-08-18 22:19:01) =====
DEMO GATE OK -> 1514166963 FTMO-Demo equity 99430.84
  bar-vs-tick gap 2s (diagnostic only; freshness is decided by clock_state after exits and reconciliation)
PREFLIGHT OK -- account, clock, data, state, ledgers all verified
  CLOCK FEED_FRESH: feed advancing, age in band, host within tolerance
profit -0.51%  daily headroom 5.00%  total headroom 9.49%  trading days 2

  DESK CLOCK 2026-08-19 06:19 London (broker)
  MARKET EURUSD      STRONG_TREND,AT_HTF_LEVEL,RISK_OFF
  MARKET US100.cash  TRANSITION,COMPRESSION,AT_HTF_LEVEL,RISK_OFF
  MARKET US500.cash  WEAK_TREND,COMPRESSION,AT_HTF_LEVEL,RISK_OFF
  MARKET XAUUSD      WEAK_TREND,AT_HTF_LEVEL,RISK_OFF
  BOT_A_gold_0630_breakout: no trade -- outside window: 06:19 London, opens 06:30 closes 16:00
  BOT_B_nas100_usopen_breakout: NOT ELIGIBLE -- regime TRANSITION is structurally wrong for this bot
  BOT_C_sp500_london_breakout: no trade -- outside window: 06:19 London, opens 08:00 closes 16:30
  BOT_D_gold_ny_breakout: no trade -- outside window: 06:19 London, opens 14:30 closes 20:00
  BOT_E_eurusd_london_breakout: no trade -- outside window: 06:19 London, opens 08:00 closes 17:00
  BOT_F_nas100_vwap_reversion: NOT ELIGIBLE -- regime TRANSITION is structurally wrong for this bot
  BOT_G_nas100_h4_pullback: NOT ELIGIBLE -- regime TRANSITION is structurally wrong for this bot
  BOT_H_gold_sweep_reclaim: no trade -- outside window: 06:19 London

  CIO: 0 candidate(s); 0 funded, 0.000% total risk

===== cycle 2026-08-19 05:20:01 UTC (host local 2026-08-18 22:20:01) =====
DEMO GATE OK -> 1514166963 FTMO-Demo equity 99430.84
  bar-vs-tick gap 2s (diagnostic only; freshness is decided by clock_state after exits and reconciliation)
PREFLIGHT OK -- account, clock, data, state, ledgers all verified
  CLOCK FEED_FRESH: feed advancing, age in band, host within tolerance
profit -0.51%  daily headroom 5.00%  total headroom 9.49%  trading days 2

  DESK CLOCK 2026-08-19 06:20 London (broker)
  MARKET EURUSD      STRONG_TREND,AT_HTF_LEVEL,RISK_OFF
  MARKET US100.cash  TRANSITION,COMPRESSION,AT_HTF_LEVEL,RISK_OFF
  MARKET US500.cash  WEAK_TREND,COMPRESSION,AT_HTF_LEVEL,RISK_OFF
  MARKET XAUUSD      WEAK_TREND,AT_HTF_LEVEL,RISK_OFF
  BOT_A_gold_0630_breakout: no trade -- outside window: 06:20 London, opens 06:30 closes 16:00
  BOT_B_nas100_usopen_breakout: NOT ELIGIBLE -- regime TRANSITION is structurally wrong for this bot
  BOT_C_sp500_london_breakout: no trade -- outside window: 06:20 London, opens 08:00 closes 16:30
  BOT_D_gold_ny_breakout: no trade -- outside window: 06:20 London, opens 14:30 closes 20:00
  BOT_E_eurusd_london_breakout: no trade -- outside window: 06:20 London, opens 08:00 closes 17:00
  BOT_F_nas100_vwap_reversion: NOT ELIGIBLE -- regime TRANSITION is structurally wrong for this bot
  BOT_G_nas100_h4_pullback: NOT ELIGIBLE -- regime TRANSITION is structurally wrong for this bot
  BOT_H_gold_sweep_reclaim: no trade -- outside window: 06:20 London

  CIO: 0 candidate(s); 0 funded, 0.000% total risk

===== cycle 2026-08-19 05:21:01 UTC (host local 2026-08-18 22:21:01) =====
DEMO GATE OK -> 1514166963 FTMO-Demo equity 99430.84
  bar-vs-tick gap 2s (diagnostic only; freshness is decided by clock_state after exits and reconciliation)
PREFLIGHT OK -- account, clock, data, state, ledgers all verified
  CLOCK FEED_FRESH: feed advancing, age in band, host within tolerance
profit -0.51%  daily headroom 5.00%  total headroom 9.49%  trading days 2

  DESK CLOCK 2026-08-19 06:21 London (broker)
  MARKET EURUSD      STRONG_TREND,AT_HTF_LEVEL,RISK_OFF
  MARKET US100.cash  TRANSITION,COMPRESSION,AT_HTF_LEVEL,RISK_OFF
  MARKET US500.cash  WEAK_TREND,COMPRESSION,AT_HTF_LEVEL,RISK_OFF
  MARKET XAUUSD      WEAK_TREND,AT_HTF_LEVEL,RISK_OFF
  BOT_A_gold_0630_breakout: no trade -- outside window: 06:21 London, opens 06:30 closes 16:00
  BOT_B_nas100_usopen_breakout: NOT ELIGIBLE -- regime TRANSITION is structurally wrong for this bot
  BOT_C_sp500_london_breakout: no trade -- outside window: 06:21 London, opens 08:00 closes 16:30
  BOT_D_gold_ny_breakout: no trade -- outside window: 06:21 London, opens 14:30 closes 20:00
  BOT_E_eurusd_london_breakout: no trade -- outside window: 06:21 London, opens 08:00 closes 17:00
  BOT_F_nas100_vwap_reversion: NOT ELIGIBLE -- regime TRANSITION is structurally wrong for this bot
  BOT_G_nas100_h4_pullback: NOT ELIGIBLE -- regime TRANSITION is structurally wrong for this bot
  BOT_H_gold_sweep_reclaim: no trade -- outside window: 06:21 London

  CIO: 0 candidate(s); 0 funded, 0.000% total risk

===== cycle 2026-08-19 05:22:01 UTC (host local 2026-08-18 22:22:01) =====
DEMO GATE OK -> 1514166963 FTMO-Demo equity 99430.84
  bar-vs-tick gap 2s (diagnostic only; freshness is decided by clock_state after exits and reconciliation)
PREFLIGHT OK -- account, clock, data, state, ledgers all verified
  CLOCK FEED_FRESH: feed advancing, age in band, host within tolerance
profit -0.51%  daily headroom 5.00%  total headroom 9.49%  trading days 2

  DESK CLOCK 2026-08-19 06:22 London (broker)
  MARKET EURUSD      STRONG_TREND,AT_HTF_LEVEL,RISK_OFF
  MARKET US100.cash  TRANSITION,COMPRESSION,AT_HTF_LEVEL,RISK_OFF
  MARKET US500.cash  WEAK_TREND,COMPRESSION,AT_HTF_LEVEL,RISK_OFF
  MARKET XAUUSD      WEAK_TREND,AT_HTF_LEVEL,RISK_OFF
  BOT_A_gold_0630_breakout: no trade -- outside window: 06:22 London, opens 06:30 closes 16:00
  BOT_B_nas100_usopen_breakout: NOT ELIGIBLE -- regime TRANSITION is structurally wrong for this bot
  BOT_C_sp500_london_breakout: no trade -- outside window: 06:22 London, opens 08:00 closes 16:30
  BOT_D_gold_ny_breakout: no trade -- outside window: 06:22 London, opens 14:30 closes 20:00
  BOT_E_eurusd_london_breakout: no trade -- outside window: 06:22 London, opens 08:00 closes 17:00
  BOT_F_nas100_vwap_reversion: NOT ELIGIBLE -- regime TRANSITION is structurally wrong for this bot
  BOT_G_nas100_h4_pullback: NOT ELIGIBLE -- regime TRANSITION is structurally wrong for this bot
  BOT_H_gold_sweep_reclaim: no trade -- outside window: 06:22 London

  CIO: 0 candidate(s); 0 funded, 0.000% total risk

===== cycle 2026-08-19 05:23:01 UTC (host local 2026-08-18 22:23:01) =====
DEMO GATE OK -> 1514166963 FTMO-Demo equity 99430.84
  bar-vs-tick gap 2s (diagnostic only; freshness is decided by clock_state after exits and reconciliation)
PREFLIGHT OK -- account, clock, data, state, ledgers all verified
  CLOCK FEED_FRESH: feed advancing, age in band, host within tolerance
profit -0.51%  daily headroom 5.00%  total headroom 9.49%  trading days 2

  DESK CLOCK 2026-08-19 06:23 London (broker)
  MARKET EURUSD      STRONG_TREND,AT_HTF_LEVEL,RISK_OFF
  MARKET US100.cash  TRANSITION,COMPRESSION,AT_HTF_LEVEL,RISK_OFF
  MARKET US500.cash  WEAK_TREND,COMPRESSION,AT_HTF_LEVEL,RISK_OFF
  MARKET XAUUSD      WEAK_TREND,AT_HTF_LEVEL,RISK_OFF
  BOT_A_gold_0630_breakout: no trade -- outside window: 06:23 London, opens 06:30 closes 16:00
  BOT_B_nas100_usopen_breakout: NOT ELIGIBLE -- regime TRANSITION is structurally wrong for this bot
  BOT_C_sp500_london_breakout: no trade -- outside window: 06:23 London, opens 08:00 closes 16:30
  BOT_D_gold_ny_breakout: no trade -- outside window: 06:23 London, opens 14:30 closes 20:00
  BOT_E_eurusd_london_breakout: no trade -- outside window: 06:23 London, opens 08:00 closes 17:00
  BOT_F_nas100_vwap_reversion: NOT ELIGIBLE -- regime TRANSITION is structurally wrong for this bot
  BOT_G_nas100_h4_pullback: NOT ELIGIBLE -- regime TRANSITION is structurally wrong for this bot
  BOT_H_gold_sweep_reclaim: no trade -- outside window: 06:23 London

  CIO: 0 candidate(s); 0 funded, 0.000% total risk

===== cycle 2026-08-19 05:24:01 UTC (host local 2026-08-18 22:24:01) =====
DEMO GATE OK -> 1514166963 FTMO-Demo equity 99430.84
  bar-vs-tick gap 2s (diagnostic only; freshness is decided by clock_state after exits and reconciliation)
PREFLIGHT OK -- account, clock, data, state, ledgers all verified
  CLOCK FEED_FRESH: feed advancing, age in band, host within tolerance
profit -0.51%  daily headroom 5.00%  total headroom 9.49%  trading days 2

  DESK CLOCK 2026-08-19 06:24 London (broker)
  MARKET EURUSD      STRONG_TREND,AT_HTF_LEVEL,RISK_OFF
  MARKET US100.cash  TRANSITION,COMPRESSION,AT_HTF_LEVEL,RISK_OFF
  MARKET US500.cash  WEAK_TREND,COMPRESSION,AT_HTF_LEVEL,RISK_OFF
  MARKET XAUUSD      WEAK_TREND,AT_HTF_LEVEL,RISK_OFF
  BOT_A_gold_0630_breakout: no trade -- outside window: 06:24 London, opens 06:30 closes 16:00
  BOT_B_nas100_usopen_breakout: NOT ELIGIBLE -- regime TRANSITION is structurally wrong for this bot
  BOT_C_sp500_london_breakout: no trade -- outside window: 06:24 London, opens 08:00 closes 16:30
  BOT_D_gold_ny_breakout: no trade -- outside window: 06:24 London, opens 14:30 closes 20:00
  BOT_E_eurusd_london_breakout: no trade -- outside window: 06:24 London, opens 08:00 closes 17:00
  BOT_F_nas100_vwap_reversion: NOT ELIGIBLE -- regime TRANSITION is structurally wrong for this bot
  BOT_G_nas100_h4_pullback: NOT ELIGIBLE -- regime TRANSITION is structurally wrong for this bot
  BOT_H_gold_sweep_reclaim: no trade -- outside window: 06:24 London

  CIO: 0 candidate(s); 0 funded, 0.000% total risk

===== cycle 2026-08-19 05:25:01 UTC (host local 2026-08-18 22:25:01) =====
DEMO GATE OK -> 1514166963 FTMO-Demo equity 99430.84
  bar-vs-tick gap 2s (diagnostic only; freshness is decided by clock_state after exits and reconciliation)
PREFLIGHT OK -- account, clock, data, state, ledgers all verified
  CLOCK FEED_FRESH: feed advancing, age in band, host within tolerance
profit -0.51%  daily headroom 5.00%  total headroom 9.49%  trading days 2

  DESK CLOCK 2026-08-19 06:25 London (broker)
  MARKET EURUSD      STRONG_TREND,AT_HTF_LEVEL,RISK_OFF
  MARKET US100.cash  TRANSITION,COMPRESSION,AT_HTF_LEVEL,RISK_OFF
  MARKET US500.cash  WEAK_TREND,COMPRESSION,AT_HTF_LEVEL,RISK_OFF
  MARKET XAUUSD      WEAK_TREND,AT_HTF_LEVEL,RISK_OFF
  BOT_A_gold_0630_breakout: no trade -- outside window: 06:25 London, opens 06:30 closes 16:00
  BOT_B_nas100_usopen_breakout: NOT ELIGIBLE -- regime TRANSITION is structurally wrong for this bot
  BOT_C_sp500_london_breakout: no trade -- outside window: 06:25 London, opens 08:00 closes 16:30
  BOT_D_gold_ny_breakout: no trade -- outside window: 06:25 London, opens 14:30 closes 20:00
  BOT_E_eurusd_london_breakout: no trade -- outside window: 06:25 London, opens 08:00 closes 17:00
  BOT_F_nas100_vwap_reversion: NOT ELIGIBLE -- regime TRANSITION is structurally wrong for this bot
  BOT_G_nas100_h4_pullback: NOT ELIGIBLE -- regime TRANSITION is structurally wrong for this bot
  BOT_H_gold_sweep_reclaim: no trade -- outside window: 06:25 London

  CIO: 0 candidate(s); 0 funded, 0.000% total risk

===== cycle 2026-08-19 05:26:01 UTC (host local 2026-08-18 22:26:01) =====
DEMO GATE OK -> 1514166963 FTMO-Demo equity 99430.84
  bar-vs-tick gap 2s (diagnostic only; freshness is decided by clock_state after exits and reconciliation)
PREFLIGHT OK -- account, clock, data, state, ledgers all verified
  CLOCK FEED_FRESH: feed advancing, age in band, host within tolerance
profit -0.51%  daily headroom 5.00%  total headroom 9.49%  trading days 2

  DESK CLOCK 2026-08-19 06:26 London (broker)
  MARKET EURUSD      STRONG_TREND,AT_HTF_LEVEL,RISK_OFF
  MARKET US100.cash  TRANSITION,COMPRESSION,AT_HTF_LEVEL,RISK_OFF
  MARKET US500.cash  WEAK_TREND,COMPRESSION,AT_HTF_LEVEL,RISK_OFF
  MARKET XAUUSD      WEAK_TREND,AT_HTF_LEVEL,RISK_OFF
  BOT_A_gold_0630_breakout: no trade -- outside window: 06:26 London, opens 06:30 closes 16:00
  BOT_B_nas100_usopen_breakout: NOT ELIGIBLE -- regime TRANSITION is structurally wrong for this bot
  BOT_C_sp500_london_breakout: no trade -- outside window: 06:26 London, opens 08:00 closes 16:30
  BOT_D_gold_ny_breakout: no trade -- outside window: 06:26 London, opens 14:30 closes 20:00
  BOT_E_eurusd_london_breakout: no trade -- outside window: 06:26 London, opens 08:00 closes 17:00
  BOT_F_nas100_vwap_reversion: NOT ELIGIBLE -- regime TRANSITION is structurally wrong for this bot
  BOT_G_nas100_h4_pullback: NOT ELIGIBLE -- regime TRANSITION is structurally wrong for this bot
  BOT_H_gold_sweep_reclaim: no trade -- outside window: 06:26 London

  CIO: 0 candidate(s); 0 funded, 0.000% total risk

===== cycle 2026-08-19 05:27:01 UTC (host local 2026-08-18 22:27:01) =====
DEMO GATE OK -> 1514166963 FTMO-Demo equity 99430.84
  bar-vs-tick gap 2s (diagnostic only; freshness is decided by clock_state after exits and reconciliation)
PREFLIGHT OK -- account, clock, data, state, ledgers all verified
  CLOCK FEED_FRESH: feed advancing, age in band, host within tolerance
profit -0.51%  daily headroom 5.00%  total headroom 9.49%  trading days 2

  DESK CLOCK 2026-08-19 06:27 London (broker)
  MARKET EURUSD      STRONG_TREND,AT_HTF_LEVEL,RISK_OFF
  MARKET US100.cash  TRANSITION,COMPRESSION,AT_HTF_LEVEL,RISK_OFF
  MARKET US500.cash  WEAK_TREND,COMPRESSION,AT_HTF_LEVEL,RISK_OFF
  MARKET XAUUSD      WEAK_TREND,AT_HTF_LEVEL,RISK_OFF
  BOT_A_gold_0630_breakout: no trade -- outside window: 06:27 London, opens 06:30 closes 16:00
  BOT_B_nas100_usopen_breakout: NOT ELIGIBLE -- regime TRANSITION is structurally wrong for this bot
  BOT_C_sp500_london_breakout: no trade -- outside window: 06:27 London, opens 08:00 closes 16:30
  BOT_D_gold_ny_breakout: no trade -- outside window: 06:27 London, opens 14:30 closes 20:00
  BOT_E_eurusd_london_breakout: no trade -- outside window: 06:27 London, opens 08:00 closes 17:00
  BOT_F_nas100_vwap_reversion: NOT ELIGIBLE -- regime TRANSITION is structurally wrong for this bot
  BOT_G_nas100_h4_pullback: NOT ELIGIBLE -- regime TRANSITION is structurally wrong for this bot
  BOT_H_gold_sweep_reclaim: no trade -- outside window: 06:27 London

  CIO: 0 candidate(s); 0 funded, 0.000% total risk

===== cycle 2026-08-19 05:28:01 UTC (host local 2026-08-18 22:28:01) =====
DEMO GATE OK -> 1514166963 FTMO-Demo equity 99430.84
  bar-vs-tick gap 1s (diagnostic only; freshness is decided by clock_state after exits and reconciliation)
PREFLIGHT OK -- account, clock, data, state, ledgers all verified
  CLOCK FEED_FRESH: feed advancing, age in band, host within tolerance
profit -0.51%  daily headroom 5.00%  total headroom 9.49%  trading days 2

  DESK CLOCK 2026-08-19 06:28 London (broker)
  MARKET EURUSD      STRONG_TREND,AT_HTF_LEVEL,RISK_OFF
  MARKET US100.cash  TRANSITION,COMPRESSION,AT_HTF_LEVEL,RISK_OFF
  MARKET US500.cash  WEAK_TREND,COMPRESSION,AT_HTF_LEVEL,RISK_OFF
  MARKET XAUUSD      WEAK_TREND,AT_HTF_LEVEL,RISK_OFF
  BOT_A_gold_0630_breakout: no trade -- outside window: 06:28 London, opens 06:30 closes 16:00
  BOT_B_nas100_usopen_breakout: NOT ELIGIBLE -- regime TRANSITION is structurally wrong for this bot
  BOT_C_sp500_london_breakout: no trade -- outside window: 06:28 London, opens 08:00 closes 16:30
  BOT_D_gold_ny_breakout: no trade -- outside window: 06:28 London, opens 14:30 closes 20:00
  BOT_E_eurusd_london_breakout: no trade -- outside window: 06:28 London, opens 08:00 closes 17:00
  BOT_F_nas100_vwap_reversion: NOT ELIGIBLE -- regime TRANSITION is structurally wrong for this bot
  BOT_G_nas100_h4_pullback: NOT ELIGIBLE -- regime TRANSITION is structurally wrong for this bot
  BOT_H_gold_sweep_reclaim: no trade -- outside window: 06:28 London

  CIO: 0 candidate(s); 0 funded, 0.000% total risk

===== cycle 2026-08-19 05:29:01 UTC (host local 2026-08-18 22:29:01) =====
DEMO GATE OK -> 1514166963 FTMO-Demo equity 99430.84
  bar-vs-tick gap 2s (diagnostic only; freshness is decided by clock_state after exits and reconciliation)
PREFLIGHT OK -- account, clock, data, state, ledgers all verified
  CLOCK FEED_FRESH: feed advancing, age in band, host within tolerance
profit -0.51%  daily headroom 5.00%  total headroom 9.49%  trading days 2

  DESK CLOCK 2026-08-19 06:29 London (broker)
  MARKET EURUSD      STRONG_TREND,AT_HTF_LEVEL,RISK_OFF
  MARKET US100.cash  TRANSITION,COMPRESSION,AT_HTF_LEVEL,RISK_OFF
  MARKET US500.cash  WEAK_TREND,COMPRESSION,AT_HTF_LEVEL,RISK_OFF
  MARKET XAUUSD      WEAK_TREND,AT_HTF_LEVEL,RISK_OFF
  BOT_A_gold_0630_breakout: no trade -- outside window: 06:29 London, opens 06:30 closes 16:00
  BOT_B_nas100_usopen_breakout: NOT ELIGIBLE -- regime TRANSITION is structurally wrong for this bot
  BOT_C_sp500_london_breakout: no trade -- outside window: 06:29 London, opens 08:00 closes 16:30
  BOT_D_gold_ny_breakout: no trade -- outside window: 06:29 London, opens 14:30 closes 20:00
  BOT_E_eurusd_london_breakout: no trade -- outside window: 06:29 London, opens 08:00 closes 17:00
  BOT_F_nas100_vwap_reversion: NOT ELIGIBLE -- regime TRANSITION is structurally wrong for this bot
  BOT_G_nas100_h4_pullback: NOT ELIGIBLE -- regime TRANSITION is structurally wrong for this bot
  BOT_H_gold_sweep_reclaim: no trade -- outside window: 06:29 London

  CIO: 0 candidate(s); 0 funded, 0.000% total risk

===== cycle 2026-08-19 05:30:01 UTC (host local 2026-08-18 22:30:01) =====
DEMO GATE OK -> 1514166963 FTMO-Demo equity 99430.84
  bar-vs-tick gap 2s (diagnostic only; freshness is decided by clock_state after exits and reconciliation)
PREFLIGHT OK -- account, clock, data, state, ledgers all verified
  CLOCK FEED_FRESH: feed advancing, age in band, host within tolerance
profit -0.51%  daily headroom 5.00%  total headroom 9.49%  trading days 2

  DESK CLOCK 2026-08-19 06:30 London (broker)
  MARKET EURUSD      STRONG_TREND,AT_HTF_LEVEL,RISK_OFF
  MARKET US100.cash  TRANSITION,COMPRESSION,AT_HTF_LEVEL,RISK_OFF
  MARKET US500.cash  WEAK_TREND,COMPRESSION,AT_HTF_LEVEL,RISK_OFF
  MARKET XAUUSD      WEAK_TREND,AT_HTF_LEVEL,RISK_OFF
  BOT_A_gold_0630_breakout: no trade -- no break: bid/ask 4340.36/4340.87 inside [4336.54, 4356.01], needs +15.14 up or -3.82 down
  BOT_B_nas100_usopen_breakout: NOT ELIGIBLE -- regime TRANSITION is structurally wrong for this bot
  BOT_C_sp500_london_breakout: no trade -- outside window: 06:30 London, opens 08:00 closes 16:30
  BOT_D_gold_ny_breakout: no trade -- outside window: 06:30 London, opens 14:30 closes 20:00
  BOT_E_eurusd_london_breakout: no trade -- outside window: 06:30 London, opens 08:00 closes 17:00
  BOT_F_nas100_vwap_reversion: NOT ELIGIBLE -- regime TRANSITION is structurally wrong for this bot
  BOT_G_nas100_h4_pullback: NOT ELIGIBLE -- regime TRANSITION is structurally wrong for this bot
  BOT_H_gold_sweep_reclaim: no trade -- outside window: 06:30 London

  CIO: 0 candidate(s); 0 funded, 0.000% total risk

===== cycle 2026-08-19 05:31:01 UTC (host local 2026-08-18 22:31:01) =====
DEMO GATE OK -> 1514166963 FTMO-Demo equity 99430.84
  bar-vs-tick gap 2s (diagnostic only; freshness is decided by clock_state after exits and reconciliation)
PREFLIGHT OK -- account, clock, data, state, ledgers all verified
  CLOCK FEED_FRESH: feed advancing, age in band, host within tolerance
profit -0.51%  daily headroom 5.00%  total headroom 9.49%  trading days 2

  DESK CLOCK 2026-08-19 06:31 London (broker)
  MARKET EURUSD      STRONG_TREND,AT_HTF_LEVEL,RISK_OFF
  MARKET US100.cash  TRANSITION,COMPRESSION,AT_HTF_LEVEL,RISK_OFF
  MARKET US500.cash  WEAK_TREND,COMPRESSION,AT_HTF_LEVEL,RISK_OFF
  MARKET XAUUSD      WEAK_TREND,AT_HTF_LEVEL,RISK_OFF
  BOT_A_gold_0630_breakout: no trade -- no break: bid/ask 4338.73/4339.23 inside [4336.54, 4356.01], needs +16.78 up or -2.19 down
  BOT_B_nas100_usopen_breakout: NOT ELIGIBLE -- regime TRANSITION is structurally wrong for this bot
  BOT_C_sp500_london_breakout: no trade -- outside window: 06:31 London, opens 08:00 closes 16:30
  BOT_D_gold_ny_breakout: no trade -- outside window: 06:31 London, opens 14:30 closes 20:00
  BOT_E_eurusd_london_breakout: no trade -- outside window: 06:31 London, opens 08:00 closes 17:00
  BOT_F_nas100_vwap_reversion: NOT ELIGIBLE -- regime TRANSITION is structurally wrong for this bot
  BOT_G_nas100_h4_pullback: NOT ELIGIBLE -- regime TRANSITION is structurally wrong for this bot
  BOT_H_gold_sweep_reclaim: no trade -- outside window: 06:31 London

  CIO: 0 candidate(s); 0 funded, 0.000% total risk

===== cycle 2026-08-19 05:32:01 UTC (host local 2026-08-18 22:32:01) =====
DEMO GATE OK -> 1514166963 FTMO-Demo equity 99430.84
  bar-vs-tick gap 2s (diagnostic only; freshness is decided by clock_state after exits and reconciliation)
PREFLIGHT OK -- account, clock, data, state, ledgers all verified
  CLOCK FEED_FRESH: feed advancing, age in band, host within tolerance
profit -0.51%  daily headroom 5.00%  total headroom 9.49%  trading days 2

  DESK CLOCK 2026-08-19 06:32 London (broker)
  MARKET EURUSD      STRONG_TREND,AT_HTF_LEVEL,RISK_OFF
  MARKET US100.cash  TRANSITION,COMPRESSION,AT_HTF_LEVEL,RISK_OFF
  MARKET US500.cash  WEAK_TREND,COMPRESSION,AT_HTF_LEVEL,RISK_OFF
  MARKET XAUUSD      WEAK_TREND,AT_HTF_LEVEL,RISK_OFF
  BOT_A_gold_0630_breakout: no trade -- no break: bid/ask 4339.82/4340.32 inside [4336.54, 4356.01], needs +15.69 up or -3.28 down
  BOT_B_nas100_usopen_breakout: NOT ELIGIBLE -- regime TRANSITION is structurally wrong for this bot
  BOT_C_sp500_london_breakout: no trade -- outside window: 06:32 London, opens 08:00 closes 16:30
  BOT_D_gold_ny_breakout: no trade -- outside window: 06:32 London, opens 14:30 closes 20:00
  BOT_E_eurusd_london_breakout: no trade -- outside window: 06:32 London, opens 08:00 closes 17:00
  BOT_F_nas100_vwap_reversion: NOT ELIGIBLE -- regime TRANSITION is structurally wrong for this bot
  BOT_G_nas100_h4_pullback: NOT ELIGIBLE -- regime TRANSITION is structurally wrong for this bot
  BOT_H_gold_sweep_reclaim: no trade -- outside window: 06:32 London

  CIO: 0 candidate(s); 0 funded, 0.000% total risk

===== cycle 2026-08-19 05:33:01 UTC (host local 2026-08-18 22:33:01) =====
DEMO GATE OK -> 1514166963 FTMO-Demo equity 99430.84
  bar-vs-tick gap 2s (diagnostic only; freshness is decided by clock_state after exits and reconciliation)
PREFLIGHT OK -- account, clock, data, state, ledgers all verified
  CLOCK FEED_FRESH: feed advancing, age in band, host within tolerance
profit -0.51%  daily headroom 5.00%  total headroom 9.49%  trading days 2

  DESK CLOCK 2026-08-19 06:33 London (broker)
  MARKET EURUSD      STRONG_TREND,AT_HTF_LEVEL,RISK_OFF
  MARKET US100.cash  TRANSITION,COMPRESSION,AT_HTF_LEVEL,RISK_OFF
  MARKET US500.cash  WEAK_TREND,COMPRESSION,AT_HTF_LEVEL,RISK_OFF
  MARKET XAUUSD      WEAK_TREND,AT_HTF_LEVEL,RISK_OFF
  BOT_A_gold_0630_breakout: no trade -- no break: bid/ask 4338.55/4339.05 inside [4336.54, 4356.01], needs +16.96 up or -2.01 down
  BOT_B_nas100_usopen_breakout: NOT ELIGIBLE -- regime TRANSITION is structurally wrong for this bot
  BOT_C_sp500_london_breakout: no trade -- outside window: 06:33 London, opens 08:00 closes 16:30
  BOT_D_gold_ny_breakout: no trade -- outside window: 06:33 London, opens 14:30 closes 20:00
  BOT_E_eurusd_london_breakout: no trade -- outside window: 06:33 London, opens 08:00 closes 17:00
  BOT_F_nas100_vwap_reversion: NOT ELIGIBLE -- regime TRANSITION is structurally wrong for this bot
  BOT_G_nas100_h4_pullback: NOT ELIGIBLE -- regime TRANSITION is structurally wrong for this bot
  BOT_H_gold_sweep_reclaim: no trade -- outside window: 06:33 London

  CIO: 0 candidate(s); 0 funded, 0.000% total risk

===== cycle 2026-08-19 05:34:01 UTC (host local 2026-08-18 22:34:01) =====
DEMO GATE OK -> 1514166963 FTMO-Demo equity 99430.84
  bar-vs-tick gap 2s (diagnostic only; freshness is decided by clock_state after exits and reconciliation)
PREFLIGHT OK -- account, clock, data, state, ledgers all verified
  CLOCK FEED_FRESH: feed advancing, age in band, host within tolerance
profit -0.51%  daily headroom 5.00%  total headroom 9.49%  trading days 2

  DESK CLOCK 2026-08-19 06:34 London (broker)
  MARKET EURUSD      STRONG_TREND,AT_HTF_LEVEL,RISK_OFF
  MARKET US100.cash  TRANSITION,COMPRESSION,AT_HTF_LEVEL,RISK_OFF
  MARKET US500.cash  WEAK_TREND,COMPRESSION,AT_HTF_LEVEL,RISK_OFF
  MARKET XAUUSD      WEAK_TREND,AT_HTF_LEVEL,RISK_OFF
  BOT_A_gold_0630_breakout: no trade -- no break: bid/ask 4341.51/4342.01 inside [4336.54, 4356.01], needs +14.00 up or -4.97 down
  BOT_B_nas100_usopen_breakout: NOT ELIGIBLE -- regime TRANSITION is structurally wrong for this bot
  BOT_C_sp500_london_breakout: no trade -- outside window: 06:34 London, opens 08:00 closes 16:30
  BOT_D_gold_ny_breakout: no trade -- outside window: 06:34 London, opens 14:30 closes 20:00
  BOT_E_eurusd_london_breakout: no trade -- outside window: 06:34 London, opens 08:00 closes 17:00
  BOT_F_nas100_vwap_reversion: NOT ELIGIBLE -- regime TRANSITION is structurally wrong for this bot
  BOT_G_nas100_h4_pullback: NOT ELIGIBLE -- regime TRANSITION is structurally wrong for this bot
  BOT_H_gold_sweep_reclaim: no trade -- outside window: 06:34 London

  CIO: 0 candidate(s); 0 funded, 0.000% total risk

===== cycle 2026-08-19 05:35:01 UTC (host local 2026-08-18 22:35:01) =====
DEMO GATE OK -> 1514166963 FTMO-Demo equity 99430.84
  bar-vs-tick gap 2s (diagnostic only; freshness is decided by clock_state after exits and reconciliation)
PREFLIGHT OK -- account, clock, data, state, ledgers all verified
  CLOCK FEED_FRESH: feed advancing, age in band, host within tolerance
profit -0.51%  daily headroom 5.00%  total headroom 9.49%  trading days 2

  DESK CLOCK 2026-08-19 06:35 London (broker)
  MARKET EURUSD      STRONG_TREND,AT_HTF_LEVEL,RISK_OFF
  MARKET US100.cash  TRANSITION,COMPRESSION,AT_HTF_LEVEL,RISK_OFF
  MARKET US500.cash  WEAK_TREND,COMPRESSION,AT_HTF_LEVEL,RISK_OFF
  MARKET XAUUSD      WEAK_TREND,AT_HTF_LEVEL,RISK_OFF
  BOT_A_gold_0630_breakout: no trade -- no break: bid/ask 4337.18/4337.68 inside [4336.54, 4356.01], needs +18.33 up or -0.64 down
  BOT_B_nas100_usopen_breakout: NOT ELIGIBLE -- regime TRANSITION is structurally wrong for this bot
  BOT_C_sp500_london_breakout: no trade -- outside window: 06:35 London, opens 08:00 closes 16:30
  BOT_D_gold_ny_breakout: no trade -- outside window: 06:35 London, opens 14:30 closes 20:00
  BOT_E_eurusd_london_breakout: no trade -- outside window: 06:35 London, opens 08:00 closes 17:00
  BOT_F_nas100_vwap_reversion: NOT ELIGIBLE -- regime TRANSITION is structurally wrong for this bot
  BOT_G_nas100_h4_pullback: NOT ELIGIBLE -- regime TRANSITION is structurally wrong for this bot
  BOT_H_gold_sweep_reclaim: no trade -- outside window: 06:35 London

  CIO: 0 candidate(s); 0 funded, 0.000% total risk

===== cycle 2026-08-19 05:36:01 UTC (host local 2026-08-18 22:36:01) =====
DEMO GATE OK -> 1514166963 FTMO-Demo equity 99430.84
  bar-vs-tick gap 2s (diagnostic only; freshness is decided by clock_state after exits and reconciliation)
PREFLIGHT OK -- account, clock, data, state, ledgers all verified
  CLOCK FEED_FRESH: feed advancing, age in band, host within tolerance
profit -0.51%  daily headroom 5.00%  total headroom 9.49%  trading days 2

  DESK CLOCK 2026-08-19 06:36 London (broker)
  MARKET EURUSD      STRONG_TREND,AT_HTF_LEVEL,RISK_OFF
  MARKET US100.cash  TRANSITION,COMPRESSION,AT_HTF_LEVEL,RISK_OFF
  MARKET US500.cash  WEAK_TREND,COMPRESSION,AT_HTF_LEVEL,RISK_OFF
  MARKET XAUUSD      WEAK_TREND,AT_HTF_LEVEL,RISK_OFF
  BOT_A_gold_0630_breakout: no trade -- no break: bid/ask 4338.51/4339.01 inside [4336.54, 4356.01], needs +17.00 up or -1.97 down
  BOT_B_nas100_usopen_breakout: NOT ELIGIBLE -- regime TRANSITION is structurally wrong for this bot
  BOT_C_sp500_london_breakout: no trade -- outside window: 06:36 London, opens 08:00 closes 16:30
  BOT_D_gold_ny_breakout: no trade -- outside window: 06:36 London, opens 14:30 closes 20:00
  BOT_E_eurusd_london_breakout: no trade -- outside window: 06:36 London, opens 08:00 closes 17:00
  BOT_F_nas100_vwap_reversion: NOT ELIGIBLE -- regime TRANSITION is structurally wrong for this bot
  BOT_G_nas100_h4_pullback: NOT ELIGIBLE -- regime TRANSITION is structurally wrong for this bot
  BOT_H_gold_sweep_reclaim: no trade -- outside window: 06:36 London

  CIO: 0 candidate(s); 0 funded, 0.000% total risk

===== cycle 2026-08-19 05:37:01 UTC (host local 2026-08-18 22:37:01) =====
DEMO GATE OK -> 1514166963 FTMO-Demo equity 99430.84
  bar-vs-tick gap 2s (diagnostic only; freshness is decided by clock_state after exits and reconciliation)
PREFLIGHT OK -- account, clock, data, state, ledgers all verified
  CLOCK FEED_FRESH: feed advancing, age in band, host within tolerance
profit -0.51%  daily headroom 5.00%  total headroom 9.49%  trading days 2

  DESK CLOCK 2026-08-19 06:37 London (broker)
  MARKET EURUSD      STRONG_TREND,AT_HTF_LEVEL,RISK_OFF
  MARKET US100.cash  TRANSITION,COMPRESSION,AT_HTF_LEVEL,RISK_OFF
  MARKET US500.cash  WEAK_TREND,COMPRESSION,AT_HTF_LEVEL,RISK_OFF
  MARKET XAUUSD      WEAK_TREND,AT_HTF_LEVEL,RISK_OFF
  BOT_A_gold_0630_breakout: no trade -- no break: bid/ask 4341.31/4341.81 inside [4336.54, 4356.01], needs +14.20 up or -4.77 down
  BOT_B_nas100_usopen_breakout: NOT ELIGIBLE -- regime TRANSITION is structurally wrong for this bot
  BOT_C_sp500_london_breakout: no trade -- outside window: 06:37 London, opens 08:00 closes 16:30
  BOT_D_gold_ny_breakout: no trade -- outside window: 06:37 London, opens 14:30 closes 20:00
  BOT_E_eurusd_london_breakout: no trade -- outside window: 06:37 London, opens 08:00 closes 17:00
  BOT_F_nas100_vwap_reversion: NOT ELIGIBLE -- regime TRANSITION is structurally wrong for this bot
  BOT_G_nas100_h4_pullback: NOT ELIGIBLE -- regime TRANSITION is structurally wrong for this bot
  BOT_H_gold_sweep_reclaim: no trade -- outside window: 06:37 London

  CIO: 0 candidate(s); 0 funded, 0.000% total risk

===== cycle 2026-08-19 05:38:01 UTC (host local 2026-08-18 22:38:01) =====
DEMO GATE OK -> 1514166963 FTMO-Demo equity 99430.84
  bar-vs-tick gap 2s (diagnostic only; freshness is decided by clock_state after exits and reconciliation)
PREFLIGHT OK -- account, clock, data, state, ledgers all verified
  CLOCK FEED_FRESH: feed advancing, age in band, host within tolerance
profit -0.51%  daily headroom 5.00%  total headroom 9.49%  trading days 2

  DESK CLOCK 2026-08-19 06:38 London (broker)
  MARKET EURUSD      STRONG_TREND,AT_HTF_LEVEL,RISK_OFF
  MARKET US100.cash  TRANSITION,COMPRESSION,AT_HTF_LEVEL,RISK_OFF
  MARKET US500.cash  WEAK_TREND,COMPRESSION,AT_HTF_LEVEL,RISK_OFF
  MARKET XAUUSD      WEAK_TREND,AT_HTF_LEVEL,RISK_OFF
  BOT_A_gold_0630_breakout: no trade -- no break: bid/ask 4338.27/4338.77 inside [4336.54, 4356.01], needs +17.24 up or -1.73 down
  BOT_B_nas100_usopen_breakout: NOT ELIGIBLE -- regime TRANSITION is structurally wrong for this bot
  BOT_C_sp500_london_breakout: no trade -- outside window: 06:38 London, opens 08:00 closes 16:30
  BOT_D_gold_ny_breakout: no trade -- outside window: 06:38 London, opens 14:30 closes 20:00
  BOT_E_eurusd_london_breakout: no trade -- outside window: 06:38 London, opens 08:00 closes 17:00
  BOT_F_nas100_vwap_reversion: NOT ELIGIBLE -- regime TRANSITION is structurally wrong for this bot
  BOT_G_nas100_h4_pullback: NOT ELIGIBLE -- regime TRANSITION is structurally wrong for this bot
  BOT_H_gold_sweep_reclaim: no trade -- outside window: 06:38 London

  CIO: 0 candidate(s); 0 funded, 0.000% total risk

===== cycle 2026-08-19 05:39:01 UTC (host local 2026-08-18 22:39:01) =====
DEMO GATE OK -> 1514166963 FTMO-Demo equity 99430.84
  bar-vs-tick gap 2s (diagnostic only; freshness is decided by clock_state after exits and reconciliation)
PREFLIGHT OK -- account, clock, data, state, ledgers all verified
  CLOCK FEED_FRESH: feed advancing, age in band, host within tolerance
profit -0.51%  daily headroom 5.00%  total headroom 9.49%  trading days 2

  DESK CLOCK 2026-08-19 06:39 London (broker)
  MARKET EURUSD      STRONG_TREND,AT_HTF_LEVEL,RISK_OFF
  MARKET US100.cash  TRANSITION,COMPRESSION,AT_HTF_LEVEL,RISK_OFF
  MARKET US500.cash  WEAK_TREND,COMPRESSION,AT_HTF_LEVEL,RISK_OFF
  MARKET XAUUSD      WEAK_TREND,AT_HTF_LEVEL,RISK_OFF
  BOT_A_gold_0630_breakout: no trade -- no break: bid/ask 4339.34/4339.84 inside [4336.54, 4356.01], needs +16.17 up or -2.80 down
  BOT_B_nas100_usopen_breakout: NOT ELIGIBLE -- regime TRANSITION is structurally wrong for this bot
  BOT_C_sp500_london_breakout: no trade -- outside window: 06:39 London, opens 08:00 closes 16:30
  BOT_D_gold_ny_breakout: no trade -- outside window: 06:39 London, opens 14:30 closes 20:00
  BOT_E_eurusd_london_breakout: no trade -- outside window: 06:39 London, opens 08:00 closes 17:00
  BOT_F_nas100_vwap_reversion: NOT ELIGIBLE -- regime TRANSITION is structurally wrong for this bot
  BOT_G_nas100_h4_pullback: NOT ELIGIBLE -- regime TRANSITION is structurally wrong for this bot
  BOT_H_gold_sweep_reclaim: no trade -- outside window: 06:39 London

  CIO: 0 candidate(s); 0 funded, 0.000% total risk

===== cycle 2026-08-19 05:40:01 UTC (host local 2026-08-18 22:40:01) =====
DEMO GATE OK -> 1514166963 FTMO-Demo equity 99430.84
  bar-vs-tick gap 2s (diagnostic only; freshness is decided by clock_state after exits and reconciliation)
PREFLIGHT OK -- account, clock, data, state, ledgers all verified
  CLOCK FEED_FRESH: feed advancing, age in band, host within tolerance
profit -0.51%  daily headroom 5.00%  total headroom 9.49%  trading days 2

  DESK CLOCK 2026-08-19 06:40 London (broker)
  MARKET EURUSD      STRONG_TREND,AT_HTF_LEVEL,RISK_OFF
  MARKET US100.cash  TRANSITION,COMPRESSION,AT_HTF_LEVEL,RISK_OFF
  MARKET US500.cash  WEAK_TREND,COMPRESSION,AT_HTF_LEVEL,RISK_OFF
  MARKET XAUUSD      WEAK_TREND,AT_HTF_LEVEL,RISK_OFF
  BOT_A_gold_0630_breakout: no trade -- no break: bid/ask 4342.89/4343.39 inside [4336.54, 4356.01], needs +12.62 up or -6.35 down
  BOT_B_nas100_usopen_breakout: NOT ELIGIBLE -- regime TRANSITION is structurally wrong for this bot
  BOT_C_sp500_london_breakout: no trade -- outside window: 06:40 London, opens 08:00 closes 16:30
  BOT_D_gold_ny_breakout: no trade -- outside window: 06:40 London, opens 14:30 closes 20:00
  BOT_E_eurusd_london_breakout: no trade -- outside window: 06:40 London, opens 08:00 closes 17:00
  BOT_F_nas100_vwap_reversion: NOT ELIGIBLE -- regime TRANSITION is structurally wrong for this bot
  BOT_G_nas100_h4_pullback: NOT ELIGIBLE -- regime TRANSITION is structurally wrong for this bot
  BOT_H_gold_sweep_reclaim: no trade -- outside window: 06:40 London

  CIO: 0 candidate(s); 0 funded, 0.000% total risk

===== cycle 2026-08-19 05:41:01 UTC (host local 2026-08-18 22:41:01) =====
DEMO GATE OK -> 1514166963 FTMO-Demo equity 99430.84
  bar-vs-tick gap 2s (diagnostic only; freshness is decided by clock_state after exits and reconciliation)
PREFLIGHT OK -- account, clock, data, state, ledgers all verified
  CLOCK FEED_FRESH: feed advancing, age in band, host within tolerance
profit -0.51%  daily headroom 5.00%  total headroom 9.49%  trading days 2

  DESK CLOCK 2026-08-19 06:41 London (broker)
  MARKET EURUSD      STRONG_TREND,AT_HTF_LEVEL,RISK_OFF
  MARKET US100.cash  TRANSITION,COMPRESSION,AT_HTF_LEVEL,RISK_OFF
  MARKET US500.cash  WEAK_TREND,COMPRESSION,AT_HTF_LEVEL,RISK_OFF
  MARKET XAUUSD      WEAK_TREND,AT_HTF_LEVEL,RISK_OFF
  BOT_A_gold_0630_breakout: no trade -- no break: bid/ask 4341.63/4342.10 inside [4336.54, 4356.01], needs +13.91 up or -5.09 down
  BOT_B_nas100_usopen_breakout: NOT ELIGIBLE -- regime TRANSITION is structurally wrong for this bot
  BOT_C_sp500_london_breakout: no trade -- outside window: 06:41 London, opens 08:00 closes 16:30
  BOT_D_gold_ny_breakout: no trade -- outside window: 06:41 London, opens 14:30 closes 20:00
  BOT_E_eurusd_london_breakout: no trade -- outside window: 06:41 London, opens 08:00 closes 17:00
  BOT_F_nas100_vwap_reversion: NOT ELIGIBLE -- regime TRANSITION is structurally wrong for this bot
  BOT_G_nas100_h4_pullback: NOT ELIGIBLE -- regime TRANSITION is structurally wrong for this bot
  BOT_H_gold_sweep_reclaim: no trade -- outside window: 06:41 London

  CIO: 0 candidate(s); 0 funded, 0.000% total risk

===== cycle 2026-08-19 05:42:01 UTC (host local 2026-08-18 22:42:01) =====
DEMO GATE OK -> 1514166963 FTMO-Demo equity 99430.84
  bar-vs-tick gap 2s (diagnostic only; freshness is decided by clock_state after exits and reconciliation)
PREFLIGHT OK -- account, clock, data, state, ledgers all verified
  CLOCK FEED_FRESH: feed advancing, age in band, host within tolerance
profit -0.51%  daily headroom 5.00%  total headroom 9.49%  trading days 2

  DESK CLOCK 2026-08-19 06:42 London (broker)
  MARKET EURUSD      STRONG_TREND,AT_HTF_LEVEL,RISK_OFF
  MARKET US100.cash  TRANSITION,COMPRESSION,AT_HTF_LEVEL,RISK_OFF
  MARKET US500.cash  WEAK_TREND,COMPRESSION,AT_HTF_LEVEL,RISK_OFF
  MARKET XAUUSD      WEAK_TREND,AT_HTF_LEVEL,RISK_OFF
  BOT_A_gold_0630_breakout: no trade -- no break: bid/ask 4341.15/4341.60 inside [4336.54, 4356.01], needs +14.41 up or -4.61 down
  BOT_B_nas100_usopen_breakout: NOT ELIGIBLE -- regime TRANSITION is structurally wrong for this bot
  BOT_C_sp500_london_breakout: no trade -- outside window: 06:42 London, opens 08:00 closes 16:30
  BOT_D_gold_ny_breakout: no trade -- outside window: 06:42 London, opens 14:30 closes 20:00
  BOT_E_eurusd_london_breakout: no trade -- outside window: 06:42 London, opens 08:00 closes 17:00
  BOT_F_nas100_vwap_reversion: NOT ELIGIBLE -- regime TRANSITION is structurally wrong for this bot
  BOT_G_nas100_h4_pullback: NOT ELIGIBLE -- regime TRANSITION is structurally wrong for this bot
  BOT_H_gold_sweep_reclaim: no trade -- outside window: 06:42 London

  CIO: 0 candidate(s); 0 funded, 0.000% total risk

===== cycle 2026-08-19 05:43:01 UTC (host local 2026-08-18 22:43:01) =====
DEMO GATE OK -> 1514166963 FTMO-Demo equity 99430.84
  bar-vs-tick gap 2s (diagnostic only; freshness is decided by clock_state after exits and reconciliation)
PREFLIGHT OK -- account, clock, data, state, ledgers all verified
  CLOCK FEED_FRESH: feed advancing, age in band, host within tolerance
profit -0.51%  daily headroom 5.00%  total headroom 9.49%  trading days 2

  DESK CLOCK 2026-08-19 06:43 London (broker)
  MARKET EURUSD      STRONG_TREND,AT_HTF_LEVEL,RISK_OFF
  MARKET US100.cash  TRANSITION,COMPRESSION,AT_HTF_LEVEL,RISK_OFF
  MARKET US500.cash  WEAK_TREND,COMPRESSION,AT_HTF_LEVEL,RISK_OFF
  MARKET XAUUSD      WEAK_TREND,AT_HTF_LEVEL,RISK_OFF
  BOT_A_gold_0630_breakout: no trade -- no break: bid/ask 4342.61/4343.11 inside [4336.54, 4356.01], needs +12.90 up or -6.07 down
  BOT_B_nas100_usopen_breakout: NOT ELIGIBLE -- regime TRANSITION is structurally wrong for this bot
  BOT_C_sp500_london_breakout: no trade -- outside window: 06:43 London, opens 08:00 closes 16:30
  BOT_D_gold_ny_breakout: no trade -- outside window: 06:43 London, opens 14:30 closes 20:00
  BOT_E_eurusd_london_breakout: no trade -- outside window: 06:43 London, opens 08:00 closes 17:00
  BOT_F_nas100_vwap_reversion: NOT ELIGIBLE -- regime TRANSITION is structurally wrong for this bot
  BOT_G_nas100_h4_pullback: NOT ELIGIBLE -- regime TRANSITION is structurally wrong for this bot
  BOT_H_gold_sweep_reclaim: no trade -- outside window: 06:43 London

  CIO: 0 candidate(s); 0 funded, 0.000% total risk

===== cycle 2026-08-19 05:44:01 UTC (host local 2026-08-18 22:44:01) =====
DEMO GATE OK -> 1514166963 FTMO-Demo equity 99430.84
  bar-vs-tick gap 2s (diagnostic only; freshness is decided by clock_state after exits and reconciliation)
PREFLIGHT OK -- account, clock, data, state, ledgers all verified
  CLOCK FEED_FRESH: feed advancing, age in band, host within tolerance
profit -0.51%  daily headroom 5.00%  total headroom 9.49%  trading days 2

  DESK CLOCK 2026-08-19 06:44 London (broker)
  MARKET EURUSD      STRONG_TREND,AT_HTF_LEVEL,RISK_OFF
  MARKET US100.cash  TRANSITION,COMPRESSION,AT_HTF_LEVEL,RISK_OFF
  MARKET US500.cash  WEAK_TREND,COMPRESSION,AT_HTF_LEVEL,RISK_OFF
  MARKET XAUUSD      WEAK_TREND,AT_HTF_LEVEL,RISK_OFF
  BOT_A_gold_0630_breakout: no trade -- no break: bid/ask 4340.20/4340.70 inside [4336.54, 4356.01], needs +15.31 up or -3.66 down
  BOT_B_nas100_usopen_breakout: NOT ELIGIBLE -- regime TRANSITION is structurally wrong for this bot
  BOT_C_sp500_london_breakout: no trade -- outside window: 06:44 London, opens 08:00 closes 16:30
  BOT_D_gold_ny_breakout: no trade -- outside window: 06:44 London, opens 14:30 closes 20:00
  BOT_E_eurusd_london_breakout: no trade -- outside window: 06:44 London, opens 08:00 closes 17:00
  BOT_F_nas100_vwap_reversion: NOT ELIGIBLE -- regime TRANSITION is structurally wrong for this bot
  BOT_G_nas100_h4_pullback: NOT ELIGIBLE -- regime TRANSITION is structurally wrong for this bot
  BOT_H_gold_sweep_reclaim: no trade -- outside window: 06:44 London

  CIO: 0 candidate(s); 0 funded, 0.000% total risk

===== cycle 2026-08-19 05:45:01 UTC (host local 2026-08-18 22:45:01) =====
DEMO GATE OK -> 1514166963 FTMO-Demo equity 99430.84
  bar-vs-tick gap 2s (diagnostic only; freshness is decided by clock_state after exits and reconciliation)
PREFLIGHT OK -- account, clock, data, state, ledgers all verified
  CLOCK FEED_FRESH: feed advancing, age in band, host within tolerance
profit -0.51%  daily headroom 5.00%  total headroom 9.49%  trading days 2

  DESK CLOCK 2026-08-19 06:45 London (broker)
  MARKET EURUSD      STRONG_TREND,AT_HTF_LEVEL,RISK_OFF
  MARKET US100.cash  TRANSITION,COMPRESSION,AT_HTF_LEVEL,RISK_OFF
  MARKET US500.cash  WEAK_TREND,COMPRESSION,AT_HTF_LEVEL,RISK_OFF
  MARKET XAUUSD      WEAK_TREND,AT_HTF_LEVEL,RISK_OFF
  BOT_A_gold_0630_breakout: no trade -- no break: bid/ask 4342.08/4342.57 inside [4336.54, 4356.01], needs +13.44 up or -5.54 down
  BOT_B_nas100_usopen_breakout: NOT ELIGIBLE -- regime TRANSITION is structurally wrong for this bot
  BOT_C_sp500_london_breakout: no trade -- outside window: 06:45 London, opens 08:00 closes 16:30
  BOT_D_gold_ny_breakout: no trade -- outside window: 06:45 London, opens 14:30 closes 20:00
  BOT_E_eurusd_london_breakout: no trade -- outside window: 06:45 London, opens 08:00 closes 17:00
  BOT_F_nas100_vwap_reversion: NOT ELIGIBLE -- regime TRANSITION is structurally wrong for this bot
  BOT_G_nas100_h4_pullback: NOT ELIGIBLE -- regime TRANSITION is structurally wrong for this bot
  BOT_H_gold_sweep_reclaim: no trade -- outside window: 06:45 London

  CIO: 0 candidate(s); 0 funded, 0.000% total risk

===== cycle 2026-08-19 05:46:01 UTC (host local 2026-08-18 22:46:01) =====
DEMO GATE OK -> 1514166963 FTMO-Demo equity 99430.84
  bar-vs-tick gap 1s (diagnostic only; freshness is decided by clock_state after exits and reconciliation)
PREFLIGHT OK -- account, clock, data, state, ledgers all verified
  CLOCK FEED_FRESH: feed advancing, age in band, host within tolerance
profit -0.51%  daily headroom 5.00%  total headroom 9.49%  trading days 2

  DESK CLOCK 2026-08-19 06:46 London (broker)
  MARKET EURUSD      STRONG_TREND,AT_HTF_LEVEL,RISK_OFF
  MARKET US100.cash  TRANSITION,COMPRESSION,AT_HTF_LEVEL,RISK_OFF
  MARKET US500.cash  WEAK_TREND,COMPRESSION,AT_HTF_LEVEL,RISK_OFF
  MARKET XAUUSD      WEAK_TREND,AT_HTF_LEVEL,RISK_OFF
  BOT_A_gold_0630_breakout: no trade -- no break: bid/ask 4338.68/4339.18 inside [4336.54, 4356.01], needs +16.83 up or -2.14 down
  BOT_B_nas100_usopen_breakout: NOT ELIGIBLE -- regime TRANSITION is structurally wrong for this bot
  BOT_C_sp500_london_breakout: no trade -- outside window: 06:46 London, opens 08:00 closes 16:30
  BOT_D_gold_ny_breakout: no trade -- outside window: 06:46 London, opens 14:30 closes 20:00
  BOT_E_eurusd_london_breakout: no trade -- outside window: 06:46 London, opens 08:00 closes 17:00
  BOT_F_nas100_vwap_reversion: NOT ELIGIBLE -- regime TRANSITION is structurally wrong for this bot
  BOT_G_nas100_h4_pullback: NOT ELIGIBLE -- regime TRANSITION is structurally wrong for this bot
  BOT_H_gold_sweep_reclaim: no trade -- outside window: 06:46 London

  CIO: 0 candidate(s); 0 funded, 0.000% total risk

===== cycle 2026-08-19 05:47:01 UTC (host local 2026-08-18 22:47:01) =====
DEMO GATE OK -> 1514166963 FTMO-Demo equity 99430.84
  bar-vs-tick gap 2s (diagnostic only; freshness is decided by clock_state after exits and reconciliation)
PREFLIGHT OK -- account, clock, data, state, ledgers all verified
  CLOCK FEED_FRESH: feed advancing, age in band, host within tolerance
profit -0.51%  daily headroom 5.00%  total headroom 9.49%  trading days 2

  DESK CLOCK 2026-08-19 06:47 London (broker)
  MARKET EURUSD      STRONG_TREND,AT_HTF_LEVEL,RISK_OFF
  MARKET US100.cash  TRANSITION,COMPRESSION,AT_HTF_LEVEL,RISK_OFF
  MARKET US500.cash  WEAK_TREND,COMPRESSION,AT_HTF_LEVEL,RISK_OFF
  MARKET XAUUSD      WEAK_TREND,AT_HTF_LEVEL,RISK_OFF
  BOT_A_gold_0630_breakout: no trade -- no break: bid/ask 4338.04/4338.53 inside [4336.54, 4356.01], needs +17.48 up or -1.50 down
  BOT_B_nas100_usopen_breakout: NOT ELIGIBLE -- regime TRANSITION is structurally wrong for this bot
  BOT_C_sp500_london_breakout: no trade -- outside window: 06:47 London, opens 08:00 closes 16:30
  BOT_D_gold_ny_breakout: no trade -- outside window: 06:47 London, opens 14:30 closes 20:00
  BOT_E_eurusd_london_breakout: no trade -- outside window: 06:47 London, opens 08:00 closes 17:00
  BOT_F_nas100_vwap_reversion: NOT ELIGIBLE -- regime TRANSITION is structurally wrong for this bot
  BOT_G_nas100_h4_pullback: NOT ELIGIBLE -- regime TRANSITION is structurally wrong for this bot
  BOT_H_gold_sweep_reclaim: no trade -- outside window: 06:47 London

  CIO: 0 candidate(s); 0 funded, 0.000% total risk

===== cycle 2026-08-19 05:48:01 UTC (host local 2026-08-18 22:48:01) =====
DEMO GATE OK -> 1514166963 FTMO-Demo equity 99430.84
  bar-vs-tick gap 2s (diagnostic only; freshness is decided by clock_state after exits and reconciliation)
PREFLIGHT OK -- account, clock, data, state, ledgers all verified
  CLOCK FEED_FRESH: feed advancing, age in band, host within tolerance
profit -0.51%  daily headroom 5.00%  total headroom 9.49%  trading days 2

  DESK CLOCK 2026-08-19 06:48 London (broker)
  MARKET EURUSD      STRONG_TREND,AT_HTF_LEVEL,RISK_OFF
  MARKET US100.cash  TRANSITION,COMPRESSION,AT_HTF_LEVEL,RISK_OFF
  MARKET US500.cash  WEAK_TREND,COMPRESSION,AT_HTF_LEVEL,RISK_OFF
  MARKET XAUUSD      WEAK_TREND,AT_HTF_LEVEL,RISK_OFF
  BOT_A_gold_0630_breakout: no trade -- first break already happened at 06:47 (1m ago) -- not chasing a re-test
  BOT_B_nas100_usopen_breakout: NOT ELIGIBLE -- regime TRANSITION is structurally wrong for this bot
  BOT_C_sp500_london_breakout: no trade -- outside window: 06:48 London, opens 08:00 closes 16:30
  BOT_D_gold_ny_breakout: no trade -- outside window: 06:48 London, opens 14:30 closes 20:00
  BOT_E_eurusd_london_breakout: no trade -- outside window: 06:48 London, opens 08:00 closes 17:00
  BOT_F_nas100_vwap_reversion: NOT ELIGIBLE -- regime TRANSITION is structurally wrong for this bot
  BOT_G_nas100_h4_pullback: NOT ELIGIBLE -- regime TRANSITION is structurally wrong for this bot
  BOT_H_gold_sweep_reclaim: no trade -- outside window: 06:48 London

  CIO: 0 candidate(s); 0 funded, 0.000% total risk

===== cycle 2026-08-19 05:49:01 UTC (host local 2026-08-18 22:49:01) =====
DEMO GATE OK -> 1514166963 FTMO-Demo equity 99430.84
  bar-vs-tick gap 2s (diagnostic only; freshness is decided by clock_state after exits and reconciliation)
PREFLIGHT OK -- account, clock, data, state, ledgers all verified
  CLOCK FEED_FRESH: feed advancing, age in band, host within tolerance
profit -0.51%  daily headroom 5.00%  total headroom 9.49%  trading days 2

  DESK CLOCK 2026-08-19 06:49 London (broker)
  MARKET EURUSD      STRONG_TREND,AT_HTF_LEVEL,RISK_OFF
  MARKET US100.cash  TRANSITION,COMPRESSION,AT_HTF_LEVEL,RISK_OFF
  MARKET US500.cash  WEAK_TREND,COMPRESSION,AT_HTF_LEVEL,RISK_OFF
  MARKET XAUUSD      WEAK_TREND,AT_HTF_LEVEL,RISK_OFF
  BOT_A_gold_0630_breakout: no trade -- no break: bid/ask 4337.80/4338.29 inside [4336.54, 4356.01], needs +17.72 up or -1.26 down
  BOT_B_nas100_usopen_breakout: NOT ELIGIBLE -- regime TRANSITION is structurally wrong for this bot
  BOT_C_sp500_london_breakout: no trade -- outside window: 06:49 London, opens 08:00 closes 16:30
  BOT_D_gold_ny_breakout: no trade -- outside window: 06:49 London, opens 14:30 closes 20:00
  BOT_E_eurusd_london_breakout: no trade -- outside window: 06:49 London, opens 08:00 closes 17:00
  BOT_F_nas100_vwap_reversion: NOT ELIGIBLE -- regime TRANSITION is structurally wrong for this bot
  BOT_G_nas100_h4_pullback: NOT ELIGIBLE -- regime TRANSITION is structurally wrong for this bot
  BOT_H_gold_sweep_reclaim: no trade -- outside window: 06:49 London

  CIO: 0 candidate(s); 0 funded, 0.000% total risk

===== cycle 2026-08-19 05:50:01 UTC (host local 2026-08-18 22:50:01) =====
DEMO GATE OK -> 1514166963 FTMO-Demo equity 99430.84
  bar-vs-tick gap 2s (diagnostic only; freshness is decided by clock_state after exits and reconciliation)
PREFLIGHT OK -- account, clock, data, state, ledgers all verified
  CLOCK FEED_FRESH: feed advancing, age in band, host within tolerance
profit -0.51%  daily headroom 5.00%  total headroom 9.49%  trading days 2

  DESK CLOCK 2026-08-19 06:50 London (broker)
  MARKET EURUSD      STRONG_TREND,AT_HTF_LEVEL,RISK_OFF
  MARKET US100.cash  TRANSITION,COMPRESSION,AT_HTF_LEVEL,RISK_OFF
  MARKET US500.cash  WEAK_TREND,COMPRESSION,AT_HTF_LEVEL,RISK_OFF
  MARKET XAUUSD      WEAK_TREND,AT_HTF_LEVEL,RISK_OFF
  BOT_A_gold_0630_breakout: no trade -- no break: bid/ask 4336.65/4337.13 inside [4336.54, 4356.01], needs +18.88 up or -0.11 down
  BOT_B_nas100_usopen_breakout: NOT ELIGIBLE -- regime TRANSITION is structurally wrong for this bot
  BOT_C_sp500_london_breakout: no trade -- outside window: 06:50 London, opens 08:00 closes 16:30
  BOT_D_gold_ny_breakout: no trade -- outside window: 06:50 London, opens 14:30 closes 20:00
  BOT_E_eurusd_london_breakout: no trade -- outside window: 06:50 London, opens 08:00 closes 17:00
  BOT_F_nas100_vwap_reversion: NOT ELIGIBLE -- regime TRANSITION is structurally wrong for this bot
  BOT_G_nas100_h4_pullback: NOT ELIGIBLE -- regime TRANSITION is structurally wrong for this bot
  BOT_H_gold_sweep_reclaim: no trade -- outside window: 06:50 London

  CIO: 0 candidate(s); 0 funded, 0.000% total risk

===== cycle 2026-08-19 05:51:01 UTC (host local 2026-08-18 22:51:01) =====
DEMO GATE OK -> 1514166963 FTMO-Demo equity 99430.84
  bar-vs-tick gap 1s (diagnostic only; freshness is decided by clock_state after exits and reconciliation)
PREFLIGHT OK -- account, clock, data, state, ledgers all verified
  CLOCK FEED_FRESH: feed advancing, age in band, host within tolerance
profit -0.51%  daily headroom 5.00%  total headroom 9.49%  trading days 2

  DESK CLOCK 2026-08-19 06:51 London (broker)
  MARKET EURUSD      STRONG_TREND,AT_HTF_LEVEL,RISK_OFF
  MARKET US100.cash  TRANSITION,COMPRESSION,AT_HTF_LEVEL,RISK_OFF
  MARKET US500.cash  WEAK_TREND,COMPRESSION,AT_HTF_LEVEL,RISK_OFF
  MARKET XAUUSD      WEAK_TREND,AT_HTF_LEVEL,RISK_OFF
  BOT_A_gold_0630_breakout: no trade -- no break: bid/ask 4336.80/4337.29 inside [4336.54, 4356.01], needs +18.72 up or -0.26 down
  BOT_B_nas100_usopen_breakout: NOT ELIGIBLE -- regime TRANSITION is structurally wrong for this bot
  BOT_C_sp500_london_breakout: no trade -- outside window: 06:51 London, opens 08:00 closes 16:30
  BOT_D_gold_ny_breakout: no trade -- outside window: 06:51 London, opens 14:30 closes 20:00
  BOT_E_eurusd_london_breakout: no trade -- outside window: 06:51 London, opens 08:00 closes 17:00
  BOT_F_nas100_vwap_reversion: NOT ELIGIBLE -- regime TRANSITION is structurally wrong for this bot
  BOT_G_nas100_h4_pullback: NOT ELIGIBLE -- regime TRANSITION is structurally wrong for this bot
  BOT_H_gold_sweep_reclaim: no trade -- outside window: 06:51 London

  CIO: 0 candidate(s); 0 funded, 0.000% total risk

===== cycle 2026-08-19 05:52:01 UTC (host local 2026-08-18 22:52:01) =====
DEMO GATE OK -> 1514166963 FTMO-Demo equity 99430.84
  bar-vs-tick gap 2s (diagnostic only; freshness is decided by clock_state after exits and reconciliation)
PREFLIGHT OK -- account, clock, data, state, ledgers all verified
  CLOCK FEED_FRESH: feed advancing, age in band, host within tolerance
profit -0.51%  daily headroom 5.00%  total headroom 9.49%  trading days 2

  DESK CLOCK 2026-08-19 06:52 London (broker)
  MARKET EURUSD      STRONG_TREND,AT_HTF_LEVEL,RISK_OFF
  MARKET US100.cash  TRANSITION,COMPRESSION,AT_HTF_LEVEL,RISK_OFF
  MARKET US500.cash  WEAK_TREND,COMPRESSION,AT_HTF_LEVEL,RISK_OFF
  MARKET XAUUSD      WEAK_TREND,AT_HTF_LEVEL,RISK_OFF
  BOT_A_gold_0630_breakout: no trade -- no break: bid/ask 4336.68/4337.17 inside [4336.54, 4356.01], needs +18.84 up or -0.14 down
  BOT_B_nas100_usopen_breakout: NOT ELIGIBLE -- regime TRANSITION is structurally wrong for this bot
  BOT_C_sp500_london_breakout: no trade -- outside window: 06:52 London, opens 08:00 closes 16:30
  BOT_D_gold_ny_breakout: no trade -- outside window: 06:52 London, opens 14:30 closes 20:00
  BOT_E_eurusd_london_breakout: no trade -- outside window: 06:52 London, opens 08:00 closes 17:00
  BOT_F_nas100_vwap_reversion: NOT ELIGIBLE -- regime TRANSITION is structurally wrong for this bot
  BOT_G_nas100_h4_pullback: NOT ELIGIBLE -- regime TRANSITION is structurally wrong for this bot
  BOT_H_gold_sweep_reclaim: no trade -- outside window: 06:52 London

  CIO: 0 candidate(s); 0 funded, 0.000% total risk

===== cycle 2026-08-19 05:53:01 UTC (host local 2026-08-18 22:53:01) =====
DEMO GATE OK -> 1514166963 FTMO-Demo equity 99430.84
  bar-vs-tick gap 2s (diagnostic only; freshness is decided by clock_state after exits and reconciliation)
PREFLIGHT OK -- account, clock, data, state, ledgers all verified
  CLOCK FEED_FRESH: feed advancing, age in band, host within tolerance
profit -0.51%  daily headroom 5.00%  total headroom 9.49%  trading days 2

  DESK CLOCK 2026-08-19 06:53 London (broker)
  MARKET EURUSD      STRONG_TREND,AT_HTF_LEVEL,RISK_OFF
  MARKET US100.cash  TRANSITION,COMPRESSION,AT_HTF_LEVEL,RISK_OFF
  MARKET US500.cash  WEAK_TREND,COMPRESSION,AT_HTF_LEVEL,RISK_OFF
  MARKET XAUUSD      WEAK_TREND,AT_HTF_LEVEL,RISK_OFF
  BOT_A_gold_0630_breakout: no trade -- first break already happened at 06:47 (6m ago) -- not chasing a re-test
  BOT_B_nas100_usopen_breakout: NOT ELIGIBLE -- regime TRANSITION is structurally wrong for this bot
  BOT_C_sp500_london_breakout: no trade -- outside window: 06:53 London, opens 08:00 closes 16:30
  BOT_D_gold_ny_breakout: no trade -- outside window: 06:53 London, opens 14:30 closes 20:00
  BOT_E_eurusd_london_breakout: no trade -- outside window: 06:53 London, opens 08:00 closes 17:00
  BOT_F_nas100_vwap_reversion: NOT ELIGIBLE -- regime TRANSITION is structurally wrong for this bot
  BOT_G_nas100_h4_pullback: NOT ELIGIBLE -- regime TRANSITION is structurally wrong for this bot
  BOT_H_gold_sweep_reclaim: no trade -- outside window: 06:53 London

  CIO: 0 candidate(s); 0 funded, 0.000% total risk

===== cycle 2026-08-19 05:54:01 UTC (host local 2026-08-18 22:54:01) =====
DEMO GATE OK -> 1514166963 FTMO-Demo equity 99430.84
  bar-vs-tick gap 2s (diagnostic only; freshness is decided by clock_state after exits and reconciliation)
PREFLIGHT OK -- account, clock, data, state, ledgers all verified
  CLOCK FEED_FRESH: feed advancing, age in band, host within tolerance
profit -0.51%  daily headroom 5.00%  total headroom 9.49%  trading days 2

  DESK CLOCK 2026-08-19 06:54 London (broker)
  MARKET EURUSD      STRONG_TREND,AT_HTF_LEVEL,RISK_OFF
  MARKET US100.cash  TRANSITION,COMPRESSION,AT_HTF_LEVEL,RISK_OFF
  MARKET US500.cash  WEAK_TREND,COMPRESSION,AT_HTF_LEVEL,RISK_OFF
  MARKET XAUUSD      WEAK_TREND,AT_HTF_LEVEL,RISK_OFF
  BOT_A_gold_0630_breakout: no trade -- no break: bid/ask 4336.70/4337.20 inside [4336.54, 4356.01], needs +18.81 up or -0.16 down
  BOT_B_nas100_usopen_breakout: NOT ELIGIBLE -- regime TRANSITION is structurally wrong for this bot
  BOT_C_sp500_london_breakout: no trade -- outside window: 06:54 London, opens 08:00 closes 16:30
  BOT_D_gold_ny_breakout: no trade -- outside window: 06:54 London, opens 14:30 closes 20:00
  BOT_E_eurusd_london_breakout: no trade -- outside window: 06:54 London, opens 08:00 closes 17:00
  BOT_F_nas100_vwap_reversion: NOT ELIGIBLE -- regime TRANSITION is structurally wrong for this bot
  BOT_G_nas100_h4_pullback: NOT ELIGIBLE -- regime TRANSITION is structurally wrong for this bot
  BOT_H_gold_sweep_reclaim: no trade -- outside window: 06:54 London

  CIO: 0 candidate(s); 0 funded, 0.000% total risk

===== cycle 2026-08-19 05:55:01 UTC (host local 2026-08-18 22:55:01) =====
DEMO GATE OK -> 1514166963 FTMO-Demo equity 99430.84
  bar-vs-tick gap 2s (diagnostic only; freshness is decided by clock_state after exits and reconciliation)
PREFLIGHT OK -- account, clock, data, state, ledgers all verified
  CLOCK FEED_FRESH: feed advancing, age in band, host within tolerance
profit -0.51%  daily headroom 5.00%  total headroom 9.49%  trading days 2

  DESK CLOCK 2026-08-19 06:55 London (broker)
  MARKET EURUSD      STRONG_TREND,AT_HTF_LEVEL,RISK_OFF
  MARKET US100.cash  TRANSITION,COMPRESSION,AT_HTF_LEVEL,RISK_OFF
  MARKET US500.cash  WEAK_TREND,COMPRESSION,AT_HTF_LEVEL,RISK_OFF
  MARKET XAUUSD      WEAK_TREND,AT_HTF_LEVEL,RISK_OFF
  BOT_A_gold_0630_breakout: no trade -- first break already happened at 06:47 (8m ago) -- not chasing a re-test
  BOT_B_nas100_usopen_breakout: NOT ELIGIBLE -- regime TRANSITION is structurally wrong for this bot
  BOT_C_sp500_london_breakout: no trade -- outside window: 06:55 London, opens 08:00 closes 16:30
  BOT_D_gold_ny_breakout: no trade -- outside window: 06:55 London, opens 14:30 closes 20:00
  BOT_E_eurusd_london_breakout: no trade -- outside window: 06:55 London, opens 08:00 closes 17:00
  BOT_F_nas100_vwap_reversion: NOT ELIGIBLE -- regime TRANSITION is structurally wrong for this bot
  BOT_G_nas100_h4_pullback: NOT ELIGIBLE -- regime TRANSITION is structurally wrong for this bot
  BOT_H_gold_sweep_reclaim: no trade -- outside window: 06:55 London

  CIO: 0 candidate(s); 0 funded, 0.000% total risk

===== cycle 2026-08-19 05:56:01 UTC (host local 2026-08-18 22:56:01) =====
DEMO GATE OK -> 1514166963 FTMO-Demo equity 99430.84
  bar-vs-tick gap 2s (diagnostic only; freshness is decided by clock_state after exits and reconciliation)
PREFLIGHT OK -- account, clock, data, state, ledgers all verified
  CLOCK FEED_FRESH: feed advancing, age in band, host within tolerance
profit -0.51%  daily headroom 5.00%  total headroom 9.49%  trading days 2

  DESK CLOCK 2026-08-19 06:56 London (broker)
  MARKET EURUSD      STRONG_TREND,AT_HTF_LEVEL,RISK_OFF
  MARKET US100.cash  TRANSITION,COMPRESSION,AT_HTF_LEVEL,RISK_OFF
  MARKET US500.cash  WEAK_TREND,COMPRESSION,AT_HTF_LEVEL,RISK_OFF
  MARKET XAUUSD      WEAK_TREND,AT_HTF_LEVEL,RISK_OFF
  BOT_A_gold_0630_breakout: no trade -- first break already happened at 06:47 (9m ago) -- not chasing a re-test
  BOT_B_nas100_usopen_breakout: NOT ELIGIBLE -- regime TRANSITION is structurally wrong for this bot
  BOT_C_sp500_london_breakout: no trade -- outside window: 06:56 London, opens 08:00 closes 16:30
  BOT_D_gold_ny_breakout: no trade -- outside window: 06:56 London, opens 14:30 closes 20:00
  BOT_E_eurusd_london_breakout: no trade -- outside window: 06:56 London, opens 08:00 closes 17:00
  BOT_F_nas100_vwap_reversion: NOT ELIGIBLE -- regime TRANSITION is structurally wrong for this bot
  BOT_G_nas100_h4_pullback: NOT ELIGIBLE -- regime TRANSITION is structurally wrong for this bot
  BOT_H_gold_sweep_reclaim: no trade -- outside window: 06:56 London

  CIO: 0 candidate(s); 0 funded, 0.000% total risk

===== cycle 2026-08-19 05:57:01 UTC (host local 2026-08-18 22:57:01) =====
DEMO GATE OK -> 1514166963 FTMO-Demo equity 99430.84
  bar-vs-tick gap 2s (diagnostic only; freshness is decided by clock_state after exits and reconciliation)
PREFLIGHT OK -- account, clock, data, state, ledgers all verified
  CLOCK FEED_FRESH: feed advancing, age in band, host within tolerance
profit -0.51%  daily headroom 5.00%  total headroom 9.49%  trading days 2

  DESK CLOCK 2026-08-19 06:57 London (broker)
  MARKET EURUSD      STRONG_TREND,AT_HTF_LEVEL,RISK_OFF
  MARKET US100.cash  TRANSITION,COMPRESSION,AT_HTF_LEVEL,RISK_OFF
  MARKET US500.cash  WEAK_TREND,COMPRESSION,AT_HTF_LEVEL,RISK_OFF
  MARKET XAUUSD      WEAK_TREND,AT_HTF_LEVEL,RISK_OFF
  BOT_A_gold_0630_breakout: no trade -- no break: bid/ask 4336.90/4337.40 inside [4336.54, 4356.01], needs +18.61 up or -0.36 down
  BOT_B_nas100_usopen_breakout: NOT ELIGIBLE -- regime TRANSITION is structurally wrong for this bot
  BOT_C_sp500_london_breakout: no trade -- outside window: 06:57 London, opens 08:00 closes 16:30
  BOT_D_gold_ny_breakout: no trade -- outside window: 06:57 London, opens 14:30 closes 20:00
  BOT_E_eurusd_london_breakout: no trade -- outside window: 06:57 London, opens 08:00 closes 17:00
  BOT_F_nas100_vwap_reversion: NOT ELIGIBLE -- regime TRANSITION is structurally wrong for this bot
  BOT_G_nas100_h4_pullback: NOT ELIGIBLE -- regime TRANSITION is structurally wrong for this bot
  BOT_H_gold_sweep_reclaim: no trade -- outside window: 06:57 London

  CIO: 0 candidate(s); 0 funded, 0.000% total risk

===== cycle 2026-08-19 05:58:01 UTC (host local 2026-08-18 22:58:01) =====
DEMO GATE OK -> 1514166963 FTMO-Demo equity 99430.84
  bar-vs-tick gap 2s (diagnostic only; freshness is decided by clock_state after exits and reconciliation)
PREFLIGHT OK -- account, clock, data, state, ledgers all verified
  CLOCK FEED_FRESH: feed advancing, age in band, host within tolerance
profit -0.51%  daily headroom 5.00%  total headroom 9.49%  trading days 2

  DESK CLOCK 2026-08-19 06:58 London (broker)
  MARKET EURUSD      STRONG_TREND,AT_HTF_LEVEL,RISK_OFF
  MARKET US100.cash  TRANSITION,COMPRESSION,AT_HTF_LEVEL,RISK_OFF
  MARKET US500.cash  WEAK_TREND,COMPRESSION,AT_HTF_LEVEL,RISK_OFF
  MARKET XAUUSD      WEAK_TREND,AT_HTF_LEVEL,RISK_OFF
  BOT_A_gold_0630_breakout: no trade -- no break: bid/ask 4338.38/4338.83 inside [4336.54, 4356.01], needs +17.18 up or -1.84 down
  BOT_B_nas100_usopen_breakout: NOT ELIGIBLE -- regime TRANSITION is structurally wrong for this bot
  BOT_C_sp500_london_breakout: no trade -- outside window: 06:58 London, opens 08:00 closes 16:30
  BOT_D_gold_ny_breakout: no trade -- outside window: 06:58 London, opens 14:30 closes 20:00
  BOT_E_eurusd_london_breakout: no trade -- outside window: 06:58 London, opens 08:00 closes 17:00
  BOT_F_nas100_vwap_reversion: NOT ELIGIBLE -- regime TRANSITION is structurally wrong for this bot
  BOT_G_nas100_h4_pullback: NOT ELIGIBLE -- regime TRANSITION is structurally wrong for this bot
  BOT_H_gold_sweep_reclaim: no trade -- outside window: 06:58 London

  CIO: 0 candidate(s); 0 funded, 0.000% total risk

===== cycle 2026-08-19 05:59:01 UTC (host local 2026-08-18 22:59:01) =====
DEMO GATE OK -> 1514166963 FTMO-Demo equity 99430.84
  bar-vs-tick gap 2s (diagnostic only; freshness is decided by clock_state after exits and reconciliation)
PREFLIGHT OK -- account, clock, data, state, ledgers all verified
  CLOCK FEED_FRESH: feed advancing, age in band, host within tolerance
profit -0.51%  daily headroom 5.00%  total headroom 9.49%  trading days 2

  DESK CLOCK 2026-08-19 06:59 London (broker)
  MARKET EURUSD      STRONG_TREND,AT_HTF_LEVEL,RISK_OFF
  MARKET US100.cash  TRANSITION,COMPRESSION,AT_HTF_LEVEL,RISK_OFF
  MARKET US500.cash  WEAK_TREND,COMPRESSION,AT_HTF_LEVEL,RISK_OFF
  MARKET XAUUSD      WEAK_TREND,AT_HTF_LEVEL,RISK_OFF
  BOT_A_gold_0630_breakout: no trade -- no break: bid/ask 4337.15/4337.62 inside [4336.54, 4356.01], needs +18.39 up or -0.61 down
  BOT_B_nas100_usopen_breakout: NOT ELIGIBLE -- regime TRANSITION is structurally wrong for this bot
  BOT_C_sp500_london_breakout: no trade -- outside window: 06:59 London, opens 08:00 closes 16:30
  BOT_D_gold_ny_breakout: no trade -- outside window: 06:59 London, opens 14:30 closes 20:00
  BOT_E_eurusd_london_breakout: no trade -- outside window: 06:59 London, opens 08:00 closes 17:00
  BOT_F_nas100_vwap_reversion: NOT ELIGIBLE -- regime TRANSITION is structurally wrong for this bot
  BOT_G_nas100_h4_pullback: NOT ELIGIBLE -- regime TRANSITION is structurally wrong for this bot
  BOT_H_gold_sweep_reclaim: no trade -- outside window: 06:59 London

  CIO: 0 candidate(s); 0 funded, 0.000% total risk

===== cycle 2026-08-19 06:00:01 UTC (host local 2026-08-18 23:00:01) =====
DEMO GATE OK -> 1514166963 FTMO-Demo equity 99430.84
  bar-vs-tick gap 2s (diagnostic only; freshness is decided by clock_state after exits and reconciliation)
PREFLIGHT OK -- account, clock, data, state, ledgers all verified
  CLOCK FEED_FRESH: feed advancing, age in band, host within tolerance
profit -0.51%  daily headroom 5.00%  total headroom 9.49%  trading days 2

  DESK CLOCK 2026-08-19 07:00 London (broker)
  MARKET EURUSD      STRONG_TREND,AT_HTF_LEVEL,RISK_OFF
  MARKET US100.cash  TRANSITION,COMPRESSION,AT_HTF_LEVEL,RISK_OFF
  MARKET US500.cash  WEAK_TREND,COMPRESSION,AT_HTF_LEVEL,RISK_OFF
  MARKET XAUUSD      WEAK_TREND,AT_HTF_LEVEL,RISK_OFF
  BOT_A_gold_0630_breakout: no trade -- first break already happened at 06:47 (13m ago) -- not chasing a re-test
  BOT_B_nas100_usopen_breakout: NOT ELIGIBLE -- regime TRANSITION is structurally wrong for this bot
  BOT_C_sp500_london_breakout: no trade -- outside window: 07:00 London, opens 08:00 closes 16:30
  BOT_D_gold_ny_breakout: no trade -- outside window: 07:00 London, opens 14:30 closes 20:00
  BOT_E_eurusd_london_breakout: no trade -- outside window: 07:00 London, opens 08:00 closes 17:00
  BOT_F_nas100_vwap_reversion: NOT ELIGIBLE -- regime TRANSITION is structurally wrong for this bot
  BOT_G_nas100_h4_pullback: NOT ELIGIBLE -- regime TRANSITION is structurally wrong for this bot
  BOT_H_gold_sweep_reclaim: no trade -- no level swept and reclaimed in the last 15 minutes

  CIO: 0 candidate(s); 0 funded, 0.000% total risk

===== cycle 2026-08-19 06:01:01 UTC (host local 2026-08-18 23:01:01) =====
DEMO GATE OK -> 1514166963 FTMO-Demo equity 99430.84
  bar-vs-tick gap 2s (diagnostic only; freshness is decided by clock_state after exits and reconciliation)
PREFLIGHT OK -- account, clock, data, state, ledgers all verified
  CLOCK FEED_FRESH: feed advancing, age in band, host within tolerance
profit -0.51%  daily headroom 5.00%  total headroom 9.49%  trading days 2

  DESK CLOCK 2026-08-19 07:01 London (broker)
  MARKET EURUSD      STRONG_TREND,AT_HTF_LEVEL,RISK_OFF
  MARKET US100.cash  TRANSITION,COMPRESSION,AT_HTF_LEVEL,RISK_OFF
  MARKET US500.cash  WEAK_TREND,COMPRESSION,AT_HTF_LEVEL,RISK_OFF
  MARKET XAUUSD      WEAK_TREND,AT_HTF_LEVEL,RISK_OFF
  BOT_A_gold_0630_breakout: no trade -- no break: bid/ask 4341.10/4341.55 inside [4336.54, 4356.01], needs +14.46 up or -4.56 down
  BOT_B_nas100_usopen_breakout: NOT ELIGIBLE -- regime TRANSITION is structurally wrong for this bot
  BOT_C_sp500_london_breakout: no trade -- outside window: 07:01 London, opens 08:00 closes 16:30
  BOT_D_gold_ny_breakout: no trade -- outside window: 07:01 London, opens 14:30 closes 20:00
  BOT_E_eurusd_london_breakout: no trade -- outside window: 07:01 London, opens 08:00 closes 17:00
  BOT_F_nas100_vwap_reversion: NOT ELIGIBLE -- regime TRANSITION is structurally wrong for this bot
  BOT_G_nas100_h4_pullback: NOT ELIGIBLE -- regime TRANSITION is structurally wrong for this bot
  BOT_H_gold_sweep_reclaim: no trade -- no level swept and reclaimed in the last 15 minutes

  CIO: 0 candidate(s); 0 funded, 0.000% total risk

===== cycle 2026-08-19 06:02:01 UTC (host local 2026-08-18 23:02:01) =====
DEMO GATE OK -> 1514166963 FTMO-Demo equity 99430.84
  bar-vs-tick gap 2s (diagnostic only; freshness is decided by clock_state after exits and reconciliation)
PREFLIGHT OK -- account, clock, data, state, ledgers all verified
  CLOCK FEED_FRESH: feed advancing, age in band, host within tolerance
profit -0.51%  daily headroom 5.00%  total headroom 9.49%  trading days 2

  DESK CLOCK 2026-08-19 07:02 London (broker)
  MARKET EURUSD      STRONG_TREND,AT_HTF_LEVEL,RISK_OFF
  MARKET US100.cash  TRANSITION,COMPRESSION,AT_HTF_LEVEL,RISK_OFF
  MARKET US500.cash  WEAK_TREND,COMPRESSION,AT_HTF_LEVEL,RISK_OFF
  MARKET XAUUSD      WEAK_TREND,AT_HTF_LEVEL,RISK_OFF
  BOT_A_gold_0630_breakout: no trade -- no break: bid/ask 4338.10/4338.55 inside [4336.54, 4356.01], needs +17.46 up or -1.56 down
  BOT_B_nas100_usopen_breakout: NOT ELIGIBLE -- regime TRANSITION is structurally wrong for this bot
  BOT_C_sp500_london_breakout: no trade -- outside window: 07:02 London, opens 08:00 closes 16:30
  BOT_D_gold_ny_breakout: no trade -- outside window: 07:02 London, opens 14:30 closes 20:00
  BOT_E_eurusd_london_breakout: no trade -- outside window: 07:02 London, opens 08:00 closes 17:00
  BOT_F_nas100_vwap_reversion: NOT ELIGIBLE -- regime TRANSITION is structurally wrong for this bot
  BOT_G_nas100_h4_pullback: NOT ELIGIBLE -- regime TRANSITION is structurally wrong for this bot
  BOT_H_gold_sweep_reclaim: no trade -- no level swept and reclaimed in the last 15 minutes

  CIO: 0 candidate(s); 0 funded, 0.000% total risk

===== cycle 2026-08-19 06:03:01 UTC (host local 2026-08-18 23:03:01) =====
DEMO GATE OK -> 1514166963 FTMO-Demo equity 99430.84
  bar-vs-tick gap 2s (diagnostic only; freshness is decided by clock_state after exits and reconciliation)
PREFLIGHT OK -- account, clock, data, state, ledgers all verified
  CLOCK FEED_FRESH: feed advancing, age in band, host within tolerance
profit -0.51%  daily headroom 5.00%  total headroom 9.49%  trading days 2

  DESK CLOCK 2026-08-19 07:03 London (broker)
  MARKET EURUSD      STRONG_TREND,AT_HTF_LEVEL,RISK_OFF
  MARKET US100.cash  TRANSITION,COMPRESSION,AT_HTF_LEVEL,RISK_OFF
  MARKET US500.cash  WEAK_TREND,COMPRESSION,AT_HTF_LEVEL,RISK_OFF
  MARKET XAUUSD      WEAK_TREND,AT_HTF_LEVEL,RISK_OFF
  BOT_A_gold_0630_breakout: no trade -- no break: bid/ask 4338.77/4339.22 inside [4336.54, 4356.01], needs +16.79 up or -2.23 down
  BOT_B_nas100_usopen_breakout: NOT ELIGIBLE -- regime TRANSITION is structurally wrong for this bot
  BOT_C_sp500_london_breakout: no trade -- outside window: 07:03 London, opens 08:00 closes 16:30
  BOT_D_gold_ny_breakout: no trade -- outside window: 07:03 London, opens 14:30 closes 20:00
  BOT_E_eurusd_london_breakout: no trade -- outside window: 07:03 London, opens 08:00 closes 17:00
  BOT_F_nas100_vwap_reversion: NOT ELIGIBLE -- regime TRANSITION is structurally wrong for this bot
  BOT_G_nas100_h4_pullback: NOT ELIGIBLE -- regime TRANSITION is structurally wrong for this bot
  BOT_H_gold_sweep_reclaim: no trade -- no level swept and reclaimed in the last 15 minutes

  CIO: 0 candidate(s); 0 funded, 0.000% total risk

===== cycle 2026-08-19 06:04:01 UTC (host local 2026-08-18 23:04:01) =====
DEMO GATE OK -> 1514166963 FTMO-Demo equity 99430.84
  bar-vs-tick gap 2s (diagnostic only; freshness is decided by clock_state after exits and reconciliation)
PREFLIGHT OK -- account, clock, data, state, ledgers all verified
  CLOCK FEED_FRESH: feed advancing, age in band, host within tolerance
profit -0.51%  daily headroom 5.00%  total headroom 9.49%  trading days 2

  DESK CLOCK 2026-08-19 07:04 London (broker)
  MARKET EURUSD      STRONG_TREND,AT_HTF_LEVEL,RISK_OFF
  MARKET US100.cash  TRANSITION,COMPRESSION,AT_HTF_LEVEL,RISK_OFF
  MARKET US500.cash  WEAK_TREND,COMPRESSION,AT_HTF_LEVEL,RISK_OFF
  MARKET XAUUSD      WEAK_TREND,AT_HTF_LEVEL,RISK_OFF
  BOT_A_gold_0630_breakout: no trade -- no break: bid/ask 4336.55/4337.00 inside [4336.54, 4356.01], needs +19.01 up or -0.01 down
  BOT_B_nas100_usopen_breakout: NOT ELIGIBLE -- regime TRANSITION is structurally wrong for this bot
  BOT_C_sp500_london_breakout: no trade -- outside window: 07:04 London, opens 08:00 closes 16:30
  BOT_D_gold_ny_breakout: no trade -- outside window: 07:04 London, opens 14:30 closes 20:00
  BOT_E_eurusd_london_breakout: no trade -- outside window: 07:04 London, opens 08:00 closes 17:00
  BOT_F_nas100_vwap_reversion: NOT ELIGIBLE -- regime TRANSITION is structurally wrong for this bot
  BOT_G_nas100_h4_pullback: NOT ELIGIBLE -- regime TRANSITION is structurally wrong for this bot
  BOT_H_gold_sweep_reclaim: no trade -- no level swept and reclaimed in the last 15 minutes

  CIO: 0 candidate(s); 0 funded, 0.000% total risk

===== cycle 2026-08-19 06:05:01 UTC (host local 2026-08-18 23:05:01) =====
DEMO GATE OK -> 1514166963 FTMO-Demo equity 99430.84
  bar-vs-tick gap 2s (diagnostic only; freshness is decided by clock_state after exits and reconciliation)
PREFLIGHT OK -- account, clock, data, state, ledgers all verified
  CLOCK FEED_FRESH: feed advancing, age in band, host within tolerance
profit -0.51%  daily headroom 5.00%  total headroom 9.49%  trading days 2

  DESK CLOCK 2026-08-19 07:05 London (broker)
  MARKET EURUSD      STRONG_TREND,AT_HTF_LEVEL,RISK_OFF
  MARKET US100.cash  TRANSITION,COMPRESSION,AT_HTF_LEVEL,RISK_OFF
  MARKET US500.cash  WEAK_TREND,COMPRESSION,AT_HTF_LEVEL,RISK_OFF
  MARKET XAUUSD      WEAK_TREND,AT_HTF_LEVEL,RISK_OFF
  BOT_A_gold_0630_breakout: no trade -- no break: bid/ask 4337.79/4338.23 inside [4336.54, 4356.01], needs +17.78 up or -1.25 down
  BOT_B_nas100_usopen_breakout: NOT ELIGIBLE -- regime TRANSITION is structurally wrong for this bot
  BOT_C_sp500_london_breakout: no trade -- outside window: 07:05 London, opens 08:00 closes 16:30
  BOT_D_gold_ny_breakout: no trade -- outside window: 07:05 London, opens 14:30 closes 20:00
  BOT_E_eurusd_london_breakout: no trade -- outside window: 07:05 London, opens 08:00 closes 17:00
  BOT_F_nas100_vwap_reversion: NOT ELIGIBLE -- regime TRANSITION is structurally wrong for this bot
  BOT_G_nas100_h4_pullback: NOT ELIGIBLE -- regime TRANSITION is structurally wrong for this bot
  BOT_H_gold_sweep_reclaim: no trade -- no level swept and reclaimed in the last 15 minutes

  CIO: 0 candidate(s); 0 funded, 0.000% total risk

===== cycle 2026-08-19 06:06:01 UTC (host local 2026-08-18 23:06:01) =====
DEMO GATE OK -> 1514166963 FTMO-Demo equity 99430.84
  bar-vs-tick gap 2s (diagnostic only; freshness is decided by clock_state after exits and reconciliation)
PREFLIGHT OK -- account, clock, data, state, ledgers all verified
  CLOCK FEED_FRESH: feed advancing, age in band, host within tolerance
profit -0.51%  daily headroom 5.00%  total headroom 9.49%  trading days 2

  DESK CLOCK 2026-08-19 07:06 London (broker)
  MARKET EURUSD      STRONG_TREND,AT_HTF_LEVEL,RISK_OFF
  MARKET US100.cash  TRANSITION,COMPRESSION,AT_HTF_LEVEL,RISK_OFF
  MARKET US500.cash  WEAK_TREND,COMPRESSION,AT_HTF_LEVEL,RISK_OFF
  MARKET XAUUSD      WEAK_TREND,AT_HTF_LEVEL,RISK_OFF
  BOT_A_gold_0630_breakout: no trade -- no break: bid/ask 4338.06/4338.50 inside [4336.54, 4356.01], needs +17.51 up or -1.52 down
  BOT_B_nas100_usopen_breakout: NOT ELIGIBLE -- regime TRANSITION is structurally wrong for this bot
  BOT_C_sp500_london_breakout: no trade -- outside window: 07:06 London, opens 08:00 closes 16:30
  BOT_D_gold_ny_breakout: no trade -- outside window: 07:06 London, opens 14:30 closes 20:00
  BOT_E_eurusd_london_breakout: no trade -- outside window: 07:06 London, opens 08:00 closes 17:00
  BOT_F_nas100_vwap_reversion: NOT ELIGIBLE -- regime TRANSITION is structurally wrong for this bot
  BOT_G_nas100_h4_pullback: NOT ELIGIBLE -- regime TRANSITION is structurally wrong for this bot
  BOT_H_gold_sweep_reclaim: no trade -- no level swept and reclaimed in the last 15 minutes

  CIO: 0 candidate(s); 0 funded, 0.000% total risk

===== cycle 2026-08-19 06:07:01 UTC (host local 2026-08-18 23:07:01) =====
DEMO GATE OK -> 1514166963 FTMO-Demo equity 99430.84
  bar-vs-tick gap 2s (diagnostic only; freshness is decided by clock_state after exits and reconciliation)
PREFLIGHT OK -- account, clock, data, state, ledgers all verified
  CLOCK FEED_FRESH: feed advancing, age in band, host within tolerance
profit -0.51%  daily headroom 5.00%  total headroom 9.49%  trading days 2

  DESK CLOCK 2026-08-19 07:07 London (broker)
  MARKET EURUSD      STRONG_TREND,AT_HTF_LEVEL,RISK_OFF
  MARKET US100.cash  TRANSITION,COMPRESSION,AT_HTF_LEVEL,RISK_OFF
  MARKET US500.cash  WEAK_TREND,COMPRESSION,AT_HTF_LEVEL,RISK_OFF
  MARKET XAUUSD      WEAK_TREND,AT_HTF_LEVEL,RISK_OFF
  BOT_A_gold_0630_breakout: no trade -- no break: bid/ask 4337.35/4337.77 inside [4336.54, 4356.01], needs +18.24 up or -0.81 down
  BOT_B_nas100_usopen_breakout: NOT ELIGIBLE -- regime TRANSITION is structurally wrong for this bot
  BOT_C_sp500_london_breakout: no trade -- outside window: 07:07 London, opens 08:00 closes 16:30
  BOT_D_gold_ny_breakout: no trade -- outside window: 07:07 London, opens 14:30 closes 20:00
  BOT_E_eurusd_london_breakout: no trade -- outside window: 07:07 London, opens 08:00 closes 17:00
  BOT_F_nas100_vwap_reversion: NOT ELIGIBLE -- regime TRANSITION is structurally wrong for this bot
  BOT_G_nas100_h4_pullback: NOT ELIGIBLE -- regime TRANSITION is structurally wrong for this bot
  BOT_H_gold_sweep_reclaim: no trade -- no level swept and reclaimed in the last 15 minutes

  CIO: 0 candidate(s); 0 funded, 0.000% total risk

===== cycle 2026-08-19 06:08:01 UTC (host local 2026-08-18 23:08:01) =====
DEMO GATE OK -> 1514166963 FTMO-Demo equity 99430.84
  bar-vs-tick gap 2s (diagnostic only; freshness is decided by clock_state after exits and reconciliation)
PREFLIGHT OK -- account, clock, data, state, ledgers all verified
  CLOCK FEED_FRESH: feed advancing, age in band, host within tolerance
profit -0.51%  daily headroom 5.00%  total headroom 9.49%  trading days 2

  DESK CLOCK 2026-08-19 07:08 London (broker)
  MARKET EURUSD      STRONG_TREND,AT_HTF_LEVEL,RISK_OFF
  MARKET US100.cash  TRANSITION,COMPRESSION,AT_HTF_LEVEL,RISK_OFF
  MARKET US500.cash  WEAK_TREND,COMPRESSION,AT_HTF_LEVEL,RISK_OFF
  MARKET XAUUSD      WEAK_TREND,AT_HTF_LEVEL,RISK_OFF
  BOT_A_gold_0630_breakout: no trade -- first break already happened at 06:47 (21m ago) -- not chasing a re-test
  BOT_B_nas100_usopen_breakout: NOT ELIGIBLE -- regime TRANSITION is structurally wrong for this bot
  BOT_C_sp500_london_breakout: no trade -- outside window: 07:08 London, opens 08:00 closes 16:30
  BOT_D_gold_ny_breakout: no trade -- outside window: 07:08 London, opens 14:30 closes 20:00
  BOT_E_eurusd_london_breakout: no trade -- outside window: 07:08 London, opens 08:00 closes 17:00
  BOT_F_nas100_vwap_reversion: NOT ELIGIBLE -- regime TRANSITION is structurally wrong for this bot
  BOT_G_nas100_h4_pullback: NOT ELIGIBLE -- regime TRANSITION is structurally wrong for this bot
  BOT_H_gold_sweep_reclaim: no trade -- no level swept and reclaimed in the last 15 minutes

  CIO: 0 candidate(s); 0 funded, 0.000% total risk

===== cycle 2026-08-19 06:09:02 UTC (host local 2026-08-18 23:09:02) =====
DEMO GATE OK -> 1514166963 FTMO-Demo equity 99430.84
  bar-vs-tick gap 2s (diagnostic only; freshness is decided by clock_state after exits and reconciliation)
PREFLIGHT OK -- account, clock, data, state, ledgers all verified
  CLOCK FEED_FRESH: feed advancing, age in band, host within tolerance
profit -0.51%  daily headroom 5.00%  total headroom 9.49%  trading days 2

  DESK CLOCK 2026-08-19 07:09 London (broker)
  MARKET EURUSD      STRONG_TREND,AT_HTF_LEVEL,RISK_OFF
  MARKET US100.cash  TRANSITION,COMPRESSION,AT_HTF_LEVEL,RISK_OFF
  MARKET US500.cash  WEAK_TREND,COMPRESSION,AT_HTF_LEVEL,RISK_OFF
  MARKET XAUUSD      WEAK_TREND,AT_HTF_LEVEL,RISK_OFF
  BOT_A_gold_0630_breakout: no trade -- no break: bid/ask 4338.66/4339.11 inside [4336.54, 4356.01], needs +16.90 up or -2.12 down
  BOT_B_nas100_usopen_breakout: NOT ELIGIBLE -- regime TRANSITION is structurally wrong for this bot
  BOT_C_sp500_london_breakout: no trade -- outside window: 07:09 London, opens 08:00 closes 16:30
  BOT_D_gold_ny_breakout: no trade -- outside window: 07:09 London, opens 14:30 closes 20:00
  BOT_E_eurusd_london_breakout: no trade -- outside window: 07:09 London, opens 08:00 closes 17:00
  BOT_F_nas100_vwap_reversion: NOT ELIGIBLE -- regime TRANSITION is structurally wrong for this bot
  BOT_G_nas100_h4_pullback: NOT ELIGIBLE -- regime TRANSITION is structurally wrong for this bot
  BOT_H_gold_sweep_reclaim: no trade -- no level swept and reclaimed in the last 15 minutes

  CIO: 0 candidate(s); 0 funded, 0.000% total risk

===== cycle 2026-08-19 06:10:01 UTC (host local 2026-08-18 23:10:01) =====
DEMO GATE OK -> 1514166963 FTMO-Demo equity 99430.84
  bar-vs-tick gap 2s (diagnostic only; freshness is decided by clock_state after exits and reconciliation)
PREFLIGHT OK -- account, clock, data, state, ledgers all verified
  CLOCK FEED_FRESH: feed advancing, age in band, host within tolerance
profit -0.51%  daily headroom 5.00%  total headroom 9.49%  trading days 2

  DESK CLOCK 2026-08-19 07:10 London (broker)
  MARKET EURUSD      STRONG_TREND,AT_HTF_LEVEL,RISK_OFF
  MARKET US100.cash  TRANSITION,COMPRESSION,AT_HTF_LEVEL,RISK_OFF
  MARKET US500.cash  WEAK_TREND,COMPRESSION,AT_HTF_LEVEL,RISK_OFF
  MARKET XAUUSD      WEAK_TREND,AT_HTF_LEVEL,RISK_OFF
  BOT_A_gold_0630_breakout: no trade -- no break: bid/ask 4339.30/4339.74 inside [4336.54, 4356.01], needs +16.27 up or -2.76 down
  BOT_B_nas100_usopen_breakout: NOT ELIGIBLE -- regime TRANSITION is structurally wrong for this bot
  BOT_C_sp500_london_breakout: no trade -- outside window: 07:10 London, opens 08:00 closes 16:30
  BOT_D_gold_ny_breakout: no trade -- outside window: 07:10 London, opens 14:30 closes 20:00
  BOT_E_eurusd_london_breakout: no trade -- outside window: 07:10 London, opens 08:00 closes 17:00
  BOT_F_nas100_vwap_reversion: NOT ELIGIBLE -- regime TRANSITION is structurally wrong for this bot
  BOT_G_nas100_h4_pullback: NOT ELIGIBLE -- regime TRANSITION is structurally wrong for this bot
  BOT_H_gold_sweep_reclaim: no trade -- no level swept and reclaimed in the last 15 minutes

  CIO: 0 candidate(s); 0 funded, 0.000% total risk

===== cycle 2026-08-19 06:11:01 UTC (host local 2026-08-18 23:11:01) =====
DEMO GATE OK -> 1514166963 FTMO-Demo equity 99430.84
  bar-vs-tick gap 2s (diagnostic only; freshness is decided by clock_state after exits and reconciliation)
PREFLIGHT OK -- account, clock, data, state, ledgers all verified
  CLOCK FEED_FRESH: feed advancing, age in band, host within tolerance
profit -0.51%  daily headroom 5.00%  total headroom 9.49%  trading days 2

  DESK CLOCK 2026-08-19 07:11 London (broker)
  MARKET EURUSD      STRONG_TREND,AT_HTF_LEVEL,RISK_OFF
  MARKET US100.cash  TRANSITION,COMPRESSION,AT_HTF_LEVEL,RISK_OFF
  MARKET US500.cash  WEAK_TREND,COMPRESSION,AT_HTF_LEVEL,RISK_OFF
  MARKET XAUUSD      WEAK_TREND,AT_HTF_LEVEL,RISK_OFF
  BOT_A_gold_0630_breakout: no trade -- no break: bid/ask 4341.13/4341.51 inside [4336.54, 4356.01], needs +14.50 up or -4.59 down
  BOT_B_nas100_usopen_breakout: NOT ELIGIBLE -- regime TRANSITION is structurally wrong for this bot
  BOT_C_sp500_london_breakout: no trade -- outside window: 07:11 London, opens 08:00 closes 16:30
  BOT_D_gold_ny_breakout: no trade -- outside window: 07:11 London, opens 14:30 closes 20:00
  BOT_E_eurusd_london_breakout: no trade -- outside window: 07:11 London, opens 08:00 closes 17:00
  BOT_F_nas100_vwap_reversion: NOT ELIGIBLE -- regime TRANSITION is structurally wrong for this bot
  BOT_G_nas100_h4_pullback: NOT ELIGIBLE -- regime TRANSITION is structurally wrong for this bot
  BOT_H_gold_sweep_reclaim: no trade -- no level swept and reclaimed in the last 15 minutes

  CIO: 0 candidate(s); 0 funded, 0.000% total risk

===== cycle 2026-08-19 06:12:01 UTC (host local 2026-08-18 23:12:01) =====
DEMO GATE OK -> 1514166963 FTMO-Demo equity 99430.84
  bar-vs-tick gap 2s (diagnostic only; freshness is decided by clock_state after exits and reconciliation)
PREFLIGHT OK -- account, clock, data, state, ledgers all verified
  CLOCK FEED_FRESH: feed advancing, age in band, host within tolerance
profit -0.51%  daily headroom 5.00%  total headroom 9.49%  trading days 2

  DESK CLOCK 2026-08-19 07:12 London (broker)
  MARKET EURUSD      STRONG_TREND,AT_HTF_LEVEL,RISK_OFF
  MARKET US100.cash  TRANSITION,COMPRESSION,AT_HTF_LEVEL,RISK_OFF
  MARKET US500.cash  WEAK_TREND,COMPRESSION,AT_HTF_LEVEL,RISK_OFF
  MARKET XAUUSD      WEAK_TREND,AT_HTF_LEVEL,RISK_OFF
  BOT_A_gold_0630_breakout: no trade -- no break: bid/ask 4340.38/4340.76 inside [4336.54, 4356.01], needs +15.25 up or -3.84 down
  BOT_B_nas100_usopen_breakout: NOT ELIGIBLE -- regime TRANSITION is structurally wrong for this bot
  BOT_C_sp500_london_breakout: no trade -- outside window: 07:12 London, opens 08:00 closes 16:30
  BOT_D_gold_ny_breakout: no trade -- outside window: 07:12 London, opens 14:30 closes 20:00
  BOT_E_eurusd_london_breakout: no trade -- outside window: 07:12 London, opens 08:00 closes 17:00
  BOT_F_nas100_vwap_reversion: NOT ELIGIBLE -- regime TRANSITION is structurally wrong for this bot
  BOT_G_nas100_h4_pullback: NOT ELIGIBLE -- regime TRANSITION is structurally wrong for this bot
  BOT_H_gold_sweep_reclaim: no trade -- no level swept and reclaimed in the last 15 minutes

  CIO: 0 candidate(s); 0 funded, 0.000% total risk

===== cycle 2026-08-19 06:13:01 UTC (host local 2026-08-18 23:13:01) =====
DEMO GATE OK -> 1514166963 FTMO-Demo equity 99430.84
  bar-vs-tick gap 1s (diagnostic only; freshness is decided by clock_state after exits and reconciliation)
PREFLIGHT OK -- account, clock, data, state, ledgers all verified
  CLOCK FEED_FRESH: feed advancing, age in band, host within tolerance
profit -0.51%  daily headroom 5.00%  total headroom 9.49%  trading days 2

  DESK CLOCK 2026-08-19 07:13 London (broker)
  MARKET EURUSD      STRONG_TREND,AT_HTF_LEVEL,RISK_OFF
  MARKET US100.cash  TRANSITION,COMPRESSION,AT_HTF_LEVEL,RISK_OFF
  MARKET US500.cash  WEAK_TREND,COMPRESSION,AT_HTF_LEVEL,RISK_OFF
  MARKET XAUUSD      WEAK_TREND,AT_HTF_LEVEL,RISK_OFF
  BOT_A_gold_0630_breakout: no trade -- no break: bid/ask 4339.43/4339.80 inside [4336.54, 4356.01], needs +16.21 up or -2.89 down
  BOT_B_nas100_usopen_breakout: NOT ELIGIBLE -- regime TRANSITION is structurally wrong for this bot
  BOT_C_sp500_london_breakout: no trade -- outside window: 07:13 London, opens 08:00 closes 16:30
  BOT_D_gold_ny_breakout: no trade -- outside window: 07:13 London, opens 14:30 closes 20:00
  BOT_E_eurusd_london_breakout: no trade -- outside window: 07:13 London, opens 08:00 closes 17:00
  BOT_F_nas100_vwap_reversion: NOT ELIGIBLE -- regime TRANSITION is structurally wrong for this bot
  BOT_G_nas100_h4_pullback: NOT ELIGIBLE -- regime TRANSITION is structurally wrong for this bot
  BOT_H_gold_sweep_reclaim: no trade -- no level swept and reclaimed in the last 15 minutes

  CIO: 0 candidate(s); 0 funded, 0.000% total risk

===== cycle 2026-08-19 06:14:02 UTC (host local 2026-08-18 23:14:02) =====
DEMO GATE OK -> 1514166963 FTMO-Demo equity 99430.84
  bar-vs-tick gap 2s (diagnostic only; freshness is decided by clock_state after exits and reconciliation)
PREFLIGHT OK -- account, clock, data, state, ledgers all verified
  CLOCK FEED_FRESH: feed advancing, age in band, host within tolerance
profit -0.51%  daily headroom 5.00%  total headroom 9.49%  trading days 2

  DESK CLOCK 2026-08-19 07:14 London (broker)
  MARKET EURUSD      STRONG_TREND,AT_HTF_LEVEL,RISK_OFF
  MARKET US100.cash  TRANSITION,COMPRESSION,AT_HTF_LEVEL,RISK_OFF
  MARKET US500.cash  WEAK_TREND,COMPRESSION,AT_HTF_LEVEL,RISK_OFF
  MARKET XAUUSD      WEAK_TREND,AT_HTF_LEVEL,RISK_OFF
  BOT_A_gold_0630_breakout: no trade -- no break: bid/ask 4337.67/4338.12 inside [4336.54, 4356.01], needs +17.89 up or -1.13 down
  BOT_B_nas100_usopen_breakout: NOT ELIGIBLE -- regime TRANSITION is structurally wrong for this bot
  BOT_C_sp500_london_breakout: no trade -- outside window: 07:14 London, opens 08:00 closes 16:30
  BOT_D_gold_ny_breakout: no trade -- outside window: 07:14 London, opens 14:30 closes 20:00
  BOT_E_eurusd_london_breakout: no trade -- outside window: 07:14 London, opens 08:00 closes 17:00
  BOT_F_nas100_vwap_reversion: NOT ELIGIBLE -- regime TRANSITION is structurally wrong for this bot
  BOT_G_nas100_h4_pullback: NOT ELIGIBLE -- regime TRANSITION is structurally wrong for this bot
  BOT_H_gold_sweep_reclaim: no trade -- no level swept and reclaimed in the last 15 minutes

  CIO: 0 candidate(s); 0 funded, 0.000% total risk

===== cycle 2026-08-19 06:15:02 UTC (host local 2026-08-18 23:15:02) =====
DEMO GATE OK -> 1514166963 FTMO-Demo equity 99430.84
  bar-vs-tick gap 2s (diagnostic only; freshness is decided by clock_state after exits and reconciliation)
PREFLIGHT OK -- account, clock, data, state, ledgers all verified
  CLOCK FEED_FRESH: feed advancing, age in band, host within tolerance
profit -0.51%  daily headroom 5.00%  total headroom 9.49%  trading days 2

  DESK CLOCK 2026-08-19 07:15 London (broker)
  MARKET EURUSD      STRONG_TREND,AT_HTF_LEVEL,RISK_OFF
  MARKET US100.cash  TRANSITION,COMPRESSION,AT_HTF_LEVEL,RISK_OFF
  MARKET US500.cash  WEAK_TREND,COMPRESSION,AT_HTF_LEVEL,RISK_OFF
  MARKET XAUUSD      WEAK_TREND,AT_HTF_LEVEL,RISK_OFF
  BOT_A_gold_0630_breakout: no trade -- no break: bid/ask 4337.08/4337.48 inside [4336.54, 4356.01], needs +18.53 up or -0.54 down
  BOT_B_nas100_usopen_breakout: NOT ELIGIBLE -- regime TRANSITION is structurally wrong for this bot
  BOT_C_sp500_london_breakout: no trade -- outside window: 07:15 London, opens 08:00 closes 16:30
  BOT_D_gold_ny_breakout: no trade -- outside window: 07:15 London, opens 14:30 closes 20:00
  BOT_E_eurusd_london_breakout: no trade -- outside window: 07:15 London, opens 08:00 closes 17:00
  BOT_F_nas100_vwap_reversion: NOT ELIGIBLE -- regime TRANSITION is structurally wrong for this bot
  BOT_G_nas100_h4_pullback: NOT ELIGIBLE -- regime TRANSITION is structurally wrong for this bot
  BOT_H_gold_sweep_reclaim: no trade -- no level swept and reclaimed in the last 15 minutes

  CIO: 0 candidate(s); 0 funded, 0.000% total risk

===== cycle 2026-08-19 06:16:02 UTC (host local 2026-08-18 23:16:02) =====
DEMO GATE OK -> 1514166963 FTMO-Demo equity 99430.84
  bar-vs-tick gap 2s (diagnostic only; freshness is decided by clock_state after exits and reconciliation)
PREFLIGHT OK -- account, clock, data, state, ledgers all verified
  CLOCK FEED_FRESH: feed advancing, age in band, host within tolerance
profit -0.51%  daily headroom 5.00%  total headroom 9.49%  trading days 2

  DESK CLOCK 2026-08-19 07:16 London (broker)
  MARKET EURUSD      STRONG_TREND,AT_HTF_LEVEL,RISK_OFF
  MARKET US100.cash  TRANSITION,COMPRESSION,AT_HTF_LEVEL,RISK_OFF
  MARKET US500.cash  WEAK_TREND,COMPRESSION,AT_HTF_LEVEL,RISK_OFF
  MARKET XAUUSD      WEAK_TREND,AT_HTF_LEVEL,RISK_OFF
  BOT_A_gold_0630_breakout: no trade -- no break: bid/ask 4340.39/4340.79 inside [4336.54, 4356.01], needs +15.22 up or -3.85 down
  BOT_B_nas100_usopen_breakout: NOT ELIGIBLE -- regime TRANSITION is structurally wrong for this bot
  BOT_C_sp500_london_breakout: no trade -- outside window: 07:16 London, opens 08:00 closes 16:30
  BOT_D_gold_ny_breakout: no trade -- outside window: 07:16 London, opens 14:30 closes 20:00
  BOT_E_eurusd_london_breakout: no trade -- outside window: 07:16 London, opens 08:00 closes 17:00
  BOT_F_nas100_vwap_reversion: NOT ELIGIBLE -- regime TRANSITION is structurally wrong for this bot
  BOT_G_nas100_h4_pullback: NOT ELIGIBLE -- regime TRANSITION is structurally wrong for this bot
  BOT_H_gold_sweep_reclaim: no trade -- no level swept and reclaimed in the last 15 minutes

  CIO: 0 candidate(s); 0 funded, 0.000% total risk

===== cycle 2026-08-19 06:17:02 UTC (host local 2026-08-18 23:17:02) =====
DEMO GATE OK -> 1514166963 FTMO-Demo equity 99430.84
  bar-vs-tick gap 2s (diagnostic only; freshness is decided by clock_state after exits and reconciliation)
PREFLIGHT OK -- account, clock, data, state, ledgers all verified
  CLOCK FEED_FRESH: feed advancing, age in band, host within tolerance
profit -0.51%  daily headroom 5.00%  total headroom 9.49%  trading days 2

  DESK CLOCK 2026-08-19 07:17 London (broker)
  MARKET EURUSD      STRONG_TREND,AT_HTF_LEVEL,RISK_OFF
  MARKET US100.cash  TRANSITION,COMPRESSION,AT_HTF_LEVEL,RISK_OFF
  MARKET US500.cash  WEAK_TREND,COMPRESSION,AT_HTF_LEVEL,RISK_OFF
  MARKET XAUUSD      WEAK_TREND,AT_HTF_LEVEL,RISK_OFF
  BOT_A_gold_0630_breakout: no trade -- no break: bid/ask 4342.24/4342.61 inside [4336.54, 4356.01], needs +13.40 up or -5.70 down
  BOT_B_nas100_usopen_breakout: NOT ELIGIBLE -- regime TRANSITION is structurally wrong for this bot
  BOT_C_sp500_london_breakout: no trade -- outside window: 07:17 London, opens 08:00 closes 16:30
  BOT_D_gold_ny_breakout: no trade -- outside window: 07:17 London, opens 14:30 closes 20:00
  BOT_E_eurusd_london_breakout: no trade -- outside window: 07:17 London, opens 08:00 closes 17:00
  BOT_F_nas100_vwap_reversion: NOT ELIGIBLE -- regime TRANSITION is structurally wrong for this bot
  BOT_G_nas100_h4_pullback: NOT ELIGIBLE -- regime TRANSITION is structurally wrong for this bot
  BOT_H_gold_sweep_reclaim: no trade -- no level swept and reclaimed in the last 15 minutes

  CIO: 0 candidate(s); 0 funded, 0.000% total risk

===== cycle 2026-08-19 06:18:02 UTC (host local 2026-08-18 23:18:02) =====
DEMO GATE OK -> 1514166963 FTMO-Demo equity 99430.84
  bar-vs-tick gap 2s (diagnostic only; freshness is decided by clock_state after exits and reconciliation)
PREFLIGHT OK -- account, clock, data, state, ledgers all verified
  CLOCK FEED_FRESH: feed advancing, age in band, host within tolerance
profit -0.51%  daily headroom 5.00%  total headroom 9.49%  trading days 2

  DESK CLOCK 2026-08-19 07:18 London (broker)
  MARKET EURUSD      STRONG_TREND,AT_HTF_LEVEL,RISK_OFF
  MARKET US100.cash  TRANSITION,COMPRESSION,AT_HTF_LEVEL,RISK_OFF
  MARKET US500.cash  WEAK_TREND,COMPRESSION,AT_HTF_LEVEL,RISK_OFF
  MARKET XAUUSD      WEAK_TREND,AT_HTF_LEVEL,RISK_OFF
  BOT_A_gold_0630_breakout: no trade -- no break: bid/ask 4343.56/4343.96 inside [4336.54, 4356.01], needs +12.05 up or -7.02 down
  BOT_B_nas100_usopen_breakout: NOT ELIGIBLE -- regime TRANSITION is structurally wrong for this bot
  BOT_C_sp500_london_breakout: no trade -- outside window: 07:18 London, opens 08:00 closes 16:30
  BOT_D_gold_ny_breakout: no trade -- outside window: 07:18 London, opens 14:30 closes 20:00
  BOT_E_eurusd_london_breakout: no trade -- outside window: 07:18 London, opens 08:00 closes 17:00
  BOT_F_nas100_vwap_reversion: NOT ELIGIBLE -- regime TRANSITION is structurally wrong for this bot
  BOT_G_nas100_h4_pullback: NOT ELIGIBLE -- regime TRANSITION is structurally wrong for this bot
  BOT_H_gold_sweep_reclaim: no trade -- no level swept and reclaimed in the last 15 minutes

  CIO: 0 candidate(s); 0 funded, 0.000% total risk

===== cycle 2026-08-19 06:19:02 UTC (host local 2026-08-18 23:19:02) =====
DEMO GATE OK -> 1514166963 FTMO-Demo equity 99430.84
  bar-vs-tick gap 2s (diagnostic only; freshness is decided by clock_state after exits and reconciliation)
PREFLIGHT OK -- account, clock, data, state, ledgers all verified
  CLOCK FEED_FRESH: feed advancing, age in band, host within tolerance
profit -0.51%  daily headroom 5.00%  total headroom 9.49%  trading days 2

  DESK CLOCK 2026-08-19 07:19 London (broker)
  MARKET EURUSD      STRONG_TREND,AT_HTF_LEVEL,RISK_OFF
  MARKET US100.cash  TRANSITION,COMPRESSION,AT_HTF_LEVEL,RISK_OFF
  MARKET US500.cash  WEAK_TREND,COMPRESSION,AT_HTF_LEVEL,RISK_OFF
  MARKET XAUUSD      WEAK_TREND,AT_HTF_LEVEL,RISK_OFF
  BOT_A_gold_0630_breakout: no trade -- no break: bid/ask 4345.16/4345.54 inside [4336.54, 4356.01], needs +10.47 up or -8.62 down
  BOT_B_nas100_usopen_breakout: NOT ELIGIBLE -- regime TRANSITION is structurally wrong for this bot
  BOT_C_sp500_london_breakout: no trade -- outside window: 07:19 London, opens 08:00 closes 16:30
  BOT_D_gold_ny_breakout: no trade -- outside window: 07:19 London, opens 14:30 closes 20:00
  BOT_E_eurusd_london_breakout: no trade -- outside window: 07:19 London, opens 08:00 closes 17:00
  BOT_F_nas100_vwap_reversion: NOT ELIGIBLE -- regime TRANSITION is structurally wrong for this bot
  BOT_G_nas100_h4_pullback: NOT ELIGIBLE -- regime TRANSITION is structurally wrong for this bot
  BOT_H_gold_sweep_reclaim: no trade -- no level swept and reclaimed in the last 15 minutes

  CIO: 0 candidate(s); 0 funded, 0.000% total risk

===== cycle 2026-08-19 06:20:02 UTC (host local 2026-08-18 23:20:02) =====
DEMO GATE OK -> 1514166963 FTMO-Demo equity 99430.84
  bar-vs-tick gap 2s (diagnostic only; freshness is decided by clock_state after exits and reconciliation)
PREFLIGHT OK -- account, clock, data, state, ledgers all verified
  CLOCK FEED_FRESH: feed advancing, age in band, host within tolerance
profit -0.51%  daily headroom 5.00%  total headroom 9.49%  trading days 2

  DESK CLOCK 2026-08-19 07:20 London (broker)
  MARKET EURUSD      STRONG_TREND,AT_HTF_LEVEL,RISK_OFF
  MARKET US100.cash  TRANSITION,COMPRESSION,AT_HTF_LEVEL,RISK_OFF
  MARKET US500.cash  WEAK_TREND,COMPRESSION,AT_HTF_LEVEL,RISK_OFF
  MARKET XAUUSD      WEAK_TREND,AT_HTF_LEVEL,RISK_OFF
  BOT_A_gold_0630_breakout: no trade -- no break: bid/ask 4345.08/4345.48 inside [4336.54, 4356.01], needs +10.53 up or -8.54 down
  BOT_B_nas100_usopen_breakout: NOT ELIGIBLE -- regime TRANSITION is structurally wrong for this bot
  BOT_C_sp500_london_breakout: no trade -- outside window: 07:20 London, opens 08:00 closes 16:30
  BOT_D_gold_ny_breakout: no trade -- outside window: 07:20 London, opens 14:30 closes 20:00
  BOT_E_eurusd_london_breakout: no trade -- outside window: 07:20 London, opens 08:00 closes 17:00
  BOT_F_nas100_vwap_reversion: NOT ELIGIBLE -- regime TRANSITION is structurally wrong for this bot
  BOT_G_nas100_h4_pullback: NOT ELIGIBLE -- regime TRANSITION is structurally wrong for this bot
  BOT_H_gold_sweep_reclaim: no trade -- no level swept and reclaimed in the last 15 minutes

  CIO: 0 candidate(s); 0 funded, 0.000% total risk

===== cycle 2026-08-19 06:21:02 UTC (host local 2026-08-18 23:21:02) =====
DEMO GATE OK -> 1514166963 FTMO-Demo equity 99430.84
  bar-vs-tick gap 2s (diagnostic only; freshness is decided by clock_state after exits and reconciliation)
PREFLIGHT OK -- account, clock, data, state, ledgers all verified
  CLOCK FEED_FRESH: feed advancing, age in band, host within tolerance
profit -0.51%  daily headroom 5.00%  total headroom 9.49%  trading days 2

  DESK CLOCK 2026-08-19 07:21 London (broker)
  MARKET EURUSD      STRONG_TREND,AT_HTF_LEVEL,RISK_OFF
  MARKET US100.cash  TRANSITION,COMPRESSION,AT_HTF_LEVEL,RISK_OFF
  MARKET US500.cash  WEAK_TREND,COMPRESSION,AT_HTF_LEVEL,RISK_OFF
  MARKET XAUUSD      WEAK_TREND,AT_HTF_LEVEL,RISK_OFF
  BOT_A_gold_0630_breakout: no trade -- no break: bid/ask 4346.79/4347.24 inside [4336.54, 4356.01], needs +8.77 up or -10.25 down
  BOT_B_nas100_usopen_breakout: NOT ELIGIBLE -- regime TRANSITION is structurally wrong for this bot
  BOT_C_sp500_london_breakout: no trade -- outside window: 07:21 London, opens 08:00 closes 16:30
  BOT_D_gold_ny_breakout: no trade -- outside window: 07:21 London, opens 14:30 closes 20:00
  BOT_E_eurusd_london_breakout: no trade -- outside window: 07:21 London, opens 08:00 closes 17:00
  BOT_F_nas100_vwap_reversion: NOT ELIGIBLE -- regime TRANSITION is structurally wrong for this bot
  BOT_G_nas100_h4_pullback: NOT ELIGIBLE -- regime TRANSITION is structurally wrong for this bot
  BOT_H_gold_sweep_reclaim: no trade -- no level swept and reclaimed in the last 15 minutes

  CIO: 0 candidate(s); 0 funded, 0.000% total risk

===== cycle 2026-08-19 06:22:02 UTC (host local 2026-08-18 23:22:02) =====
DEMO GATE OK -> 1514166963 FTMO-Demo equity 99430.84
  bar-vs-tick gap 2s (diagnostic only; freshness is decided by clock_state after exits and reconciliation)
PREFLIGHT OK -- account, clock, data, state, ledgers all verified
  CLOCK FEED_FRESH: feed advancing, age in band, host within tolerance
profit -0.51%  daily headroom 5.00%  total headroom 9.49%  trading days 2

  DESK CLOCK 2026-08-19 07:22 London (broker)
  MARKET EURUSD      STRONG_TREND,AT_HTF_LEVEL,RISK_OFF
  MARKET US100.cash  TRANSITION,COMPRESSION,AT_HTF_LEVEL,RISK_OFF
  MARKET US500.cash  WEAK_TREND,COMPRESSION,AT_HTF_LEVEL,RISK_OFF
  MARKET XAUUSD      WEAK_TREND,AT_HTF_LEVEL,RISK_OFF
  BOT_A_gold_0630_breakout: no trade -- no break: bid/ask 4346.91/4347.31 inside [4336.54, 4356.01], needs +8.70 up or -10.37 down
  BOT_B_nas100_usopen_breakout: NOT ELIGIBLE -- regime TRANSITION is structurally wrong for this bot
  BOT_C_sp500_london_breakout: no trade -- outside window: 07:22 London, opens 08:00 closes 16:30
  BOT_D_gold_ny_breakout: no trade -- outside window: 07:22 London, opens 14:30 closes 20:00
  BOT_E_eurusd_london_breakout: no trade -- outside window: 07:22 London, opens 08:00 closes 17:00
  BOT_F_nas100_vwap_reversion: NOT ELIGIBLE -- regime TRANSITION is structurally wrong for this bot
  BOT_G_nas100_h4_pullback: NOT ELIGIBLE -- regime TRANSITION is structurally wrong for this bot
  BOT_H_gold_sweep_reclaim: no trade -- no level swept and reclaimed in the last 15 minutes

  CIO: 0 candidate(s); 0 funded, 0.000% total risk

===== cycle 2026-08-19 06:23:02 UTC (host local 2026-08-18 23:23:02) =====
DEMO GATE OK -> 1514166963 FTMO-Demo equity 99430.84
  bar-vs-tick gap 2s (diagnostic only; freshness is decided by clock_state after exits and reconciliation)
PREFLIGHT OK -- account, clock, data, state, ledgers all verified
  CLOCK FEED_FRESH: feed advancing, age in band, host within tolerance
profit -0.51%  daily headroom 5.00%  total headroom 9.49%  trading days 2

  DESK CLOCK 2026-08-19 07:23 London (broker)
  MARKET EURUSD      STRONG_TREND,AT_HTF_LEVEL,RISK_OFF
  MARKET US100.cash  TRANSITION,COMPRESSION,AT_HTF_LEVEL,RISK_OFF
  MARKET US500.cash  WEAK_TREND,COMPRESSION,AT_HTF_LEVEL,RISK_OFF
  MARKET XAUUSD      WEAK_TREND,AT_HTF_LEVEL,RISK_OFF
  BOT_A_gold_0630_breakout: no trade -- no break: bid/ask 4345.84/4346.25 inside [4336.54, 4356.01], needs +9.76 up or -9.30 down
  BOT_B_nas100_usopen_breakout: NOT ELIGIBLE -- regime TRANSITION is structurally wrong for this bot
  BOT_C_sp500_london_breakout: no trade -- outside window: 07:23 London, opens 08:00 closes 16:30
  BOT_D_gold_ny_breakout: no trade -- outside window: 07:23 London, opens 14:30 closes 20:00
  BOT_E_eurusd_london_breakout: no trade -- outside window: 07:23 London, opens 08:00 closes 17:00
  BOT_F_nas100_vwap_reversion: NOT ELIGIBLE -- regime TRANSITION is structurally wrong for this bot
  BOT_G_nas100_h4_pullback: NOT ELIGIBLE -- regime TRANSITION is structurally wrong for this bot
  BOT_H_gold_sweep_reclaim: no trade -- no level swept and reclaimed in the last 15 minutes

  CIO: 0 candidate(s); 0 funded, 0.000% total risk

===== cycle 2026-08-19 06:24:02 UTC (host local 2026-08-18 23:24:02) =====
DEMO GATE OK -> 1514166963 FTMO-Demo equity 99430.84
  bar-vs-tick gap 2s (diagnostic only; freshness is decided by clock_state after exits and reconciliation)
PREFLIGHT OK -- account, clock, data, state, ledgers all verified
  CLOCK FEED_FRESH: feed advancing, age in band, host within tolerance
profit -0.51%  daily headroom 5.00%  total headroom 9.49%  trading days 2

  DESK CLOCK 2026-08-19 07:24 London (broker)
  MARKET EURUSD      STRONG_TREND,AT_HTF_LEVEL,RISK_OFF
  MARKET US100.cash  TRANSITION,COMPRESSION,AT_HTF_LEVEL,RISK_OFF
  MARKET US500.cash  WEAK_TREND,COMPRESSION,AT_HTF_LEVEL,RISK_OFF
  MARKET XAUUSD      WEAK_TREND,AT_HTF_LEVEL,RISK_OFF
  BOT_A_gold_0630_breakout: no trade -- no break: bid/ask 4346.42/4346.81 inside [4336.54, 4356.01], needs +9.20 up or -9.88 down
  BOT_B_nas100_usopen_breakout: NOT ELIGIBLE -- regime TRANSITION is structurally wrong for this bot
  BOT_C_sp500_london_breakout: no trade -- outside window: 07:24 London, opens 08:00 closes 16:30
  BOT_D_gold_ny_breakout: no trade -- outside window: 07:24 London, opens 14:30 closes 20:00
  BOT_E_eurusd_london_breakout: no trade -- outside window: 07:24 London, opens 08:00 closes 17:00
  BOT_F_nas100_vwap_reversion: NOT ELIGIBLE -- regime TRANSITION is structurally wrong for this bot
  BOT_G_nas100_h4_pullback: NOT ELIGIBLE -- regime TRANSITION is structurally wrong for this bot
  BOT_H_gold_sweep_reclaim: no trade -- no level swept and reclaimed in the last 15 minutes

  CIO: 0 candidate(s); 0 funded, 0.000% total risk

===== cycle 2026-08-19 06:25:02 UTC (host local 2026-08-18 23:25:02) =====
DEMO GATE OK -> 1514166963 FTMO-Demo equity 99430.84
  bar-vs-tick gap 2s (diagnostic only; freshness is decided by clock_state after exits and reconciliation)
PREFLIGHT OK -- account, clock, data, state, ledgers all verified
  CLOCK FEED_FRESH: feed advancing, age in band, host within tolerance
profit -0.51%  daily headroom 5.00%  total headroom 9.49%  trading days 2

  DESK CLOCK 2026-08-19 07:25 London (broker)
  MARKET EURUSD      STRONG_TREND,AT_HTF_LEVEL,RISK_OFF
  MARKET US100.cash  TRANSITION,COMPRESSION,AT_HTF_LEVEL,RISK_OFF
  MARKET US500.cash  WEAK_TREND,COMPRESSION,AT_HTF_LEVEL,RISK_OFF
  MARKET XAUUSD      WEAK_TREND,AT_HTF_LEVEL,RISK_OFF
  BOT_A_gold_0630_breakout: no trade -- no break: bid/ask 4346.53/4346.97 inside [4336.54, 4356.01], needs +9.04 up or -9.99 down
  BOT_B_nas100_usopen_breakout: NOT ELIGIBLE -- regime TRANSITION is structurally wrong for this bot
  BOT_C_sp500_london_breakout: no trade -- outside window: 07:25 London, opens 08:00 closes 16:30
  BOT_D_gold_ny_breakout: no trade -- outside window: 07:25 London, opens 14:30 closes 20:00
  BOT_E_eurusd_london_breakout: no trade -- outside window: 07:25 London, opens 08:00 closes 17:00
  BOT_F_nas100_vwap_reversion: NOT ELIGIBLE -- regime TRANSITION is structurally wrong for this bot
  BOT_G_nas100_h4_pullback: NOT ELIGIBLE -- regime TRANSITION is structurally wrong for this bot
  BOT_H_gold_sweep_reclaim: no trade -- no level swept and reclaimed in the last 15 minutes

  CIO: 0 candidate(s); 0 funded, 0.000% total risk

===== cycle 2026-08-19 06:26:02 UTC (host local 2026-08-18 23:26:02) =====
DEMO GATE OK -> 1514166963 FTMO-Demo equity 99430.84
  bar-vs-tick gap 2s (diagnostic only; freshness is decided by clock_state after exits and reconciliation)
PREFLIGHT OK -- account, clock, data, state, ledgers all verified
  CLOCK FEED_FRESH: feed advancing, age in band, host within tolerance
profit -0.51%  daily headroom 5.00%  total headroom 9.49%  trading days 2

  DESK CLOCK 2026-08-19 07:26 London (broker)
  MARKET EURUSD      STRONG_TREND,AT_HTF_LEVEL,RISK_OFF
  MARKET US100.cash  TRANSITION,COMPRESSION,AT_HTF_LEVEL,RISK_OFF
  MARKET US500.cash  WEAK_TREND,COMPRESSION,AT_HTF_LEVEL,RISK_OFF
  MARKET XAUUSD      WEAK_TREND,AT_HTF_LEVEL,RISK_OFF
  BOT_A_gold_0630_breakout: no trade -- no break: bid/ask 4345.43/4345.86 inside [4336.54, 4356.01], needs +10.15 up or -8.89 down
  BOT_B_nas100_usopen_breakout: NOT ELIGIBLE -- regime TRANSITION is structurally wrong for this bot
  BOT_C_sp500_london_breakout: no trade -- outside window: 07:26 London, opens 08:00 closes 16:30
  BOT_D_gold_ny_breakout: no trade -- outside window: 07:26 London, opens 14:30 closes 20:00
  BOT_E_eurusd_london_breakout: no trade -- outside window: 07:26 London, opens 08:00 closes 17:00
  BOT_F_nas100_vwap_reversion: NOT ELIGIBLE -- regime TRANSITION is structurally wrong for this bot
  BOT_G_nas100_h4_pullback: NOT ELIGIBLE -- regime TRANSITION is structurally wrong for this bot
  BOT_H_gold_sweep_reclaim: no trade -- no level swept and reclaimed in the last 15 minutes

  CIO: 0 candidate(s); 0 funded, 0.000% total risk

===== cycle 2026-08-19 06:27:02 UTC (host local 2026-08-18 23:27:02) =====
DEMO GATE OK -> 1514166963 FTMO-Demo equity 99430.84
  bar-vs-tick gap 2s (diagnostic only; freshness is decided by clock_state after exits and reconciliation)
PREFLIGHT OK -- account, clock, data, state, ledgers all verified
  CLOCK FEED_FRESH: feed advancing, age in band, host within tolerance
profit -0.51%  daily headroom 5.00%  total headroom 9.49%  trading days 2

  DESK CLOCK 2026-08-19 07:27 London (broker)
  MARKET EURUSD      STRONG_TREND,AT_HTF_LEVEL,RISK_OFF
  MARKET US100.cash  TRANSITION,COMPRESSION,AT_HTF_LEVEL,RISK_OFF
  MARKET US500.cash  WEAK_TREND,COMPRESSION,AT_HTF_LEVEL,RISK_OFF
  MARKET XAUUSD      WEAK_TREND,AT_HTF_LEVEL,RISK_OFF
  BOT_A_gold_0630_breakout: no trade -- no break: bid/ask 4343.47/4343.87 inside [4336.54, 4356.01], needs +12.14 up or -6.93 down
  BOT_B_nas100_usopen_breakout: NOT ELIGIBLE -- regime TRANSITION is structurally wrong for this bot
  BOT_C_sp500_london_breakout: no trade -- outside window: 07:27 London, opens 08:00 closes 16:30
  BOT_D_gold_ny_breakout: no trade -- outside window: 07:27 London, opens 14:30 closes 20:00
  BOT_E_eurusd_london_breakout: no trade -- outside window: 07:27 London, opens 08:00 closes 17:00
  BOT_F_nas100_vwap_reversion: NOT ELIGIBLE -- regime TRANSITION is structurally wrong for this bot
  BOT_G_nas100_h4_pullback: NOT ELIGIBLE -- regime TRANSITION is structurally wrong for this bot
  BOT_H_gold_sweep_reclaim: no trade -- no level swept and reclaimed in the last 15 minutes

  CIO: 0 candidate(s); 0 funded, 0.000% total risk

===== cycle 2026-08-19 06:28:02 UTC (host local 2026-08-18 23:28:02) =====
DEMO GATE OK -> 1514166963 FTMO-Demo equity 99430.84
  bar-vs-tick gap 2s (diagnostic only; freshness is decided by clock_state after exits and reconciliation)
PREFLIGHT OK -- account, clock, data, state, ledgers all verified
  CLOCK FEED_FRESH: feed advancing, age in band, host within tolerance
profit -0.51%  daily headroom 5.00%  total headroom 9.49%  trading days 2

  DESK CLOCK 2026-08-19 07:28 London (broker)
  MARKET EURUSD      STRONG_TREND,AT_HTF_LEVEL,RISK_OFF
  MARKET US100.cash  TRANSITION,COMPRESSION,AT_HTF_LEVEL,RISK_OFF
  MARKET US500.cash  WEAK_TREND,COMPRESSION,AT_HTF_LEVEL,RISK_OFF
  MARKET XAUUSD      WEAK_TREND,AT_HTF_LEVEL,RISK_OFF
  BOT_A_gold_0630_breakout: no trade -- no break: bid/ask 4342.00/4342.43 inside [4336.54, 4356.01], needs +13.58 up or -5.46 down
  BOT_B_nas100_usopen_breakout: NOT ELIGIBLE -- regime TRANSITION is structurally wrong for this bot
  BOT_C_sp500_london_breakout: no trade -- outside window: 07:28 London, opens 08:00 closes 16:30
  BOT_D_gold_ny_breakout: no trade -- outside window: 07:28 London, opens 14:30 closes 20:00
  BOT_E_eurusd_london_breakout: no trade -- outside window: 07:28 London, opens 08:00 closes 17:00
  BOT_F_nas100_vwap_reversion: NOT ELIGIBLE -- regime TRANSITION is structurally wrong for this bot
  BOT_G_nas100_h4_pullback: NOT ELIGIBLE -- regime TRANSITION is structurally wrong for this bot
  BOT_H_gold_sweep_reclaim: no trade -- no level swept and reclaimed in the last 15 minutes

  CIO: 0 candidate(s); 0 funded, 0.000% total risk

===== cycle 2026-08-19 06:29:02 UTC (host local 2026-08-18 23:29:02) =====
DEMO GATE OK -> 1514166963 FTMO-Demo equity 99430.84
  bar-vs-tick gap 2s (diagnostic only; freshness is decided by clock_state after exits and reconciliation)
PREFLIGHT OK -- account, clock, data, state, ledgers all verified
  CLOCK FEED_FRESH: feed advancing, age in band, host within tolerance
profit -0.51%  daily headroom 5.00%  total headroom 9.49%  trading days 2

  DESK CLOCK 2026-08-19 07:29 London (broker)
  MARKET EURUSD      STRONG_TREND,AT_HTF_LEVEL,RISK_OFF
  MARKET US100.cash  TRANSITION,COMPRESSION,AT_HTF_LEVEL,RISK_OFF
  MARKET US500.cash  WEAK_TREND,COMPRESSION,AT_HTF_LEVEL,RISK_OFF
  MARKET XAUUSD      WEAK_TREND,AT_HTF_LEVEL,RISK_OFF
  BOT_A_gold_0630_breakout: no trade -- no break: bid/ask 4340.98/4341.37 inside [4336.54, 4356.01], needs +14.64 up or -4.44 down
  BOT_B_nas100_usopen_breakout: NOT ELIGIBLE -- regime TRANSITION is structurally wrong for this bot
  BOT_C_sp500_london_breakout: no trade -- outside window: 07:29 London, opens 08:00 closes 16:30
  BOT_D_gold_ny_breakout: no trade -- outside window: 07:29 London, opens 14:30 closes 20:00
  BOT_E_eurusd_london_breakout: no trade -- outside window: 07:29 London, opens 08:00 closes 17:00
  BOT_F_nas100_vwap_reversion: NOT ELIGIBLE -- regime TRANSITION is structurally wrong for this bot
  BOT_G_nas100_h4_pullback: NOT ELIGIBLE -- regime TRANSITION is structurally wrong for this bot
  BOT_H_gold_sweep_reclaim: no trade -- no level swept and reclaimed in the last 15 minutes

  CIO: 0 candidate(s); 0 funded, 0.000% total risk

===== cycle 2026-08-19 06:30:02 UTC (host local 2026-08-18 23:30:02) =====
DEMO GATE OK -> 1514166963 FTMO-Demo equity 99430.84
  bar-vs-tick gap 3s (diagnostic only; freshness is decided by clock_state after exits and reconciliation)
PREFLIGHT OK -- account, clock, data, state, ledgers all verified
  CLOCK FEED_FRESH: feed advancing, age in band, host within tolerance
profit -0.51%  daily headroom 5.00%  total headroom 9.49%  trading days 2

  DESK CLOCK 2026-08-19 07:30 London (broker)
  MARKET EURUSD      STRONG_TREND,AT_HTF_LEVEL,RISK_OFF
  MARKET US100.cash  TRANSITION,COMPRESSION,AT_HTF_LEVEL,RISK_OFF
  MARKET US500.cash  WEAK_TREND,COMPRESSION,AT_HTF_LEVEL,RISK_OFF
  MARKET XAUUSD      WEAK_TREND,AT_HTF_LEVEL,RISK_OFF
  BOT_A_gold_0630_breakout: no trade -- no break: bid/ask 4342.92/4343.31 inside [4336.54, 4356.01], needs +12.70 up or -6.38 down
  BOT_B_nas100_usopen_breakout: NOT ELIGIBLE -- regime TRANSITION is structurally wrong for this bot
  BOT_C_sp500_london_breakout: no trade -- outside window: 07:30 London, opens 08:00 closes 16:30
  BOT_D_gold_ny_breakout: no trade -- outside window: 07:30 London, opens 14:30 closes 20:00
  BOT_E_eurusd_london_breakout: no trade -- outside window: 07:30 London, opens 08:00 closes 17:00
  BOT_F_nas100_vwap_reversion: NOT ELIGIBLE -- regime TRANSITION is structurally wrong for this bot
  BOT_G_nas100_h4_pullback: NOT ELIGIBLE -- regime TRANSITION is structurally wrong for this bot
  BOT_H_gold_sweep_reclaim: no trade -- no level swept and reclaimed in the last 15 minutes

  CIO: 0 candidate(s); 0 funded, 0.000% total risk

===== cycle 2026-08-19 06:31:02 UTC (host local 2026-08-18 23:31:02) =====
DEMO GATE OK -> 1514166963 FTMO-Demo equity 99430.84
  bar-vs-tick gap 2s (diagnostic only; freshness is decided by clock_state after exits and reconciliation)
PREFLIGHT OK -- account, clock, data, state, ledgers all verified
  CLOCK FEED_FRESH: feed advancing, age in band, host within tolerance
profit -0.51%  daily headroom 5.00%  total headroom 9.49%  trading days 2

  DESK CLOCK 2026-08-19 07:31 London (broker)
  MARKET EURUSD      STRONG_TREND,AT_HTF_LEVEL,RISK_OFF
  MARKET US100.cash  TRANSITION,COMPRESSION,AT_HTF_LEVEL,RISK_OFF
  MARKET US500.cash  WEAK_TREND,COMPRESSION,AT_HTF_LEVEL,RISK_OFF
  MARKET XAUUSD      WEAK_TREND,AT_HTF_LEVEL,RISK_OFF
  BOT_A_gold_0630_breakout: no trade -- no break: bid/ask 4339.75/4340.20 inside [4336.54, 4356.01], needs +15.81 up or -3.21 down
  BOT_B_nas100_usopen_breakout: NOT ELIGIBLE -- regime TRANSITION is structurally wrong for this bot
  BOT_C_sp500_london_breakout: no trade -- outside window: 07:31 London, opens 08:00 closes 16:30
  BOT_D_gold_ny_breakout: no trade -- outside window: 07:31 London, opens 14:30 closes 20:00
  BOT_E_eurusd_london_breakout: no trade -- outside window: 07:31 London, opens 08:00 closes 17:00
  BOT_F_nas100_vwap_reversion: NOT ELIGIBLE -- regime TRANSITION is structurally wrong for this bot
  BOT_G_nas100_h4_pullback: NOT ELIGIBLE -- regime TRANSITION is structurally wrong for this bot
  BOT_H_gold_sweep_reclaim: no trade -- no level swept and reclaimed in the last 15 minutes

  CIO: 0 candidate(s); 0 funded, 0.000% total risk

===== cycle 2026-08-19 06:32:02 UTC (host local 2026-08-18 23:32:02) =====
DEMO GATE OK -> 1514166963 FTMO-Demo equity 99430.84
  bar-vs-tick gap 3s (diagnostic only; freshness is decided by clock_state after exits and reconciliation)
PREFLIGHT OK -- account, clock, data, state, ledgers all verified
  CLOCK FEED_FRESH: feed advancing, age in band, host within tolerance
profit -0.51%  daily headroom 5.00%  total headroom 9.49%  trading days 2

  DESK CLOCK 2026-08-19 07:32 London (broker)
  MARKET EURUSD      STRONG_TREND,AT_HTF_LEVEL,RISK_OFF
  MARKET US100.cash  TRANSITION,COMPRESSION,AT_HTF_LEVEL,RISK_OFF
  MARKET US500.cash  WEAK_TREND,COMPRESSION,AT_HTF_LEVEL,RISK_OFF
  MARKET XAUUSD      WEAK_TREND,AT_HTF_LEVEL,RISK_OFF
  BOT_A_gold_0630_breakout: no trade -- no break: bid/ask 4337.67/4338.12 inside [4336.54, 4356.01], needs +17.89 up or -1.13 down
  BOT_B_nas100_usopen_breakout: NOT ELIGIBLE -- regime TRANSITION is structurally wrong for this bot
  BOT_C_sp500_london_breakout: no trade -- outside window: 07:32 London, opens 08:00 closes 16:30
  BOT_D_gold_ny_breakout: no trade -- outside window: 07:32 London, opens 14:30 closes 20:00
  BOT_E_eurusd_london_breakout: no trade -- outside window: 07:32 London, opens 08:00 closes 17:00
  BOT_F_nas100_vwap_reversion: NOT ELIGIBLE -- regime TRANSITION is structurally wrong for this bot
  BOT_G_nas100_h4_pullback: NOT ELIGIBLE -- regime TRANSITION is structurally wrong for this bot
  BOT_H_gold_sweep_reclaim: no trade -- no level swept and reclaimed in the last 15 minutes

  CIO: 0 candidate(s); 0 funded, 0.000% total risk

===== cycle 2026-08-19 06:33:02 UTC (host local 2026-08-18 23:33:02) =====
DEMO GATE OK -> 1514166963 FTMO-Demo equity 99430.84
  bar-vs-tick gap 2s (diagnostic only; freshness is decided by clock_state after exits and reconciliation)
PREFLIGHT OK -- account, clock, data, state, ledgers all verified
  CLOCK FEED_FRESH: feed advancing, age in band, host within tolerance
profit -0.51%  daily headroom 5.00%  total headroom 9.49%  trading days 2

  DESK CLOCK 2026-08-19 07:33 London (broker)
  MARKET EURUSD      STRONG_TREND,AT_HTF_LEVEL,RISK_OFF
  MARKET US100.cash  TRANSITION,COMPRESSION,AT_HTF_LEVEL,RISK_OFF
  MARKET US500.cash  WEAK_TREND,COMPRESSION,AT_HTF_LEVEL,RISK_OFF
  MARKET XAUUSD      WEAK_TREND,AT_HTF_LEVEL,RISK_OFF
  BOT_A_gold_0630_breakout: no trade -- no break: bid/ask 4338.23/4338.68 inside [4336.54, 4356.01], needs +17.33 up or -1.69 down
  BOT_B_nas100_usopen_breakout: NOT ELIGIBLE -- regime TRANSITION is structurally wrong for this bot
  BOT_C_sp500_london_breakout: no trade -- outside window: 07:33 London, opens 08:00 closes 16:30
  BOT_D_gold_ny_breakout: no trade -- outside window: 07:33 London, opens 14:30 closes 20:00
  BOT_E_eurusd_london_breakout: no trade -- outside window: 07:33 London, opens 08:00 closes 17:00
  BOT_F_nas100_vwap_reversion: NOT ELIGIBLE -- regime TRANSITION is structurally wrong for this bot
  BOT_G_nas100_h4_pullback: NOT ELIGIBLE -- regime TRANSITION is structurally wrong for this bot
  BOT_H_gold_sweep_reclaim: no trade -- no level swept and reclaimed in the last 15 minutes

  CIO: 0 candidate(s); 0 funded, 0.000% total risk

===== cycle 2026-08-19 06:34:02 UTC (host local 2026-08-18 23:34:02) =====
DEMO GATE OK -> 1514166963 FTMO-Demo equity 99430.84
  bar-vs-tick gap 2s (diagnostic only; freshness is decided by clock_state after exits and reconciliation)
PREFLIGHT OK -- account, clock, data, state, ledgers all verified
  CLOCK FEED_FRESH: feed advancing, age in band, host within tolerance
profit -0.51%  daily headroom 5.00%  total headroom 9.49%  trading days 2

  DESK CLOCK 2026-08-19 07:34 London (broker)
  MARKET EURUSD      STRONG_TREND,AT_HTF_LEVEL,RISK_OFF
  MARKET US100.cash  TRANSITION,COMPRESSION,AT_HTF_LEVEL,RISK_OFF
  MARKET US500.cash  WEAK_TREND,COMPRESSION,AT_HTF_LEVEL,RISK_OFF
  MARKET XAUUSD      WEAK_TREND,AT_HTF_LEVEL,RISK_OFF
  BOT_A_gold_0630_breakout: no trade -- no break: bid/ask 4339.51/4339.91 inside [4336.54, 4356.01], needs +16.10 up or -2.97 down
  BOT_B_nas100_usopen_breakout: NOT ELIGIBLE -- regime TRANSITION is structurally wrong for this bot
  BOT_C_sp500_london_breakout: no trade -- outside window: 07:34 London, opens 08:00 closes 16:30
  BOT_D_gold_ny_breakout: no trade -- outside window: 07:34 London, opens 14:30 closes 20:00
  BOT_E_eurusd_london_breakout: no trade -- outside window: 07:34 London, opens 08:00 closes 17:00
  BOT_F_nas100_vwap_reversion: NOT ELIGIBLE -- regime TRANSITION is structurally wrong for this bot
  BOT_G_nas100_h4_pullback: NOT ELIGIBLE -- regime TRANSITION is structurally wrong for this bot
  BOT_H_gold_sweep_reclaim: no trade -- no level swept and reclaimed in the last 15 minutes

  CIO: 0 candidate(s); 0 funded, 0.000% total risk

===== cycle 2026-08-19 06:35:02 UTC (host local 2026-08-18 23:35:02) =====
DEMO GATE OK -> 1514166963 FTMO-Demo equity 99430.84
  bar-vs-tick gap 2s (diagnostic only; freshness is decided by clock_state after exits and reconciliation)
PREFLIGHT OK -- account, clock, data, state, ledgers all verified
  CLOCK FEED_FRESH: feed advancing, age in band, host within tolerance
profit -0.51%  daily headroom 5.00%  total headroom 9.49%  trading days 2

  DESK CLOCK 2026-08-19 07:35 London (broker)
  MARKET EURUSD      STRONG_TREND,AT_HTF_LEVEL,RISK_OFF
  MARKET US100.cash  TRANSITION,COMPRESSION,AT_HTF_LEVEL,RISK_OFF
  MARKET US500.cash  WEAK_TREND,COMPRESSION,AT_HTF_LEVEL,RISK_OFF
  MARKET XAUUSD      WEAK_TREND,AT_HTF_LEVEL,RISK_OFF
  BOT_A_gold_0630_breakout: no trade -- no break: bid/ask 4338.67/4339.12 inside [4336.54, 4356.01], needs +16.89 up or -2.13 down
  BOT_B_nas100_usopen_breakout: NOT ELIGIBLE -- regime TRANSITION is structurally wrong for this bot
  BOT_C_sp500_london_breakout: no trade -- outside window: 07:35 London, opens 08:00 closes 16:30
  BOT_D_gold_ny_breakout: no trade -- outside window: 07:35 London, opens 14:30 closes 20:00
  BOT_E_eurusd_london_breakout: no trade -- outside window: 07:35 London, opens 08:00 closes 17:00
  BOT_F_nas100_vwap_reversion: NOT ELIGIBLE -- regime TRANSITION is structurally wrong for this bot
  BOT_G_nas100_h4_pullback: NOT ELIGIBLE -- regime TRANSITION is structurally wrong for this bot
  BOT_H_gold_sweep_reclaim: no trade -- no level swept and reclaimed in the last 15 minutes

  CIO: 0 candidate(s); 0 funded, 0.000% total risk

===== cycle 2026-08-19 06:36:02 UTC (host local 2026-08-18 23:36:02) =====
DEMO GATE OK -> 1514166963 FTMO-Demo equity 99430.84
  bar-vs-tick gap 2s (diagnostic only; freshness is decided by clock_state after exits and reconciliation)
PREFLIGHT OK -- account, clock, data, state, ledgers all verified
  CLOCK FEED_FRESH: feed advancing, age in band, host within tolerance
profit -0.51%  daily headroom 5.00%  total headroom 9.49%  trading days 2

  DESK CLOCK 2026-08-19 07:36 London (broker)
  MARKET EURUSD      STRONG_TREND,AT_HTF_LEVEL,RISK_OFF
  MARKET US100.cash  TRANSITION,COMPRESSION,AT_HTF_LEVEL,RISK_OFF
  MARKET US500.cash  WEAK_TREND,COMPRESSION,AT_HTF_LEVEL,RISK_OFF
  MARKET XAUUSD      WEAK_TREND,AT_HTF_LEVEL,RISK_OFF
  BOT_A_gold_0630_breakout: no trade -- no break: bid/ask 4339.57/4339.96 inside [4336.54, 4356.01], needs +16.05 up or -3.03 down
  BOT_B_nas100_usopen_breakout: NOT ELIGIBLE -- regime TRANSITION is structurally wrong for this bot
  BOT_C_sp500_london_breakout: no trade -- outside window: 07:36 London, opens 08:00 closes 16:30
  BOT_D_gold_ny_breakout: no trade -- outside window: 07:36 London, opens 14:30 closes 20:00
  BOT_E_eurusd_london_breakout: no trade -- outside window: 07:36 London, opens 08:00 closes 17:00
  BOT_F_nas100_vwap_reversion: NOT ELIGIBLE -- regime TRANSITION is structurally wrong for this bot
  BOT_G_nas100_h4_pullback: NOT ELIGIBLE -- regime TRANSITION is structurally wrong for this bot
  BOT_H_gold_sweep_reclaim: no trade -- no level swept and reclaimed in the last 15 minutes

  CIO: 0 candidate(s); 0 funded, 0.000% total risk

===== cycle 2026-08-19 06:37:02 UTC (host local 2026-08-18 23:37:02) =====
DEMO GATE OK -> 1514166963 FTMO-Demo equity 99430.84
  bar-vs-tick gap 2s (diagnostic only; freshness is decided by clock_state after exits and reconciliation)
PREFLIGHT OK -- account, clock, data, state, ledgers all verified
  CLOCK FEED_FRESH: feed advancing, age in band, host within tolerance
profit -0.51%  daily headroom 5.00%  total headroom 9.49%  trading days 2

  DESK CLOCK 2026-08-19 07:37 London (broker)
  MARKET EURUSD      STRONG_TREND,AT_HTF_LEVEL,RISK_OFF
  MARKET US100.cash  TRANSITION,COMPRESSION,AT_HTF_LEVEL,RISK_OFF
  MARKET US500.cash  WEAK_TREND,COMPRESSION,AT_HTF_LEVEL,RISK_OFF
  MARKET XAUUSD      WEAK_TREND,AT_HTF_LEVEL,RISK_OFF
  BOT_A_gold_0630_breakout: no trade -- no break: bid/ask 4342.02/4342.43 inside [4336.54, 4356.01], needs +13.58 up or -5.48 down
  BOT_B_nas100_usopen_breakout: NOT ELIGIBLE -- regime TRANSITION is structurally wrong for this bot
  BOT_C_sp500_london_breakout: no trade -- outside window: 07:37 London, opens 08:00 closes 16:30
  BOT_D_gold_ny_breakout: no trade -- outside window: 07:37 London, opens 14:30 closes 20:00
  BOT_E_eurusd_london_breakout: no trade -- outside window: 07:37 London, opens 08:00 closes 17:00
  BOT_F_nas100_vwap_reversion: NOT ELIGIBLE -- regime TRANSITION is structurally wrong for this bot
  BOT_G_nas100_h4_pullback: NOT ELIGIBLE -- regime TRANSITION is structurally wrong for this bot
  BOT_H_gold_sweep_reclaim: no trade -- no level swept and reclaimed in the last 15 minutes

  CIO: 0 candidate(s); 0 funded, 0.000% total risk

===== cycle 2026-08-19 06:38:01 UTC (host local 2026-08-18 23:38:01) =====
DEMO GATE OK -> 1514166963 FTMO-Demo equity 99430.84
  bar-vs-tick gap 1s (diagnostic only; freshness is decided by clock_state after exits and reconciliation)
PREFLIGHT OK -- account, clock, data, state, ledgers all verified
  CLOCK FEED_FRESH: feed advancing, age in band, host within tolerance
profit -0.51%  daily headroom 5.00%  total headroom 9.49%  trading days 2

  DESK CLOCK 2026-08-19 07:38 London (broker)
  MARKET EURUSD      STRONG_TREND,AT_HTF_LEVEL,RISK_OFF
  MARKET US100.cash  TRANSITION,COMPRESSION,AT_HTF_LEVEL,RISK_OFF
  MARKET US500.cash  WEAK_TREND,COMPRESSION,AT_HTF_LEVEL,RISK_OFF
  MARKET XAUUSD      WEAK_TREND,AT_HTF_LEVEL,RISK_OFF
  BOT_A_gold_0630_breakout: no trade -- no break: bid/ask 4344.58/4345.01 inside [4336.54, 4356.01], needs +11.00 up or -8.04 down
  BOT_B_nas100_usopen_breakout: NOT ELIGIBLE -- regime TRANSITION is structurally wrong for this bot
  BOT_C_sp500_london_breakout: no trade -- outside window: 07:38 London, opens 08:00 closes 16:30
  BOT_D_gold_ny_breakout: no trade -- outside window: 07:38 London, opens 14:30 closes 20:00
  BOT_E_eurusd_london_breakout: no trade -- outside window: 07:38 London, opens 08:00 closes 17:00
  BOT_F_nas100_vwap_reversion: NOT ELIGIBLE -- regime TRANSITION is structurally wrong for this bot
  BOT_G_nas100_h4_pullback: NOT ELIGIBLE -- regime TRANSITION is structurally wrong for this bot
  BOT_H_gold_sweep_reclaim: no trade -- no level swept and reclaimed in the last 15 minutes

  CIO: 0 candidate(s); 0 funded, 0.000% total risk

===== cycle 2026-08-19 06:39:01 UTC (host local 2026-08-18 23:39:01) =====
DEMO GATE OK -> 1514166963 FTMO-Demo equity 99430.84
  bar-vs-tick gap 1s (diagnostic only; freshness is decided by clock_state after exits and reconciliation)
PREFLIGHT OK -- account, clock, data, state, ledgers all verified
  CLOCK FEED_FRESH: feed advancing, age in band, host within tolerance
profit -0.51%  daily headroom 5.00%  total headroom 9.49%  trading days 2

  DESK CLOCK 2026-08-19 07:39 London (broker)
  MARKET EURUSD      STRONG_TREND,AT_HTF_LEVEL,RISK_OFF
  MARKET US100.cash  TRANSITION,COMPRESSION,AT_HTF_LEVEL,RISK_OFF
  MARKET US500.cash  WEAK_TREND,COMPRESSION,AT_HTF_LEVEL,RISK_OFF
  MARKET XAUUSD      WEAK_TREND,AT_HTF_LEVEL,RISK_OFF
  BOT_A_gold_0630_breakout: no trade -- no break: bid/ask 4342.89/4343.26 inside [4336.54, 4356.01], needs +12.75 up or -6.35 down
  BOT_B_nas100_usopen_breakout: NOT ELIGIBLE -- regime TRANSITION is structurally wrong for this bot
  BOT_C_sp500_london_breakout: no trade -- outside window: 07:39 London, opens 08:00 closes 16:30
  BOT_D_gold_ny_breakout: no trade -- outside window: 07:39 London, opens 14:30 closes 20:00
  BOT_E_eurusd_london_breakout: no trade -- outside window: 07:39 London, opens 08:00 closes 17:00
  BOT_F_nas100_vwap_reversion: NOT ELIGIBLE -- regime TRANSITION is structurally wrong for this bot
  BOT_G_nas100_h4_pullback: NOT ELIGIBLE -- regime TRANSITION is structurally wrong for this bot
  BOT_H_gold_sweep_reclaim: no trade -- no level swept and reclaimed in the last 15 minutes

  CIO: 0 candidate(s); 0 funded, 0.000% total risk

===== cycle 2026-08-19 06:40:01 UTC (host local 2026-08-18 23:40:01) =====
DEMO GATE OK -> 1514166963 FTMO-Demo equity 99430.84
  bar-vs-tick gap 1s (diagnostic only; freshness is decided by clock_state after exits and reconciliation)
PREFLIGHT OK -- account, clock, data, state, ledgers all verified
  CLOCK FEED_FRESH: feed advancing, age in band, host within tolerance
profit -0.51%  daily headroom 5.00%  total headroom 9.49%  trading days 2

  DESK CLOCK 2026-08-19 07:40 London (broker)
  MARKET EURUSD      STRONG_TREND,AT_HTF_LEVEL,RISK_OFF
  MARKET US100.cash  TRANSITION,COMPRESSION,AT_HTF_LEVEL,RISK_OFF
  MARKET US500.cash  WEAK_TREND,COMPRESSION,AT_HTF_LEVEL,RISK_OFF
  MARKET XAUUSD      WEAK_TREND,AT_HTF_LEVEL,RISK_OFF
  BOT_A_gold_0630_breakout: no trade -- no break: bid/ask 4343.59/4343.96 inside [4336.54, 4356.01], needs +12.05 up or -7.05 down
  BOT_B_nas100_usopen_breakout: NOT ELIGIBLE -- regime TRANSITION is structurally wrong for this bot
  BOT_C_sp500_london_breakout: no trade -- outside window: 07:40 London, opens 08:00 closes 16:30
  BOT_D_gold_ny_breakout: no trade -- outside window: 07:40 London, opens 14:30 closes 20:00
  BOT_E_eurusd_london_breakout: no trade -- outside window: 07:40 London, opens 08:00 closes 17:00
  BOT_F_nas100_vwap_reversion: NOT ELIGIBLE -- regime TRANSITION is structurally wrong for this bot
  BOT_G_nas100_h4_pullback: NOT ELIGIBLE -- regime TRANSITION is structurally wrong for this bot
  BOT_H_gold_sweep_reclaim: no trade -- no level swept and reclaimed in the last 15 minutes

  CIO: 0 candidate(s); 0 funded, 0.000% total risk

===== cycle 2026-08-19 06:41:01 UTC (host local 2026-08-18 23:41:01) =====
DEMO GATE OK -> 1514166963 FTMO-Demo equity 99430.84
  bar-vs-tick gap 1s (diagnostic only; freshness is decided by clock_state after exits and reconciliation)
PREFLIGHT OK -- account, clock, data, state, ledgers all verified
  CLOCK FEED_FRESH: feed advancing, age in band, host within tolerance
profit -0.51%  daily headroom 5.00%  total headroom 9.49%  trading days 2

  DESK CLOCK 2026-08-19 07:41 London (broker)
  MARKET EURUSD      STRONG_TREND,AT_HTF_LEVEL,RISK_OFF
  MARKET US100.cash  TRANSITION,COMPRESSION,AT_HTF_LEVEL,RISK_OFF
  MARKET US500.cash  WEAK_TREND,COMPRESSION,AT_HTF_LEVEL,RISK_OFF
  MARKET XAUUSD      WEAK_TREND,AT_HTF_LEVEL,RISK_OFF
  BOT_A_gold_0630_breakout: no trade -- no break: bid/ask 4343.14/4343.55 inside [4336.54, 4356.01], needs +12.46 up or -6.60 down
  BOT_B_nas100_usopen_breakout: NOT ELIGIBLE -- regime TRANSITION is structurally wrong for this bot
  BOT_C_sp500_london_breakout: no trade -- outside window: 07:41 London, opens 08:00 closes 16:30
  BOT_D_gold_ny_breakout: no trade -- outside window: 07:41 London, opens 14:30 closes 20:00
  BOT_E_eurusd_london_breakout: no trade -- outside window: 07:41 London, opens 08:00 closes 17:00
  BOT_F_nas100_vwap_reversion: NOT ELIGIBLE -- regime TRANSITION is structurally wrong for this bot
  BOT_G_nas100_h4_pullback: NOT ELIGIBLE -- regime TRANSITION is structurally wrong for this bot
  BOT_H_gold_sweep_reclaim: no trade -- no level swept and reclaimed in the last 15 minutes

  CIO: 0 candidate(s); 0 funded, 0.000% total risk

===== cycle 2026-08-19 06:42:01 UTC (host local 2026-08-18 23:42:01) =====
DEMO GATE OK -> 1514166963 FTMO-Demo equity 99430.84
  bar-vs-tick gap 1s (diagnostic only; freshness is decided by clock_state after exits and reconciliation)
PREFLIGHT OK -- account, clock, data, state, ledgers all verified
  CLOCK FEED_FRESH: feed advancing, age in band, host within tolerance
profit -0.51%  daily headroom 5.00%  total headroom 9.49%  trading days 2

  DESK CLOCK 2026-08-19 07:42 London (broker)
  MARKET EURUSD      STRONG_TREND,AT_HTF_LEVEL,RISK_OFF
  MARKET US100.cash  TRANSITION,COMPRESSION,AT_HTF_LEVEL,RISK_OFF
  MARKET US500.cash  WEAK_TREND,COMPRESSION,AT_HTF_LEVEL,RISK_OFF
  MARKET XAUUSD      WEAK_TREND,AT_HTF_LEVEL,RISK_OFF
  BOT_A_gold_0630_breakout: no trade -- no break: bid/ask 4341.87/4342.32 inside [4336.54, 4356.01], needs +13.69 up or -5.33 down
  BOT_B_nas100_usopen_breakout: NOT ELIGIBLE -- regime TRANSITION is structurally wrong for this bot
  BOT_C_sp500_london_breakout: no trade -- outside window: 07:42 London, opens 08:00 closes 16:30
  BOT_D_gold_ny_breakout: no trade -- outside window: 07:42 London, opens 14:30 closes 20:00
  BOT_E_eurusd_london_breakout: no trade -- outside window: 07:42 London, opens 08:00 closes 17:00
  BOT_F_nas100_vwap_reversion: NOT ELIGIBLE -- regime TRANSITION is structurally wrong for this bot
  BOT_G_nas100_h4_pullback: NOT ELIGIBLE -- regime TRANSITION is structurally wrong for this bot
  BOT_H_gold_sweep_reclaim: no trade -- no level swept and reclaimed in the last 15 minutes

  CIO: 0 candidate(s); 0 funded, 0.000% total risk

===== cycle 2026-08-19 06:43:01 UTC (host local 2026-08-18 23:43:01) =====
DEMO GATE OK -> 1514166963 FTMO-Demo equity 99430.84
  bar-vs-tick gap 1s (diagnostic only; freshness is decided by clock_state after exits and reconciliation)
PREFLIGHT OK -- account, clock, data, state, ledgers all verified
  CLOCK FEED_FRESH: feed advancing, age in band, host within tolerance
profit -0.51%  daily headroom 5.00%  total headroom 9.49%  trading days 2

  DESK CLOCK 2026-08-19 07:43 London (broker)
  MARKET EURUSD      STRONG_TREND,AT_HTF_LEVEL,RISK_OFF
  MARKET US100.cash  TRANSITION,COMPRESSION,AT_HTF_LEVEL,RISK_OFF
  MARKET US500.cash  WEAK_TREND,COMPRESSION,AT_HTF_LEVEL,RISK_OFF
  MARKET XAUUSD      WEAK_TREND,AT_HTF_LEVEL,RISK_OFF
  BOT_A_gold_0630_breakout: no trade -- no break: bid/ask 4342.37/4342.77 inside [4336.54, 4356.01], needs +13.24 up or -5.83 down
  BOT_B_nas100_usopen_breakout: NOT ELIGIBLE -- regime TRANSITION is structurally wrong for this bot
  BOT_C_sp500_london_breakout: no trade -- outside window: 07:43 London, opens 08:00 closes 16:30
  BOT_D_gold_ny_breakout: no trade -- outside window: 07:43 London, opens 14:30 closes 20:00
  BOT_E_eurusd_london_breakout: no trade -- outside window: 07:43 London, opens 08:00 closes 17:00
  BOT_F_nas100_vwap_reversion: NOT ELIGIBLE -- regime TRANSITION is structurally wrong for this bot
  BOT_G_nas100_h4_pullback: NOT ELIGIBLE -- regime TRANSITION is structurally wrong for this bot
  BOT_H_gold_sweep_reclaim: no trade -- no level swept and reclaimed in the last 15 minutes

  CIO: 0 candidate(s); 0 funded, 0.000% total risk

===== cycle 2026-08-19 06:44:01 UTC (host local 2026-08-18 23:44:01) =====
DEMO GATE OK -> 1514166963 FTMO-Demo equity 99430.84
  bar-vs-tick gap 1s (diagnostic only; freshness is decided by clock_state after exits and reconciliation)
PREFLIGHT OK -- account, clock, data, state, ledgers all verified
  CLOCK FEED_FRESH: feed advancing, age in band, host within tolerance
profit -0.51%  daily headroom 5.00%  total headroom 9.49%  trading days 2

  DESK CLOCK 2026-08-19 07:44 London (broker)
  MARKET EURUSD      STRONG_TREND,AT_HTF_LEVEL,RISK_OFF
  MARKET US100.cash  TRANSITION,COMPRESSION,AT_HTF_LEVEL,RISK_OFF
  MARKET US500.cash  WEAK_TREND,COMPRESSION,AT_HTF_LEVEL,RISK_OFF
  MARKET XAUUSD      WEAK_TREND,AT_HTF_LEVEL,RISK_OFF
  BOT_A_gold_0630_breakout: no trade -- no break: bid/ask 4343.04/4343.41 inside [4336.54, 4356.01], needs +12.60 up or -6.50 down
  BOT_B_nas100_usopen_breakout: NOT ELIGIBLE -- regime TRANSITION is structurally wrong for this bot
  BOT_C_sp500_london_breakout: no trade -- outside window: 07:44 London, opens 08:00 closes 16:30
  BOT_D_gold_ny_breakout: no trade -- outside window: 07:44 London, opens 14:30 closes 20:00
  BOT_E_eurusd_london_breakout: no trade -- outside window: 07:44 London, opens 08:00 closes 17:00
  BOT_F_nas100_vwap_reversion: NOT ELIGIBLE -- regime TRANSITION is structurally wrong for this bot
  BOT_G_nas100_h4_pullback: NOT ELIGIBLE -- regime TRANSITION is structurally wrong for this bot
  BOT_H_gold_sweep_reclaim: no trade -- no level swept and reclaimed in the last 15 minutes

  CIO: 0 candidate(s); 0 funded, 0.000% total risk

===== cycle 2026-08-19 06:45:01 UTC (host local 2026-08-18 23:45:01) =====
DEMO GATE OK -> 1514166963 FTMO-Demo equity 99430.84
  bar-vs-tick gap 1s (diagnostic only; freshness is decided by clock_state after exits and reconciliation)
PREFLIGHT OK -- account, clock, data, state, ledgers all verified
  CLOCK FEED_FRESH: feed advancing, age in band, host within tolerance
profit -0.51%  daily headroom 5.00%  total headroom 9.49%  trading days 2

  DESK CLOCK 2026-08-19 07:45 London (broker)
  MARKET EURUSD      STRONG_TREND,AT_HTF_LEVEL,RISK_OFF
  MARKET US100.cash  TRANSITION,COMPRESSION,AT_HTF_LEVEL,RISK_OFF
  MARKET US500.cash  WEAK_TREND,COMPRESSION,AT_HTF_LEVEL,RISK_OFF
  MARKET XAUUSD      WEAK_TREND,AT_HTF_LEVEL,RISK_OFF
  BOT_A_gold_0630_breakout: no trade -- no break: bid/ask 4341.38/4341.76 inside [4336.54, 4356.01], needs +14.25 up or -4.84 down
  BOT_B_nas100_usopen_breakout: NOT ELIGIBLE -- regime TRANSITION is structurally wrong for this bot
  BOT_C_sp500_london_breakout: no trade -- outside window: 07:45 London, opens 08:00 closes 16:30
  BOT_D_gold_ny_breakout: no trade -- outside window: 07:45 London, opens 14:30 closes 20:00
  BOT_E_eurusd_london_breakout: no trade -- outside window: 07:45 London, opens 08:00 closes 17:00
  BOT_F_nas100_vwap_reversion: NOT ELIGIBLE -- regime TRANSITION is structurally wrong for this bot
  BOT_G_nas100_h4_pullback: NOT ELIGIBLE -- regime TRANSITION is structurally wrong for this bot
  BOT_H_gold_sweep_reclaim: no trade -- no level swept and reclaimed in the last 15 minutes

  CIO: 0 candidate(s); 0 funded, 0.000% total risk

===== cycle 2026-08-19 06:46:01 UTC (host local 2026-08-18 23:46:01) =====
DEMO GATE OK -> 1514166963 FTMO-Demo equity 99430.84
  bar-vs-tick gap 2s (diagnostic only; freshness is decided by clock_state after exits and reconciliation)
PREFLIGHT OK -- account, clock, data, state, ledgers all verified
  CLOCK FEED_FRESH: feed advancing, age in band, host within tolerance
profit -0.51%  daily headroom 5.00%  total headroom 9.49%  trading days 2

  DESK CLOCK 2026-08-19 07:46 London (broker)
  MARKET EURUSD      STRONG_TREND,AT_HTF_LEVEL,RISK_OFF
  MARKET US100.cash  TRANSITION,COMPRESSION,AT_HTF_LEVEL,RISK_OFF
  MARKET US500.cash  WEAK_TREND,COMPRESSION,AT_HTF_LEVEL,RISK_OFF
  MARKET XAUUSD      WEAK_TREND,AT_HTF_LEVEL,RISK_OFF
  BOT_A_gold_0630_breakout: no trade -- no break: bid/ask 4341.58/4341.96 inside [4336.54, 4356.01], needs +14.05 up or -5.04 down
  BOT_B_nas100_usopen_breakout: NOT ELIGIBLE -- regime TRANSITION is structurally wrong for this bot
  BOT_C_sp500_london_breakout: no trade -- outside window: 07:46 London, opens 08:00 closes 16:30
  BOT_D_gold_ny_breakout: no trade -- outside window: 07:46 London, opens 14:30 closes 20:00
  BOT_E_eurusd_london_breakout: no trade -- outside window: 07:46 London, opens 08:00 closes 17:00
  BOT_F_nas100_vwap_reversion: NOT ELIGIBLE -- regime TRANSITION is structurally wrong for this bot
  BOT_G_nas100_h4_pullback: NOT ELIGIBLE -- regime TRANSITION is structurally wrong for this bot
  BOT_H_gold_sweep_reclaim: no trade -- no level swept and reclaimed in the last 15 minutes

  CIO: 0 candidate(s); 0 funded, 0.000% total risk

===== cycle 2026-08-19 06:47:01 UTC (host local 2026-08-18 23:47:01) =====
DEMO GATE OK -> 1514166963 FTMO-Demo equity 99430.84
  bar-vs-tick gap 1s (diagnostic only; freshness is decided by clock_state after exits and reconciliation)
PREFLIGHT OK -- account, clock, data, state, ledgers all verified
  CLOCK FEED_FRESH: feed advancing, age in band, host within tolerance
profit -0.51%  daily headroom 5.00%  total headroom 9.49%  trading days 2

  DESK CLOCK 2026-08-19 07:47 London (broker)
  MARKET EURUSD      STRONG_TREND,AT_HTF_LEVEL,RISK_OFF
  MARKET US100.cash  TRANSITION,COMPRESSION,AT_HTF_LEVEL,RISK_OFF
  MARKET US500.cash  WEAK_TREND,COMPRESSION,AT_HTF_LEVEL,RISK_OFF
  MARKET XAUUSD      WEAK_TREND,AT_HTF_LEVEL,RISK_OFF
  BOT_A_gold_0630_breakout: no trade -- no break: bid/ask 4342.76/4343.21 inside [4336.54, 4356.01], needs +12.80 up or -6.22 down
  BOT_B_nas100_usopen_breakout: NOT ELIGIBLE -- regime TRANSITION is structurally wrong for this bot
  BOT_C_sp500_london_breakout: no trade -- outside window: 07:47 London, opens 08:00 closes 16:30
  BOT_D_gold_ny_breakout: no trade -- outside window: 07:47 London, opens 14:30 closes 20:00
  BOT_E_eurusd_london_breakout: no trade -- outside window: 07:47 London, opens 08:00 closes 17:00
  BOT_F_nas100_vwap_reversion: NOT ELIGIBLE -- regime TRANSITION is structurally wrong for this bot
  BOT_G_nas100_h4_pullback: NOT ELIGIBLE -- regime TRANSITION is structurally wrong for this bot
  BOT_H_gold_sweep_reclaim: no trade -- no level swept and reclaimed in the last 15 minutes

  CIO: 0 candidate(s); 0 funded, 0.000% total risk

===== cycle 2026-08-19 06:48:01 UTC (host local 2026-08-18 23:48:01) =====
DEMO GATE OK -> 1514166963 FTMO-Demo equity 99430.84
  bar-vs-tick gap 1s (diagnostic only; freshness is decided by clock_state after exits and reconciliation)
PREFLIGHT OK -- account, clock, data, state, ledgers all verified
  CLOCK FEED_FRESH: feed advancing, age in band, host within tolerance
profit -0.51%  daily headroom 5.00%  total headroom 9.49%  trading days 2

  DESK CLOCK 2026-08-19 07:48 London (broker)
  MARKET EURUSD      STRONG_TREND,AT_HTF_LEVEL,RISK_OFF
  MARKET US100.cash  TRANSITION,COMPRESSION,AT_HTF_LEVEL,RISK_OFF
  MARKET US500.cash  WEAK_TREND,COMPRESSION,AT_HTF_LEVEL,RISK_OFF
  MARKET XAUUSD      WEAK_TREND,AT_HTF_LEVEL,RISK_OFF
  BOT_A_gold_0630_breakout: no trade -- no break: bid/ask 4343.16/4343.59 inside [4336.54, 4356.01], needs +12.42 up or -6.62 down
  BOT_B_nas100_usopen_breakout: NOT ELIGIBLE -- regime TRANSITION is structurally wrong for this bot
  BOT_C_sp500_london_breakout: no trade -- outside window: 07:48 London, opens 08:00 closes 16:30
  BOT_D_gold_ny_breakout: no trade -- outside window: 07:48 London, opens 14:30 closes 20:00
  BOT_E_eurusd_london_breakout: no trade -- outside window: 07:48 London, opens 08:00 closes 17:00
  BOT_F_nas100_vwap_reversion: NOT ELIGIBLE -- regime TRANSITION is structurally wrong for this bot
  BOT_G_nas100_h4_pullback: NOT ELIGIBLE -- regime TRANSITION is structurally wrong for this bot
  BOT_H_gold_sweep_reclaim: no trade -- no level swept and reclaimed in the last 15 minutes

  CIO: 0 candidate(s); 0 funded, 0.000% total risk

===== cycle 2026-08-19 06:49:01 UTC (host local 2026-08-18 23:49:01) =====
DEMO GATE OK -> 1514166963 FTMO-Demo equity 99430.84
  bar-vs-tick gap 2s (diagnostic only; freshness is decided by clock_state after exits and reconciliation)
PREFLIGHT OK -- account, clock, data, state, ledgers all verified
  CLOCK FEED_FRESH: feed advancing, age in band, host within tolerance
profit -0.51%  daily headroom 5.00%  total headroom 9.49%  trading days 2

  DESK CLOCK 2026-08-19 07:49 London (broker)
  MARKET EURUSD      STRONG_TREND,AT_HTF_LEVEL,RISK_OFF
  MARKET US100.cash  TRANSITION,COMPRESSION,AT_HTF_LEVEL,RISK_OFF
  MARKET US500.cash  WEAK_TREND,COMPRESSION,AT_HTF_LEVEL,RISK_OFF
  MARKET XAUUSD      WEAK_TREND,AT_HTF_LEVEL,RISK_OFF
  BOT_A_gold_0630_breakout: no trade -- no break: bid/ask 4343.15/4343.60 inside [4336.54, 4356.01], needs +12.41 up or -6.61 down
  BOT_B_nas100_usopen_breakout: NOT ELIGIBLE -- regime TRANSITION is structurally wrong for this bot
  BOT_C_sp500_london_breakout: no trade -- outside window: 07:49 London, opens 08:00 closes 16:30
  BOT_D_gold_ny_breakout: no trade -- outside window: 07:49 London, opens 14:30 closes 20:00
  BOT_E_eurusd_london_breakout: no trade -- outside window: 07:49 London, opens 08:00 closes 17:00
  BOT_F_nas100_vwap_reversion: NOT ELIGIBLE -- regime TRANSITION is structurally wrong for this bot
  BOT_G_nas100_h4_pullback: NOT ELIGIBLE -- regime TRANSITION is structurally wrong for this bot
  BOT_H_gold_sweep_reclaim: no trade -- no level swept and reclaimed in the last 15 minutes

  CIO: 0 candidate(s); 0 funded, 0.000% total risk

===== cycle 2026-08-19 06:50:01 UTC (host local 2026-08-18 23:50:01) =====
DEMO GATE OK -> 1514166963 FTMO-Demo equity 99430.84
  bar-vs-tick gap 1s (diagnostic only; freshness is decided by clock_state after exits and reconciliation)
PREFLIGHT OK -- account, clock, data, state, ledgers all verified
  CLOCK FEED_FRESH: feed advancing, age in band, host within tolerance
profit -0.51%  daily headroom 5.00%  total headroom 9.49%  trading days 2

  DESK CLOCK 2026-08-19 07:50 London (broker)
  MARKET EURUSD      STRONG_TREND,AT_HTF_LEVEL,RISK_OFF
  MARKET US100.cash  TRANSITION,COMPRESSION,AT_HTF_LEVEL,RISK_OFF
  MARKET US500.cash  WEAK_TREND,COMPRESSION,AT_HTF_LEVEL,RISK_OFF
  MARKET XAUUSD      WEAK_TREND,AT_HTF_LEVEL,RISK_OFF
  BOT_A_gold_0630_breakout: no trade -- no break: bid/ask 4344.17/4344.62 inside [4336.54, 4356.01], needs +11.39 up or -7.63 down
  BOT_B_nas100_usopen_breakout: NOT ELIGIBLE -- regime TRANSITION is structurally wrong for this bot
  BOT_C_sp500_london_breakout: no trade -- outside window: 07:50 London, opens 08:00 closes 16:30
  BOT_D_gold_ny_breakout: no trade -- outside window: 07:50 London, opens 14:30 closes 20:00
  BOT_E_eurusd_london_breakout: no trade -- outside window: 07:50 London, opens 08:00 closes 17:00
  BOT_F_nas100_vwap_reversion: NOT ELIGIBLE -- regime TRANSITION is structurally wrong for this bot
  BOT_G_nas100_h4_pullback: NOT ELIGIBLE -- regime TRANSITION is structurally wrong for this bot
  BOT_H_gold_sweep_reclaim: no trade -- no level swept and reclaimed in the last 15 minutes

  CIO: 0 candidate(s); 0 funded, 0.000% total risk

===== cycle 2026-08-19 06:51:01 UTC (host local 2026-08-18 23:51:01) =====
DEMO GATE OK -> 1514166963 FTMO-Demo equity 99430.84
  bar-vs-tick gap 1s (diagnostic only; freshness is decided by clock_state after exits and reconciliation)
PREFLIGHT OK -- account, clock, data, state, ledgers all verified
  CLOCK FEED_FRESH: feed advancing, age in band, host within tolerance
profit -0.51%  daily headroom 5.00%  total headroom 9.49%  trading days 2

  DESK CLOCK 2026-08-19 07:51 London (broker)
  MARKET EURUSD      STRONG_TREND,AT_HTF_LEVEL,RISK_OFF
  MARKET US100.cash  TRANSITION,COMPRESSION,AT_HTF_LEVEL,RISK_OFF
  MARKET US500.cash  WEAK_TREND,COMPRESSION,AT_HTF_LEVEL,RISK_OFF
  MARKET XAUUSD      WEAK_TREND,AT_HTF_LEVEL,RISK_OFF
  BOT_A_gold_0630_breakout: no trade -- no break: bid/ask 4344.95/4345.33 inside [4336.54, 4356.01], needs +10.68 up or -8.41 down
  BOT_B_nas100_usopen_breakout: NOT ELIGIBLE -- regime TRANSITION is structurally wrong for this bot
  BOT_C_sp500_london_breakout: no trade -- outside window: 07:51 London, opens 08:00 closes 16:30
  BOT_D_gold_ny_breakout: no trade -- outside window: 07:51 London, opens 14:30 closes 20:00
  BOT_E_eurusd_london_breakout: no trade -- outside window: 07:51 London, opens 08:00 closes 17:00
  BOT_F_nas100_vwap_reversion: NOT ELIGIBLE -- regime TRANSITION is structurally wrong for this bot
  BOT_G_nas100_h4_pullback: NOT ELIGIBLE -- regime TRANSITION is structurally wrong for this bot
  BOT_H_gold_sweep_reclaim: no trade -- no level swept and reclaimed in the last 15 minutes

  CIO: 0 candidate(s); 0 funded, 0.000% total risk

===== cycle 2026-08-19 06:52:01 UTC (host local 2026-08-18 23:52:01) =====
DEMO GATE OK -> 1514166963 FTMO-Demo equity 99430.84
  bar-vs-tick gap 1s (diagnostic only; freshness is decided by clock_state after exits and reconciliation)
PREFLIGHT OK -- account, clock, data, state, ledgers all verified
  CLOCK FEED_FRESH: feed advancing, age in band, host within tolerance
profit -0.51%  daily headroom 5.00%  total headroom 9.49%  trading days 2

  DESK CLOCK 2026-08-19 07:52 London (broker)
  MARKET EURUSD      STRONG_TREND,AT_HTF_LEVEL,RISK_OFF
  MARKET US100.cash  TRANSITION,COMPRESSION,AT_HTF_LEVEL,RISK_OFF
  MARKET US500.cash  WEAK_TREND,COMPRESSION,AT_HTF_LEVEL,RISK_OFF
  MARKET XAUUSD      WEAK_TREND,AT_HTF_LEVEL,RISK_OFF
  BOT_A_gold_0630_breakout: no trade -- no break: bid/ask 4345.62/4346.02 inside [4336.54, 4356.01], needs +9.99 up or -9.08 down
  BOT_B_nas100_usopen_breakout: NOT ELIGIBLE -- regime TRANSITION is structurally wrong for this bot
  BOT_C_sp500_london_breakout: no trade -- outside window: 07:52 London, opens 08:00 closes 16:30
  BOT_D_gold_ny_breakout: no trade -- outside window: 07:52 London, opens 14:30 closes 20:00
  BOT_E_eurusd_london_breakout: no trade -- outside window: 07:52 London, opens 08:00 closes 17:00
  BOT_F_nas100_vwap_reversion: NOT ELIGIBLE -- regime TRANSITION is structurally wrong for this bot
  BOT_G_nas100_h4_pullback: NOT ELIGIBLE -- regime TRANSITION is structurally wrong for this bot
  BOT_H_gold_sweep_reclaim: no trade -- no level swept and reclaimed in the last 15 minutes

  CIO: 0 candidate(s); 0 funded, 0.000% total risk

===== cycle 2026-08-19 06:53:01 UTC (host local 2026-08-18 23:53:01) =====
DEMO GATE OK -> 1514166963 FTMO-Demo equity 99430.84
  bar-vs-tick gap 1s (diagnostic only; freshness is decided by clock_state after exits and reconciliation)
PREFLIGHT OK -- account, clock, data, state, ledgers all verified
  CLOCK FEED_FRESH: feed advancing, age in band, host within tolerance
profit -0.51%  daily headroom 5.00%  total headroom 9.49%  trading days 2

  DESK CLOCK 2026-08-19 07:53 London (broker)
  MARKET EURUSD      STRONG_TREND,AT_HTF_LEVEL,RISK_OFF
  MARKET US100.cash  TRANSITION,COMPRESSION,AT_HTF_LEVEL,RISK_OFF
  MARKET US500.cash  WEAK_TREND,COMPRESSION,AT_HTF_LEVEL,RISK_OFF
  MARKET XAUUSD      WEAK_TREND,AT_HTF_LEVEL,RISK_OFF
  BOT_A_gold_0630_breakout: no trade -- no break: bid/ask 4346.02/4346.39 inside [4336.54, 4356.01], needs +9.62 up or -9.48 down
  BOT_B_nas100_usopen_breakout: NOT ELIGIBLE -- regime TRANSITION is structurally wrong for this bot
  BOT_C_sp500_london_breakout: no trade -- outside window: 07:53 London, opens 08:00 closes 16:30
  BOT_D_gold_ny_breakout: no trade -- outside window: 07:53 London, opens 14:30 closes 20:00
  BOT_E_eurusd_london_breakout: no trade -- outside window: 07:53 London, opens 08:00 closes 17:00
  BOT_F_nas100_vwap_reversion: NOT ELIGIBLE -- regime TRANSITION is structurally wrong for this bot
  BOT_G_nas100_h4_pullback: NOT ELIGIBLE -- regime TRANSITION is structurally wrong for this bot
  BOT_H_gold_sweep_reclaim: no trade -- no level swept and reclaimed in the last 15 minutes

  CIO: 0 candidate(s); 0 funded, 0.000% total risk

===== cycle 2026-08-19 06:54:01 UTC (host local 2026-08-18 23:54:01) =====
DEMO GATE OK -> 1514166963 FTMO-Demo equity 99430.84
  bar-vs-tick gap 2s (diagnostic only; freshness is decided by clock_state after exits and reconciliation)
PREFLIGHT OK -- account, clock, data, state, ledgers all verified
  CLOCK FEED_FRESH: feed advancing, age in band, host within tolerance
profit -0.51%  daily headroom 5.00%  total headroom 9.49%  trading days 2

  DESK CLOCK 2026-08-19 07:54 London (broker)
  MARKET EURUSD      STRONG_TREND,AT_HTF_LEVEL,RISK_OFF
  MARKET US100.cash  TRANSITION,COMPRESSION,AT_HTF_LEVEL,RISK_OFF
  MARKET US500.cash  WEAK_TREND,COMPRESSION,AT_HTF_LEVEL,RISK_OFF
  MARKET XAUUSD      WEAK_TREND,AT_HTF_LEVEL,RISK_OFF
  BOT_A_gold_0630_breakout: no trade -- no break: bid/ask 4347.14/4347.51 inside [4336.54, 4356.01], needs +8.50 up or -10.60 down
  BOT_B_nas100_usopen_breakout: NOT ELIGIBLE -- regime TRANSITION is structurally wrong for this bot
  BOT_C_sp500_london_breakout: no trade -- outside window: 07:54 London, opens 08:00 closes 16:30
  BOT_D_gold_ny_breakout: no trade -- outside window: 07:54 London, opens 14:30 closes 20:00
  BOT_E_eurusd_london_breakout: no trade -- outside window: 07:54 London, opens 08:00 closes 17:00
  BOT_F_nas100_vwap_reversion: NOT ELIGIBLE -- regime TRANSITION is structurally wrong for this bot
  BOT_G_nas100_h4_pullback: NOT ELIGIBLE -- regime TRANSITION is structurally wrong for this bot
  BOT_H_gold_sweep_reclaim: no trade -- no level swept and reclaimed in the last 15 minutes

  CIO: 0 candidate(s); 0 funded, 0.000% total risk

===== cycle 2026-08-19 06:55:01 UTC (host local 2026-08-18 23:55:01) =====
DEMO GATE OK -> 1514166963 FTMO-Demo equity 99430.84
  bar-vs-tick gap 1s (diagnostic only; freshness is decided by clock_state after exits and reconciliation)
PREFLIGHT OK -- account, clock, data, state, ledgers all verified
  CLOCK FEED_FRESH: feed advancing, age in band, host within tolerance
profit -0.51%  daily headroom 5.00%  total headroom 9.49%  trading days 2

  DESK CLOCK 2026-08-19 07:55 London (broker)
  MARKET EURUSD      STRONG_TREND,AT_HTF_LEVEL,RISK_OFF
  MARKET US100.cash  TRANSITION,COMPRESSION,AT_HTF_LEVEL,RISK_OFF
  MARKET US500.cash  WEAK_TREND,COMPRESSION,AT_HTF_LEVEL,RISK_OFF
  MARKET XAUUSD      WEAK_TREND,AT_HTF_LEVEL,RISK_OFF
  BOT_A_gold_0630_breakout: no trade -- no break: bid/ask 4347.69/4348.06 inside [4336.54, 4356.01], needs +7.95 up or -11.15 down
  BOT_B_nas100_usopen_breakout: NOT ELIGIBLE -- regime TRANSITION is structurally wrong for this bot
  BOT_C_sp500_london_breakout: no trade -- outside window: 07:55 London, opens 08:00 closes 16:30
  BOT_D_gold_ny_breakout: no trade -- outside window: 07:55 London, opens 14:30 closes 20:00
  BOT_E_eurusd_london_breakout: no trade -- outside window: 07:55 London, opens 08:00 closes 17:00
  BOT_F_nas100_vwap_reversion: NOT ELIGIBLE -- regime TRANSITION is structurally wrong for this bot
  BOT_G_nas100_h4_pullback: NOT ELIGIBLE -- regime TRANSITION is structurally wrong for this bot
  BOT_H_gold_sweep_reclaim: no trade -- no level swept and reclaimed in the last 15 minutes

  CIO: 0 candidate(s); 0 funded, 0.000% total risk

===== cycle 2026-08-19 06:56:01 UTC (host local 2026-08-18 23:56:01) =====
DEMO GATE OK -> 1514166963 FTMO-Demo equity 99430.84
  bar-vs-tick gap 2s (diagnostic only; freshness is decided by clock_state after exits and reconciliation)
PREFLIGHT OK -- account, clock, data, state, ledgers all verified
  CLOCK FEED_FRESH: feed advancing, age in band, host within tolerance
profit -0.51%  daily headroom 5.00%  total headroom 9.49%  trading days 2

  DESK CLOCK 2026-08-19 07:56 London (broker)
  MARKET EURUSD      STRONG_TREND,AT_HTF_LEVEL,RISK_ON
  MARKET US100.cash  TRANSITION,COMPRESSION,AT_HTF_LEVEL,RISK_ON
  MARKET US500.cash  WEAK_TREND,COMPRESSION,AT_HTF_LEVEL,RISK_OFF
  MARKET XAUUSD      WEAK_TREND,AT_HTF_LEVEL,RISK_OFF
  BOT_A_gold_0630_breakout: no trade -- no break: bid/ask 4348.37/4348.76 inside [4336.54, 4356.01], needs +7.25 up or -11.83 down
  BOT_B_nas100_usopen_breakout: NOT ELIGIBLE -- regime TRANSITION is structurally wrong for this bot
  BOT_C_sp500_london_breakout: no trade -- outside window: 07:56 London, opens 08:00 closes 16:30
  BOT_D_gold_ny_breakout: no trade -- outside window: 07:56 London, opens 14:30 closes 20:00
  BOT_E_eurusd_london_breakout: no trade -- outside window: 07:56 London, opens 08:00 closes 17:00
  BOT_F_nas100_vwap_reversion: NOT ELIGIBLE -- regime TRANSITION is structurally wrong for this bot
  BOT_G_nas100_h4_pullback: NOT ELIGIBLE -- regime TRANSITION is structurally wrong for this bot
  BOT_H_gold_sweep_reclaim: no trade -- no level swept and reclaimed in the last 15 minutes

  CIO: 0 candidate(s); 0 funded, 0.000% total risk

===== cycle 2026-08-19 06:57:01 UTC (host local 2026-08-18 23:57:01) =====
DEMO GATE OK -> 1514166963 FTMO-Demo equity 99430.84
  bar-vs-tick gap 1s (diagnostic only; freshness is decided by clock_state after exits and reconciliation)
PREFLIGHT OK -- account, clock, data, state, ledgers all verified
  CLOCK FEED_FRESH: feed advancing, age in band, host within tolerance
profit -0.51%  daily headroom 5.00%  total headroom 9.49%  trading days 2

  DESK CLOCK 2026-08-19 07:57 London (broker)
  MARKET EURUSD      STRONG_TREND,AT_HTF_LEVEL,RISK_ON
  MARKET US100.cash  TRANSITION,COMPRESSION,AT_HTF_LEVEL,RISK_ON
  MARKET US500.cash  WEAK_TREND,COMPRESSION,AT_HTF_LEVEL,RISK_OFF
  MARKET XAUUSD      WEAK_TREND,AT_HTF_LEVEL,RISK_OFF
  BOT_A_gold_0630_breakout: no trade -- no break: bid/ask 4347.79/4348.17 inside [4336.54, 4356.01], needs +7.84 up or -11.25 down
  BOT_B_nas100_usopen_breakout: NOT ELIGIBLE -- regime TRANSITION is structurally wrong for this bot
  BOT_C_sp500_london_breakout: no trade -- outside window: 07:57 London, opens 08:00 closes 16:30
  BOT_D_gold_ny_breakout: no trade -- outside window: 07:57 London, opens 14:30 closes 20:00
  BOT_E_eurusd_london_breakout: no trade -- outside window: 07:57 London, opens 08:00 closes 17:00
  BOT_F_nas100_vwap_reversion: NOT ELIGIBLE -- regime TRANSITION is structurally wrong for this bot
  BOT_G_nas100_h4_pullback: NOT ELIGIBLE -- regime TRANSITION is structurally wrong for this bot
  BOT_H_gold_sweep_reclaim: no trade -- no level swept and reclaimed in the last 15 minutes

  CIO: 0 candidate(s); 0 funded, 0.000% total risk

===== cycle 2026-08-19 06:58:01 UTC (host local 2026-08-18 23:58:01) =====
DEMO GATE OK -> 1514166963 FTMO-Demo equity 99430.84
  bar-vs-tick gap 2s (diagnostic only; freshness is decided by clock_state after exits and reconciliation)
PREFLIGHT OK -- account, clock, data, state, ledgers all verified
  CLOCK FEED_FRESH: feed advancing, age in band, host within tolerance
profit -0.51%  daily headroom 5.00%  total headroom 9.49%  trading days 2

  DESK CLOCK 2026-08-19 07:58 London (broker)
  MARKET EURUSD      STRONG_TREND,AT_HTF_LEVEL,RISK_ON
  MARKET US100.cash  TRANSITION,COMPRESSION,AT_HTF_LEVEL,RISK_ON
  MARKET US500.cash  WEAK_TREND,COMPRESSION,AT_HTF_LEVEL,RISK_OFF
  MARKET XAUUSD      WEAK_TREND,AT_HTF_LEVEL,RISK_ON
  BOT_A_gold_0630_breakout: no trade -- no break: bid/ask 4348.17/4348.59 inside [4336.54, 4356.01], needs +7.42 up or -11.63 down
  BOT_B_nas100_usopen_breakout: NOT ELIGIBLE -- regime TRANSITION is structurally wrong for this bot
  BOT_C_sp500_london_breakout: no trade -- outside window: 07:58 London, opens 08:00 closes 16:30
  BOT_D_gold_ny_breakout: no trade -- outside window: 07:58 London, opens 14:30 closes 20:00
  BOT_E_eurusd_london_breakout: no trade -- outside window: 07:58 London, opens 08:00 closes 17:00
  BOT_F_nas100_vwap_reversion: NOT ELIGIBLE -- regime TRANSITION is structurally wrong for this bot
  BOT_G_nas100_h4_pullback: NOT ELIGIBLE -- regime TRANSITION is structurally wrong for this bot
  BOT_H_gold_sweep_reclaim: no trade -- no level swept and reclaimed in the last 15 minutes

  CIO: 0 candidate(s); 0 funded, 0.000% total risk

===== cycle 2026-08-19 06:59:01 UTC (host local 2026-08-18 23:59:01) =====
DEMO GATE OK -> 1514166963 FTMO-Demo equity 99430.84
  bar-vs-tick gap 2s (diagnostic only; freshness is decided by clock_state after exits and reconciliation)
PREFLIGHT OK -- account, clock, data, state, ledgers all verified
  CLOCK FEED_FRESH: feed advancing, age in band, host within tolerance
profit -0.51%  daily headroom 5.00%  total headroom 9.49%  trading days 2

  DESK CLOCK 2026-08-19 07:59 London (broker)
  MARKET EURUSD      STRONG_TREND,AT_HTF_LEVEL,RISK_ON
  MARKET US100.cash  TRANSITION,COMPRESSION,AT_HTF_LEVEL,RISK_ON
  MARKET US500.cash  WEAK_TREND,COMPRESSION,AT_HTF_LEVEL,RISK_ON
  MARKET XAUUSD      WEAK_TREND,AT_HTF_LEVEL,RISK_ON
  BOT_A_gold_0630_breakout: no trade -- no break: bid/ask 4348.27/4348.67 inside [4336.54, 4356.01], needs +7.34 up or -11.73 down
  BOT_B_nas100_usopen_breakout: NOT ELIGIBLE -- regime TRANSITION is structurally wrong for this bot
  BOT_C_sp500_london_breakout: no trade -- outside window: 07:59 London, opens 08:00 closes 16:30
  BOT_D_gold_ny_breakout: no trade -- outside window: 07:59 London, opens 14:30 closes 20:00
  BOT_E_eurusd_london_breakout: no trade -- outside window: 07:59 London, opens 08:00 closes 17:00
  BOT_F_nas100_vwap_reversion: NOT ELIGIBLE -- regime TRANSITION is structurally wrong for this bot
  BOT_G_nas100_h4_pullback: NOT ELIGIBLE -- regime TRANSITION is structurally wrong for this bot
  BOT_H_gold_sweep_reclaim: no trade -- no level swept and reclaimed in the last 15 minutes

  CIO: 0 candidate(s); 0 funded, 0.000% total risk

===== cycle 2026-08-19 07:00:01 UTC (host local 2026-08-19 00:00:01) =====
DEMO GATE OK -> 1514166963 FTMO-Demo equity 99430.84
  bar-vs-tick gap 2s (diagnostic only; freshness is decided by clock_state after exits and reconciliation)
PREFLIGHT OK -- account, clock, data, state, ledgers all verified
  CLOCK FEED_FRESH: feed advancing, age in band, host within tolerance
profit -0.51%  daily headroom 5.00%  total headroom 9.49%  trading days 2

  DESK CLOCK 2026-08-19 08:00 London (broker)
  MARKET EURUSD      STRONG_TREND,AT_HTF_LEVEL,RISK_ON
  MARKET US100.cash  TRANSITION,COMPRESSION,AT_HTF_LEVEL,RISK_ON
  MARKET US500.cash  WEAK_TREND,COMPRESSION,AT_HTF_LEVEL,RISK_OFF
  MARKET XAUUSD      WEAK_TREND,AT_HTF_LEVEL,RISK_ON
  BOT_A_gold_0630_breakout: no trade -- no break: bid/ask 4349.23/4349.63 inside [4336.54, 4356.01], needs +6.38 up or -12.69 down
  BOT_B_nas100_usopen_breakout: NOT ELIGIBLE -- regime TRANSITION is structurally wrong for this bot
  BOT_C_sp500_london_breakout: no trade -- no break: bid/ask 7693.20/7693.80 inside [7677.90, 7694.40], needs +0.60 up or -15.30 down
  BOT_D_gold_ny_breakout: no trade -- outside window: 08:00 London, opens 14:30 closes 20:00
  BOT_E_eurusd_london_breakout: no trade -- no break: bid/ask 1.16/1.16 inside [1.16, 1.16], needs +0.00 up or -0.00 down
  BOT_F_nas100_vwap_reversion: NOT ELIGIBLE -- regime TRANSITION is structurally wrong for this bot
  BOT_G_nas100_h4_pullback: NOT ELIGIBLE -- regime TRANSITION is structurally wrong for this bot
  BOT_H_gold_sweep_reclaim: no trade -- no level swept and reclaimed in the last 15 minutes

  CIO: 0 candidate(s); 0 funded, 0.000% total risk

===== cycle 2026-08-19 07:01:01 UTC (host local 2026-08-19 00:01:01) =====
DEMO GATE OK -> 1514166963 FTMO-Demo equity 99430.84
  bar-vs-tick gap 2s (diagnostic only; freshness is decided by clock_state after exits and reconciliation)
PREFLIGHT OK -- account, clock, data, state, ledgers all verified
  CLOCK FEED_FRESH: feed advancing, age in band, host within tolerance
profit -0.51%  daily headroom 5.00%  total headroom 9.49%  trading days 2

  DESK CLOCK 2026-08-19 08:01 London (broker)
  MARKET EURUSD      STRONG_TREND,AT_HTF_LEVEL,RISK_OFF
  MARKET US100.cash  TRANSITION,COMPRESSION,AT_HTF_LEVEL,RISK_OFF
  MARKET US500.cash  WEAK_TREND,COMPRESSION,AT_HTF_LEVEL,RISK_OFF
  MARKET XAUUSD      WEAK_TREND,AT_HTF_LEVEL,RISK_OFF
  BOT_A_gold_0630_breakout: no trade -- no break: bid/ask 4349.69/4350.14 inside [4336.54, 4356.01], needs +5.87 up or -13.15 down
  BOT_B_nas100_usopen_breakout: NOT ELIGIBLE -- regime TRANSITION is structurally wrong for this bot
  BOT_C_sp500_london_breakout: no trade -- no break: bid/ask 7689.80/7690.40 inside [7677.90, 7694.40], needs +4.00 up or -11.90 down
  BOT_D_gold_ny_breakout: no trade -- outside window: 08:01 London, opens 14:30 closes 20:00
  BOT_E_eurusd_london_breakout: no trade -- no break: bid/ask 1.16/1.16 inside [1.16, 1.16], needs +0.00 up or -0.00 down
  BOT_F_nas100_vwap_reversion: NOT ELIGIBLE -- regime TRANSITION is structurally wrong for this bot
  BOT_G_nas100_h4_pullback: NOT ELIGIBLE -- regime TRANSITION is structurally wrong for this bot
  BOT_H_gold_sweep_reclaim: no trade -- no level swept and reclaimed in the last 15 minutes

  CIO: 0 candidate(s); 0 funded, 0.000% total risk

===== cycle 2026-08-19 07:02:01 UTC (host local 2026-08-19 00:02:01) =====
DEMO GATE OK -> 1514166963 FTMO-Demo equity 99430.84
  bar-vs-tick gap 2s (diagnostic only; freshness is decided by clock_state after exits and reconciliation)
PREFLIGHT OK -- account, clock, data, state, ledgers all verified
  CLOCK FEED_FRESH: feed advancing, age in band, host within tolerance
profit -0.51%  daily headroom 5.00%  total headroom 9.49%  trading days 2

  DESK CLOCK 2026-08-19 08:02 London (broker)
  MARKET EURUSD      STRONG_TREND,AT_HTF_LEVEL,RISK_OFF
  MARKET US100.cash  TRANSITION,COMPRESSION,AT_HTF_LEVEL,RISK_OFF
  MARKET US500.cash  WEAK_TREND,COMPRESSION,AT_HTF_LEVEL,RISK_OFF
  MARKET XAUUSD      WEAK_TREND,AT_HTF_LEVEL,RISK_OFF
  BOT_A_gold_0630_breakout: no trade -- no break: bid/ask 4349.57/4350.02 inside [4336.54, 4356.01], needs +5.99 up or -13.03 down
  BOT_B_nas100_usopen_breakout: NOT ELIGIBLE -- regime TRANSITION is structurally wrong for this bot
  BOT_C_sp500_london_breakout: no trade -- no break: bid/ask 7691.70/7692.30 inside [7677.90, 7694.40], needs +2.10 up or -13.80 down
  BOT_D_gold_ny_breakout: no trade -- outside window: 08:02 London, opens 14:30 closes 20:00
  BOT_E_eurusd_london_breakout: no trade -- no break: bid/ask 1.16/1.16 inside [1.16, 1.16], needs +0.00 up or -0.00 down
  BOT_F_nas100_vwap_reversion: NOT ELIGIBLE -- regime TRANSITION is structurally wrong for this bot
  BOT_G_nas100_h4_pullback: NOT ELIGIBLE -- regime TRANSITION is structurally wrong for this bot
  BOT_H_gold_sweep_reclaim: no trade -- no level swept and reclaimed in the last 15 minutes

  CIO: 0 candidate(s); 0 funded, 0.000% total risk

===== cycle 2026-08-19 07:03:01 UTC (host local 2026-08-19 00:03:01) =====
DEMO GATE OK -> 1514166963 FTMO-Demo equity 99430.84
  bar-vs-tick gap 2s (diagnostic only; freshness is decided by clock_state after exits and reconciliation)
PREFLIGHT OK -- account, clock, data, state, ledgers all verified
  CLOCK FEED_FRESH: feed advancing, age in band, host within tolerance
profit -0.51%  daily headroom 5.00%  total headroom 9.49%  trading days 2

  DESK CLOCK 2026-08-19 08:03 London (broker)
  MARKET EURUSD      STRONG_TREND,AT_HTF_LEVEL,RISK_ON
  MARKET US100.cash  TRANSITION,COMPRESSION,AT_HTF_LEVEL,RISK_ON
  MARKET US500.cash  WEAK_TREND,COMPRESSION,AT_HTF_LEVEL,RISK_OFF
  MARKET XAUUSD      WEAK_TREND,AT_HTF_LEVEL,RISK_OFF
  BOT_A_gold_0630_breakout: no trade -- no break: bid/ask 4350.89/4351.33 inside [4336.54, 4356.01], needs +4.68 up or -14.35 down
  BOT_B_nas100_usopen_breakout: NOT ELIGIBLE -- regime TRANSITION is structurally wrong for this bot
  BOT_C_sp500_london_breakout: no trade -- no break: bid/ask 7691.90/7692.50 inside [7677.90, 7694.40], needs +1.90 up or -14.00 down
  BOT_D_gold_ny_breakout: no trade -- outside window: 08:03 London, opens 14:30 closes 20:00
  BOT_E_eurusd_london_breakout: no trade -- no break: bid/ask 1.16/1.16 inside [1.16, 1.16], needs +0.00 up or -0.00 down
  BOT_F_nas100_vwap_reversion: NOT ELIGIBLE -- regime TRANSITION is structurally wrong for this bot
  BOT_G_nas100_h4_pullback: NOT ELIGIBLE -- regime TRANSITION is structurally wrong for this bot
  BOT_H_gold_sweep_reclaim: no trade -- no level swept and reclaimed in the last 15 minutes

  CIO: 0 candidate(s); 0 funded, 0.000% total risk

===== cycle 2026-08-19 07:04:01 UTC (host local 2026-08-19 00:04:01) =====
DEMO GATE OK -> 1514166963 FTMO-Demo equity 99430.84
  bar-vs-tick gap 2s (diagnostic only; freshness is decided by clock_state after exits and reconciliation)
PREFLIGHT OK -- account, clock, data, state, ledgers all verified
  CLOCK FEED_FRESH: feed advancing, age in band, host within tolerance
profit -0.51%  daily headroom 5.00%  total headroom 9.49%  trading days 2

  DESK CLOCK 2026-08-19 08:04 London (broker)
  MARKET EURUSD      STRONG_TREND,AT_HTF_LEVEL,RISK_ON
  MARKET US100.cash  TRANSITION,COMPRESSION,AT_HTF_LEVEL,RISK_ON
  MARKET US500.cash  WEAK_TREND,COMPRESSION,AT_HTF_LEVEL,RISK_OFF
  MARKET XAUUSD      WEAK_TREND,AT_HTF_LEVEL,RISK_OFF
  BOT_A_gold_0630_breakout: no trade -- no break: bid/ask 4350.28/4350.66 inside [4336.54, 4356.01], needs +5.35 up or -13.74 down
  BOT_B_nas100_usopen_breakout: NOT ELIGIBLE -- regime TRANSITION is structurally wrong for this bot
  BOT_C_sp500_london_breakout: no trade -- no break: bid/ask 7691.90/7692.50 inside [7677.90, 7694.40], needs +1.90 up or -14.00 down
  BOT_D_gold_ny_breakout: no trade -- outside window: 08:04 London, opens 14:30 closes 20:00
  BOT_E_eurusd_london_breakout: no trade -- no break: bid/ask 1.16/1.16 inside [1.16, 1.16], needs +0.00 up or -0.00 down
  BOT_F_nas100_vwap_reversion: NOT ELIGIBLE -- regime TRANSITION is structurally wrong for this bot
  BOT_G_nas100_h4_pullback: NOT ELIGIBLE -- regime TRANSITION is structurally wrong for this bot
  BOT_H_gold_sweep_reclaim: no trade -- no level swept and reclaimed in the last 15 minutes

  CIO: 0 candidate(s); 0 funded, 0.000% total risk

===== cycle 2026-08-19 07:05:01 UTC (host local 2026-08-19 00:05:01) =====
DEMO GATE OK -> 1514166963 FTMO-Demo equity 99430.84
  bar-vs-tick gap 2s (diagnostic only; freshness is decided by clock_state after exits and reconciliation)
PREFLIGHT OK -- account, clock, data, state, ledgers all verified
  CLOCK FEED_FRESH: feed advancing, age in band, host within tolerance
profit -0.51%  daily headroom 5.00%  total headroom 9.49%  trading days 2

  DESK CLOCK 2026-08-19 08:05 London (broker)
  MARKET EURUSD      STRONG_TREND,AT_HTF_LEVEL,RISK_OFF
  MARKET US100.cash  TRANSITION,COMPRESSION,AT_HTF_LEVEL,RISK_OFF
  MARKET US500.cash  WEAK_TREND,COMPRESSION,AT_HTF_LEVEL,RISK_OFF
  MARKET XAUUSD      WEAK_TREND,AT_HTF_LEVEL,RISK_OFF
  BOT_A_gold_0630_breakout: no trade -- no break: bid/ask 4348.16/4348.61 inside [4336.54, 4356.01], needs +7.40 up or -11.62 down
  BOT_B_nas100_usopen_breakout: NOT ELIGIBLE -- regime TRANSITION is structurally wrong for this bot
  BOT_C_sp500_london_breakout: no trade -- no break: bid/ask 7690.90/7691.50 inside [7677.90, 7694.40], needs +2.90 up or -13.00 down
  BOT_D_gold_ny_breakout: no trade -- outside window: 08:05 London, opens 14:30 closes 20:00
  BOT_E_eurusd_london_breakout: no trade -- no break: bid/ask 1.16/1.16 inside [1.16, 1.16], needs +0.00 up or -0.00 down
  BOT_F_nas100_vwap_reversion: NOT ELIGIBLE -- regime TRANSITION is structurally wrong for this bot
  BOT_G_nas100_h4_pullback: NOT ELIGIBLE -- regime TRANSITION is structurally wrong for this bot
  BOT_H_gold_sweep_reclaim: no trade -- no level swept and reclaimed in the last 15 minutes

  CIO: 0 candidate(s); 0 funded, 0.000% total risk

===== cycle 2026-08-19 07:06:01 UTC (host local 2026-08-19 00:06:01) =====
DEMO GATE OK -> 1514166963 FTMO-Demo equity 99430.84
  bar-vs-tick gap 2s (diagnostic only; freshness is decided by clock_state after exits and reconciliation)
PREFLIGHT OK -- account, clock, data, state, ledgers all verified
  CLOCK FEED_FRESH: feed advancing, age in band, host within tolerance
profit -0.51%  daily headroom 5.00%  total headroom 9.49%  trading days 2

  DESK CLOCK 2026-08-19 08:06 London (broker)
  MARKET EURUSD      STRONG_TREND,AT_HTF_LEVEL,RISK_OFF
  MARKET US100.cash  TRANSITION,COMPRESSION,AT_HTF_LEVEL,RISK_OFF
  MARKET US500.cash  WEAK_TREND,COMPRESSION,AT_HTF_LEVEL,RISK_OFF
  MARKET XAUUSD      WEAK_TREND,AT_HTF_LEVEL,RISK_OFF
  BOT_A_gold_0630_breakout: no trade -- no break: bid/ask 4348.83/4349.28 inside [4336.54, 4356.01], needs +6.73 up or -12.29 down
  BOT_B_nas100_usopen_breakout: NOT ELIGIBLE -- regime TRANSITION is structurally wrong for this bot
  BOT_C_sp500_london_breakout: no trade -- no break: bid/ask 7690.40/7691.00 inside [7677.90, 7694.40], needs +3.40 up or -12.50 down
  BOT_D_gold_ny_breakout: no trade -- outside window: 08:06 London, opens 14:30 closes 20:00
  BOT_E_eurusd_london_breakout: no trade -- no break: bid/ask 1.16/1.16 inside [1.16, 1.16], needs +0.00 up or -0.00 down
  BOT_F_nas100_vwap_reversion: NOT ELIGIBLE -- regime TRANSITION is structurally wrong for this bot
  BOT_G_nas100_h4_pullback: NOT ELIGIBLE -- regime TRANSITION is structurally wrong for this bot
  BOT_H_gold_sweep_reclaim: no trade -- no level swept and reclaimed in the last 15 minutes

  CIO: 0 candidate(s); 0 funded, 0.000% total risk

===== cycle 2026-08-19 07:07:01 UTC (host local 2026-08-19 00:07:01) =====
DEMO GATE OK -> 1514166963 FTMO-Demo equity 99430.84
  bar-vs-tick gap 2s (diagnostic only; freshness is decided by clock_state after exits and reconciliation)
PREFLIGHT OK -- account, clock, data, state, ledgers all verified
  CLOCK FEED_FRESH: feed advancing, age in band, host within tolerance
profit -0.51%  daily headroom 5.00%  total headroom 9.49%  trading days 2

  DESK CLOCK 2026-08-19 08:07 London (broker)
  MARKET EURUSD      STRONG_TREND,AT_HTF_LEVEL,RISK_OFF
  MARKET US100.cash  TRANSITION,COMPRESSION,AT_HTF_LEVEL,RISK_OFF
  MARKET US500.cash  WEAK_TREND,COMPRESSION,AT_HTF_LEVEL,RISK_OFF
  MARKET XAUUSD      WEAK_TREND,AT_HTF_LEVEL,RISK_OFF
  BOT_A_gold_0630_breakout: no trade -- no break: bid/ask 4348.22/4348.63 inside [4336.54, 4356.01], needs +7.38 up or -11.68 down
  BOT_B_nas100_usopen_breakout: NOT ELIGIBLE -- regime TRANSITION is structurally wrong for this bot
  BOT_C_sp500_london_breakout: no trade -- no break: bid/ask 7689.40/7690.00 inside [7677.90, 7694.40], needs +4.40 up or -11.50 down
  BOT_D_gold_ny_breakout: no trade -- outside window: 08:07 London, opens 14:30 closes 20:00
  BOT_E_eurusd_london_breakout: no trade -- no break: bid/ask 1.16/1.16 inside [1.16, 1.16], needs +0.00 up or -0.00 down
  BOT_F_nas100_vwap_reversion: NOT ELIGIBLE -- regime TRANSITION is structurally wrong for this bot
  BOT_G_nas100_h4_pullback: NOT ELIGIBLE -- regime TRANSITION is structurally wrong for this bot
  BOT_H_gold_sweep_reclaim: no trade -- no level swept and reclaimed in the last 15 minutes

  CIO: 0 candidate(s); 0 funded, 0.000% total risk

===== cycle 2026-08-19 07:08:01 UTC (host local 2026-08-19 00:08:01) =====
DEMO GATE OK -> 1514166963 FTMO-Demo equity 99430.84
  bar-vs-tick gap 2s (diagnostic only; freshness is decided by clock_state after exits and reconciliation)
PREFLIGHT OK -- account, clock, data, state, ledgers all verified
  CLOCK FEED_FRESH: feed advancing, age in band, host within tolerance
profit -0.51%  daily headroom 5.00%  total headroom 9.49%  trading days 2

  DESK CLOCK 2026-08-19 08:08 London (broker)
  MARKET EURUSD      STRONG_TREND,AT_HTF_LEVEL,RISK_OFF
  MARKET US100.cash  TRANSITION,COMPRESSION,AT_HTF_LEVEL,RISK_OFF
  MARKET US500.cash  WEAK_TREND,COMPRESSION,AT_HTF_LEVEL,RISK_OFF
  MARKET XAUUSD      WEAK_TREND,AT_HTF_LEVEL,RISK_OFF
  BOT_A_gold_0630_breakout: no trade -- no break: bid/ask 4350.05/4350.49 inside [4336.54, 4356.01], needs +5.52 up or -13.51 down
  BOT_B_nas100_usopen_breakout: NOT ELIGIBLE -- regime TRANSITION is structurally wrong for this bot
  BOT_C_sp500_london_breakout: no trade -- no break: bid/ask 7691.00/7691.60 inside [7677.90, 7694.40], needs +2.80 up or -13.10 down
  BOT_D_gold_ny_breakout: no trade -- outside window: 08:08 London, opens 14:30 closes 20:00
  BOT_E_eurusd_london_breakout: no trade -- no break: bid/ask 1.16/1.16 inside [1.16, 1.16], needs +0.00 up or -0.00 down
  BOT_F_nas100_vwap_reversion: NOT ELIGIBLE -- regime TRANSITION is structurally wrong for this bot
  BOT_G_nas100_h4_pullback: NOT ELIGIBLE -- regime TRANSITION is structurally wrong for this bot
  BOT_H_gold_sweep_reclaim: no trade -- no level swept and reclaimed in the last 15 minutes

  CIO: 0 candidate(s); 0 funded, 0.000% total risk

===== cycle 2026-08-19 07:09:01 UTC (host local 2026-08-19 00:09:01) =====
DEMO GATE OK -> 1514166963 FTMO-Demo equity 99430.84
  bar-vs-tick gap 2s (diagnostic only; freshness is decided by clock_state after exits and reconciliation)
PREFLIGHT OK -- account, clock, data, state, ledgers all verified
  CLOCK FEED_FRESH: feed advancing, age in band, host within tolerance
profit -0.51%  daily headroom 5.00%  total headroom 9.49%  trading days 2

  DESK CLOCK 2026-08-19 08:09 London (broker)
  MARKET EURUSD      STRONG_TREND,AT_HTF_LEVEL,RISK_OFF
  MARKET US100.cash  TRANSITION,COMPRESSION,AT_HTF_LEVEL,RISK_OFF
  MARKET US500.cash  WEAK_TREND,COMPRESSION,AT_HTF_LEVEL,RISK_OFF
  MARKET XAUUSD      WEAK_TREND,AT_HTF_LEVEL,RISK_OFF
  BOT_A_gold_0630_breakout: no trade -- no break: bid/ask 4351.80/4352.25 inside [4336.54, 4356.01], needs +3.76 up or -15.26 down
  BOT_B_nas100_usopen_breakout: NOT ELIGIBLE -- regime TRANSITION is structurally wrong for this bot
  BOT_C_sp500_london_breakout: no trade -- no break: bid/ask 7691.70/7692.30 inside [7677.90, 7694.40], needs +2.10 up or -13.80 down
  BOT_D_gold_ny_breakout: no trade -- outside window: 08:09 London, opens 14:30 closes 20:00
  BOT_E_eurusd_london_breakout: no trade -- no break: bid/ask 1.16/1.16 inside [1.16, 1.16], needs +0.00 up or -0.00 down
  BOT_F_nas100_vwap_reversion: NOT ELIGIBLE -- regime TRANSITION is structurally wrong for this bot
  BOT_G_nas100_h4_pullback: NOT ELIGIBLE -- regime TRANSITION is structurally wrong for this bot
  BOT_H_gold_sweep_reclaim: no trade -- no level swept and reclaimed in the last 15 minutes

  CIO: 0 candidate(s); 0 funded, 0.000% total risk

===== cycle 2026-08-19 07:10:01 UTC (host local 2026-08-19 00:10:01) =====
DEMO GATE OK -> 1514166963 FTMO-Demo equity 99430.84
  bar-vs-tick gap 2s (diagnostic only; freshness is decided by clock_state after exits and reconciliation)
PREFLIGHT OK -- account, clock, data, state, ledgers all verified
  CLOCK FEED_FRESH: feed advancing, age in band, host within tolerance
profit -0.51%  daily headroom 5.00%  total headroom 9.49%  trading days 2

  DESK CLOCK 2026-08-19 08:10 London (broker)
  MARKET EURUSD      STRONG_TREND,AT_HTF_LEVEL,RISK_ON
  MARKET US100.cash  TRANSITION,COMPRESSION,AT_HTF_LEVEL,RISK_ON
  MARKET US500.cash  WEAK_TREND,COMPRESSION,AT_HTF_LEVEL,RISK_OFF
  MARKET XAUUSD      WEAK_TREND,AT_HTF_LEVEL,RISK_ON
  BOT_A_gold_0630_breakout: no trade -- no break: bid/ask 4352.57/4352.98 inside [4336.54, 4356.01], needs +3.03 up or -16.03 down
  BOT_B_nas100_usopen_breakout: NOT ELIGIBLE -- regime TRANSITION is structurally wrong for this bot
  BOT_C_sp500_london_breakout: no trade -- no break: bid/ask 7692.70/7693.30 inside [7677.90, 7694.40], needs +1.10 up or -14.80 down
  BOT_D_gold_ny_breakout: no trade -- outside window: 08:10 London, opens 14:30 closes 20:00
  BOT_E_eurusd_london_breakout: no trade -- no break: bid/ask 1.16/1.16 inside [1.16, 1.16], needs +0.00 up or -0.00 down
  BOT_F_nas100_vwap_reversion: NOT ELIGIBLE -- regime TRANSITION is structurally wrong for this bot
  BOT_G_nas100_h4_pullback: NOT ELIGIBLE -- regime TRANSITION is structurally wrong for this bot
  BOT_H_gold_sweep_reclaim: no trade -- no level swept and reclaimed in the last 15 minutes

  CIO: 0 candidate(s); 0 funded, 0.000% total risk

===== cycle 2026-08-19 07:11:01 UTC (host local 2026-08-19 00:11:01) =====
DEMO GATE OK -> 1514166963 FTMO-Demo equity 99430.84
  bar-vs-tick gap 2s (diagnostic only; freshness is decided by clock_state after exits and reconciliation)
PREFLIGHT OK -- account, clock, data, state, ledgers all verified
  CLOCK FEED_FRESH: feed advancing, age in band, host within tolerance
profit -0.51%  daily headroom 5.00%  total headroom 9.49%  trading days 2

  DESK CLOCK 2026-08-19 08:11 London (broker)
  MARKET EURUSD      STRONG_TREND,AT_HTF_LEVEL,RISK_ON
  MARKET US100.cash  TRANSITION,COMPRESSION,AT_HTF_LEVEL,RISK_ON
  MARKET US500.cash  WEAK_TREND,COMPRESSION,AT_HTF_LEVEL,RISK_ON
  MARKET XAUUSD      WEAK_TREND,AT_HTF_LEVEL,RISK_ON
  BOT_A_gold_0630_breakout: no trade -- no break: bid/ask 4352.35/4352.74 inside [4336.54, 4356.01], needs +3.27 up or -15.81 down
  BOT_B_nas100_usopen_breakout: NOT ELIGIBLE -- regime TRANSITION is structurally wrong for this bot
  BOT_C_sp500_london_breakout: no trade -- no break: bid/ask 7693.20/7693.80 inside [7677.90, 7694.40], needs +0.60 up or -15.30 down
  BOT_D_gold_ny_breakout: no trade -- outside window: 08:11 London, opens 14:30 closes 20:00
  BOT_E_eurusd_london_breakout: no trade -- no break: bid/ask 1.16/1.16 inside [1.16, 1.16], needs +0.00 up or -0.00 down
  BOT_F_nas100_vwap_reversion: NOT ELIGIBLE -- regime TRANSITION is structurally wrong for this bot
  BOT_G_nas100_h4_pullback: NOT ELIGIBLE -- regime TRANSITION is structurally wrong for this bot
  BOT_H_gold_sweep_reclaim: no trade -- no level swept and reclaimed in the last 15 minutes

  CIO: 0 candidate(s); 0 funded, 0.000% total risk

===== cycle 2026-08-19 07:12:01 UTC (host local 2026-08-19 00:12:01) =====
DEMO GATE OK -> 1514166963 FTMO-Demo equity 99430.84
  bar-vs-tick gap 2s (diagnostic only; freshness is decided by clock_state after exits and reconciliation)
PREFLIGHT OK -- account, clock, data, state, ledgers all verified
  CLOCK FEED_FRESH: feed advancing, age in band, host within tolerance
profit -0.51%  daily headroom 5.00%  total headroom 9.49%  trading days 2

  DESK CLOCK 2026-08-19 08:12 London (broker)
  MARKET EURUSD      STRONG_TREND,AT_HTF_LEVEL,RISK_ON
  MARKET US100.cash  TRANSITION,COMPRESSION,AT_HTF_LEVEL,RISK_ON
  MARKET US500.cash  WEAK_TREND,COMPRESSION,AT_HTF_LEVEL,RISK_OFF
  MARKET XAUUSD      WEAK_TREND,AT_HTF_LEVEL,RISK_OFF
  BOT_A_gold_0630_breakout: no trade -- no break: bid/ask 4351.60/4351.98 inside [4336.54, 4356.01], needs +4.03 up or -15.06 down
  BOT_B_nas100_usopen_breakout: NOT ELIGIBLE -- regime TRANSITION is structurally wrong for this bot
  BOT_C_sp500_london_breakout: no trade -- no break: bid/ask 7693.20/7693.80 inside [7677.90, 7694.40], needs +0.60 up or -15.30 down
  BOT_D_gold_ny_breakout: no trade -- outside window: 08:12 London, opens 14:30 closes 20:00
  BOT_E_eurusd_london_breakout: no trade -- no break: bid/ask 1.16/1.16 inside [1.16, 1.16], needs +0.00 up or -0.00 down
  BOT_F_nas100_vwap_reversion: NOT ELIGIBLE -- regime TRANSITION is structurally wrong for this bot
  BOT_G_nas100_h4_pullback: NOT ELIGIBLE -- regime TRANSITION is structurally wrong for this bot
  BOT_H_gold_sweep_reclaim: no trade -- no level swept and reclaimed in the last 15 minutes

  CIO: 0 candidate(s); 0 funded, 0.000% total risk

===== cycle 2026-08-19 07:13:01 UTC (host local 2026-08-19 00:13:01) =====
DEMO GATE OK -> 1514166963 FTMO-Demo equity 99430.84
  bar-vs-tick gap 2s (diagnostic only; freshness is decided by clock_state after exits and reconciliation)
PREFLIGHT OK -- account, clock, data, state, ledgers all verified
  CLOCK FEED_FRESH: feed advancing, age in band, host within tolerance
profit -0.51%  daily headroom 5.00%  total headroom 9.49%  trading days 2

  DESK CLOCK 2026-08-19 08:13 London (broker)
  MARKET EURUSD      STRONG_TREND,AT_HTF_LEVEL,RISK_ON
  MARKET US100.cash  TRANSITION,COMPRESSION,AT_HTF_LEVEL,RISK_ON
  MARKET US500.cash  WEAK_TREND,COMPRESSION,AT_HTF_LEVEL,RISK_ON
  MARKET XAUUSD      WEAK_TREND,AT_HTF_LEVEL,RISK_ON
  BOT_A_gold_0630_breakout: no trade -- no break: bid/ask 4351.51/4351.88 inside [4336.54, 4356.01], needs +4.13 up or -14.97 down
  BOT_B_nas100_usopen_breakout: NOT ELIGIBLE -- regime TRANSITION is structurally wrong for this bot
  BOT_C_sp500_london_breakout: no trade -- stop 8.25 too tight vs spread 0.60 (need 30.0x) -- costs would dominate
  BOT_D_gold_ny_breakout: no trade -- outside window: 08:13 London, opens 14:30 closes 20:00
  BOT_E_eurusd_london_breakout: no trade -- no break: bid/ask 1.16/1.16 inside [1.16, 1.16], needs +0.00 up or -0.00 down
  BOT_F_nas100_vwap_reversion: NOT ELIGIBLE -- regime TRANSITION is structurally wrong for this bot
  BOT_G_nas100_h4_pullback: NOT ELIGIBLE -- regime TRANSITION is structurally wrong for this bot
  BOT_H_gold_sweep_reclaim: no trade -- no level swept and reclaimed in the last 15 minutes

  CIO: 0 candidate(s); 0 funded, 0.000% total risk

===== cycle 2026-08-19 07:14:01 UTC (host local 2026-08-19 00:14:01) =====
DEMO GATE OK -> 1514166963 FTMO-Demo equity 99430.84
  bar-vs-tick gap 2s (diagnostic only; freshness is decided by clock_state after exits and reconciliation)
PREFLIGHT OK -- account, clock, data, state, ledgers all verified
  CLOCK FEED_FRESH: feed advancing, age in band, host within tolerance
profit -0.51%  daily headroom 5.00%  total headroom 9.49%  trading days 2

  DESK CLOCK 2026-08-19 08:14 London (broker)
  MARKET EURUSD      STRONG_TREND,AT_HTF_LEVEL,RISK_ON
  MARKET US100.cash  TRANSITION,COMPRESSION,AT_HTF_LEVEL,RISK_ON
  MARKET US500.cash  WEAK_TREND,COMPRESSION,AT_HTF_LEVEL,RISK_ON
  MARKET XAUUSD      WEAK_TREND,AT_HTF_LEVEL,RISK_ON
  BOT_A_gold_0630_breakout: no trade -- no break: bid/ask 4349.87/4350.24 inside [4336.54, 4356.01], needs +5.77 up or -13.33 down
  BOT_B_nas100_usopen_breakout: NOT ELIGIBLE -- regime TRANSITION is structurally wrong for this bot
  BOT_C_sp500_london_breakout: no trade -- no break: bid/ask 7693.70/7694.30 inside [7677.90, 7694.40], needs +0.10 up or -15.80 down
  BOT_D_gold_ny_breakout: no trade -- outside window: 08:14 London, opens 14:30 closes 20:00
  BOT_E_eurusd_london_breakout: no trade -- no break: bid/ask 1.16/1.16 inside [1.16, 1.16], needs +0.00 up or -0.00 down
  BOT_F_nas100_vwap_reversion: NOT ELIGIBLE -- regime TRANSITION is structurally wrong for this bot
  BOT_G_nas100_h4_pullback: NOT ELIGIBLE -- regime TRANSITION is structurally wrong for this bot
  BOT_H_gold_sweep_reclaim: no trade -- no level swept and reclaimed in the last 15 minutes

  CIO: 0 candidate(s); 0 funded, 0.000% total risk

===== cycle 2026-08-19 07:15:01 UTC (host local 2026-08-19 00:15:01) =====
DEMO GATE OK -> 1514166963 FTMO-Demo equity 99430.84
  bar-vs-tick gap 2s (diagnostic only; freshness is decided by clock_state after exits and reconciliation)
PREFLIGHT OK -- account, clock, data, state, ledgers all verified
  CLOCK FEED_FRESH: feed advancing, age in band, host within tolerance
profit -0.51%  daily headroom 5.00%  total headroom 9.49%  trading days 2

  DESK CLOCK 2026-08-19 08:15 London (broker)
  MARKET EURUSD      STRONG_TREND,AT_HTF_LEVEL,RISK_ON
  MARKET US100.cash  TRANSITION,COMPRESSION,AT_HTF_LEVEL,RISK_ON
  MARKET US500.cash  WEAK_TREND,COMPRESSION,AT_HTF_LEVEL,RISK_ON
  MARKET XAUUSD      WEAK_TREND,AT_HTF_LEVEL,RISK_ON
  BOT_A_gold_0630_breakout: no trade -- no break: bid/ask 4349.93/4350.34 inside [4336.54, 4356.01], needs +5.67 up or -13.39 down
  BOT_B_nas100_usopen_breakout: NOT ELIGIBLE -- regime TRANSITION is structurally wrong for this bot
  BOT_C_sp500_london_breakout: no trade -- first break already happened at 08:14 (1m ago) -- not chasing a re-test
  BOT_D_gold_ny_breakout: no trade -- outside window: 08:15 London, opens 14:30 closes 20:00
  BOT_E_eurusd_london_breakout: no trade -- no break: bid/ask 1.16/1.16 inside [1.16, 1.16], needs +0.00 up or -0.00 down
  BOT_F_nas100_vwap_reversion: NOT ELIGIBLE -- regime TRANSITION is structurally wrong for this bot
  BOT_G_nas100_h4_pullback: NOT ELIGIBLE -- regime TRANSITION is structurally wrong for this bot
  BOT_H_gold_sweep_reclaim: no trade -- no level swept and reclaimed in the last 15 minutes

  CIO: 0 candidate(s); 0 funded, 0.000% total risk
